:020000040800F2
:1000000000000220E9880108A5B90008A9B9000884
:10001000C5BA0008C9BA0008CDBA0008000000003F
:10002000000000000000000000000000D1BA00083D
:10003000D5BA000800000000D9BA0008C17900084C
:100040003D8901083D8901083D8901083D89010874
:100050003D8901083D8901083D8901083D89010864
:100060003D8901083D8901083D8901083D89010854
:100070003D8901083D8901083D8901083D89010844
:100080003D8901083D8901083D890108ED85000889
:100090003D8901083D8901083D8901083D89010824
:1000A0003D8901083D8901083D8901083D89010814
:1000B0003D8901083D8901083D8901083D89010804
:1000C0003D8901083D8901083D8901083D890108F4
:1000D0003D8901083D8901083D890108B580000876
:1000E0003D8901083D890108000000003D890108A3
:1000F0003D8901083D8901083D8901083D890108C4
:100100003D8901083D8901083D8901083D890108B3
:100110003D8901083D8901083D8901083D890108A3
:100120003D8901083D8901083D8901083D89010893
:100130003D8901083D8901083D8901083D89010883
:1001400000000000000000000000000000000000AF
:100150003D8901083D8901083D8901083D89010863
:100160003D8901083D8901083D8901083D89010853
:100170003D8901083D8901083D8901083D89010843
:100180003D8901083D8901083D8901083D89010833
:100190003D8901083D8901083D8901083D89010823
:1001A0003D8901083D8901083D8901083D89010813
:1001B0003D8901083D8901083D8901083D89010803
:1001C0003D8901083D8901083D8901083D890108F3
:1001D0003D8901083D8901083D8901083D890108E3
:1001E0003D8901083D8901083D8901083D890108D3
:1001F0003D8901083D8901083D8901083D890108C3
:100200003D8901083D8901083D8901083D890108B2
:100210003D8901083D8901083D8901083D890108A2
:100220003D8901083D8901083D8901080000000061
:100230003D8901083D890108000000003D89010851
:100240003D8901083D8901083D8901083D89010872
:100250003D8901083D8901083D8901083D89010862
:100260003D8901083D8901083D8901083D89010852
:100270003D8901083D8901083D8901080000000011
:100280003D8901083D8901083D8901080000000001
:08029000000000003D89010897
:1002C0000348044B834202D0034B03B118477047E5
:1002D000F0010020F0010020000000000548064B5E
:1002E0001B1AD90F01EBA301491002D0034B03B134
:1002F00018477047F0010020F001002000000000C6
:1003000010B5064C237843B9FFF7DAFF044B13B15D
:100310000448AFF300800123237010BDF0010020DA
:10032000000000004089010808B5044B1BB10449D6
:100330000448AFF30080BDE80840CFE700000000AC
:10034000F4010020408901080CB410B59CB01EAB2C
:10035000029106916FF0004104910791084953F80A
:10036000042B0591002402A901931B9401F0A6FD22
:10037000029B1C701CB0BDE8104002B0704700BF6B
:100380000802FFFF0EB430B59CB06FF000411FAB08
:10039000049107910A4953F8042B02900024069017
:1003A000084D0868019302A905951B9401F086FD8C
:1003B000029B1C701CB0BDE8304003B0704700BF0A
:1003C000000000200802FFFF01292DE9F0415BD960
:1003D0004FF00108C64600244FF0FF35434608E0C1
:1003E000A3EB05081C464FF0010E04EB0E039942E7
:1003F00010D900EB050CC75C1CF80E60B742EFD3B8
:1004000032D04FF001082546C646444404EB0E03A3
:100410009942EED80127C2F80080BE4600244FF072
:10042000FF363B4607E09F1B1C464FF0010E04EBD6
:100430000E03994210D900EB060C10F803801CF84B
:100440000EC0E045EFD817D001272646BE463C44F3
:1004500004EB0E039942EED80136681C864201D3A4
:1004600017603046BDE8F081C6450ABF74440EF1FE
:10047000010E4FF0010EB8E7BE450ABF74440EF1FD
:10048000010E4FF0010ED2E701270026E8E700BF7A
:100490002DE9F04F174687B005AA804689463846B1
:1004A00019461C46FFF790FF059B029382460246C1
:1004B000F918384605F0B0F800285FD144F400631D
:1004C0000193029BE31A06460546A9EB0401039338
:1004D000CAF1010BA9421BD35645334638BF5346D8
:1004E0009C4223D9581EEA183844424402E00133A2
:1004F0009C421BD012F801CB10F801EFE645F6D074
:100500009C4213D95D441D44A9424FF00006E3D23A
:10051000019908EB090005F0ADF88144A9EB04014D
:10052000A942D9D2002007B0BDE8F08F56450AF1A4
:10053000FF336FD205EB0A02424407EB0A00009535
:1005400002E09E4211D0734610F801CD12F8015D11
:10055000AC4503F1FF3EF4D0009D013301369E42CD
:1005600007D8029B039E1D44B4E701369E42009DBE
:10057000F7D908EB050007B0BDE8F08FA4EB0A033C
:10058000534538BF534601330193059344F4006348
:100590000025A9EB040100930AF1FF36CAF1010B13
:1005A000A94216D3544520D905EB0A024244B81992
:1005B000534602E001339C4217D012F801CB10F8E9
:1005C00001EFE645F6D09C420FD95D441D44A94297
:1005D000E8D2009908EB090005F04CF88144A9EB3A
:1005E0000401A9429ED35445DED8BAF1000FC0D011
:1005F00005EB0A00404407EB0A0201E0BB42B8D019
:1006000012F801ED10F801CDE6451346F6D0019B36
:100610001D44C5E75346A1E72DE9F04F9346ADF2DF
:100620001C4D05AA80468A46584619461C46FFF7C7
:10063000CBFE134681460DF2144243F8044F934219
:10064000FBD16CB1601E58440BF1FF3206AD12F8BD
:10065000011FA31A013B5B44824245F82130F6D1C9
:10066000059B01934A460BEB0301584604F0D4FF67
:10067000002878D144F4006307460546AAEB040E2F
:100680000293661EAE4511D308EB050C06AA1CF8B2
:10069000063052F82330C3B11FB1019A9A4288BF85
:1006A000A31A1D44AE454FF00007EDD208EB0A0037
:1006B000029904F0DFFF8244AAEB040EAE45E3D2B8
:1006C00000200DF21C4DBDE8F08F4F453B4638BF72
:1006D0004B469E4218D9591EEA1859444244009587
:1006E00002E001339E420ED012F8010B11F8015FB7
:1006F0008542F6D09E42009D06D9C9F101022A44E6
:10070000D5180027BEE7009D4F4509F1FF3380F063
:10071000818005EB090242440BEB09010095CDF8FD
:100720000C9002E09F4213D04B4611F8015D12F885
:10073000010D854203F1FF39F4D0009DDDF80C90E6
:10074000013301379F4209D8019B1D44E71A99E7FD
:1007500001379F42009DDDF80C90F5D960460DF2FF
:100760001C4DBDE8F08FA4EB09034B4538BF4B4649
:1007700001330193059344F400630025AAEB040EB2
:100780000093661EAE4509D308EB050006AA835DFB
:1007900052F823306BB11D44AE45F5D208EB0A0088
:1007A000009904F067FF8244AAEB040EAE45EBD239
:1007B00086E7B14517D209F1FF3105EB090259442B
:1007C00042444B4602E00133B3420CD012F8017BA5
:1007D00011F801CFBC45F6D09E4204D9C9F10102FF
:1007E0002A44D518CEE7B9F1000F3FF46AAF05EB04
:1007F000090141440BEB090202E05B453FF461AFA4
:1008000012F801CD11F8017DBC451346F5D0019BCE
:100810001D44C1E74B4694E72DE9F0410D460978A8
:1008200090B00446002954D06A78002A00F08280F3
:10083000AB78002B51D0E8782E68002800F081803A
:100840002B79002B56D0284602F07AF8064640F461
:100850000071204604F00EFF86425AD8FE2E00F2A8
:100860008880801B27184022711C684602F0D4F84B
:100870007EB16A1E5FFA86FC901912F8013F03F000
:100880003F0340336B44A91A6144904203F8401C73
:10089000F3D1013CA35D03F03F0340336B4413F8F5
:1008A000403C1C44A74203D238E04444A74235D31D
:1008B00014F806C00CF03F0C0CF140030DEB030CD8
:1008C0003246294620461CF8408C04F0A5FE00283C
:1008D000EBD1204610B0BDE8F081007842EA014239
:1008E000B8B140EA03439A42214614F8010FF7D108
:1008F0004C1EEEE7227862B131BA01E08B421ED085
:1009000042EA0323204614F8012F002AF6D18B4235
:1009100015D00024204610B0BDE8F081BB5DB819A9
:10092000002BF6D04FF4006104F0A4FE0744A74268
:10093000AFD2EEE710B0BDE8F04100F0A3B8C41E9E
:10094000C7E7120442EA0162217842EA0323002940
:10095000DFD0024601E00029DBD041EA0200B3EB20
:10096000002F25464FEA002214F8011FF3D1AC1ED8
:10097000AFE7014633462A46204610B0BDE8F041B5
:100980004AE600BF0000000038B5124B1D682A6B14
:1009900004461AB10023C2E9044338BD182003F00D
:1009A00001FE0246286378B101200021C2E904015A
:1009B000094B0A480A499160C2E900030B2393815D
:1009C0000023C2E9044338BD064B0748462100F026
:1009D000C1F800BF0000002034126DE60E33CDAB2D
:1009E000ECDE0500F0DE010808DF01081C4B10B545
:1009F0001C68226B8AB113691A4954691A4803FBAF
:100A000001F100FB0411A3FB0030013341EB0001B5
:100A1000C2E9043121F0004010BD182003F0C2FDEE
:100A20000246206388B1114C114B0E481149916068
:100A30009FED097BC2E900430B2393810E4B0146D6
:100A400082ED047BC2E9043110BD0C4B0C485221ED
:100A500000F080F8AFF3008001000000000000000B
:100A6000000000202DF451582D7F954C0E33CDAB56
:100A700034126DE6ECDE05002E7F954CF0DE0108A9
:100A800008DF010811F0FF01034600F0030239D02E
:100A90008ABB026810B501EB012E0EEB0E4E8EEAFA
:100AA0000204A2F1013323EA0203A4F1013222EA93
:100AB0000402134313F0803F0FD150F8044F84EA2F
:100AC0000E0CA4F10133ACF1013223EA040322EA53
:100AD0000C02134313F0803FEFD0037823B936E0C4
:100AE00010F8013F002B32D09942F9D110BD8A4253
:100AF00028D09A0729D01A7818460133002AF6D14F
:100B000010467047CAB90268A2F1013323EA020312
:100B100013F0803F08D150F8042FA2F1013323EAEB
:100B2000020313F0803FF6D003785BB110F8013F69
:100B3000002BFBD17047990705D0184613F8012BFD
:100B4000002AF8D170471846DDE71846A1E7184695
:100B500010BD00BF00B50B4C25681446EE681A4660
:100B600085B003460D464CB107490095CDE9011407
:100B70003046064903F0AAFF01F0CEFE04490C46B8
:100B8000F3E700BF0000002034DF010844DF010864
:100B900004A5010808B513460022FFF7DBFF00BFDC
:100BA00010B51C4C002924689AB02DDB00900490ED
:100BB0004FF40270ADF80C004FF00000199013D004
:100BC00001394FF6FF7002910591ADF80E006946AC
:100BD000204601F073F9421C01DA8B232360009B4D
:100BE00000221A701AB010BD4FF6FF7002910591E5
:100BF000ADF80E006946204601F060F9431C01DAA9
:100C00008B2323601AB010BD8B2323604FF0FF307D
:100C1000F8E700BF0000002030B51446002C9BB060
:100C200005462EDB1A464FF40273ADF80C304FF038
:100C3000000300910491199313D04FF6FF73013C08
:100C4000ADF80E3069461E9B0294059401F036F90A
:100C5000421C01DA8B232B60009B00221A701BB010
:100C600030BD4FF6FF73ADF80E3069461E9B0294FF
:100C7000059401F023F9431C01DA8B232B601BB090
:100C800030BD8B2303604FF0FF30F8E70000000019
:100C90002DE9F04F2DED0A8B97B089460021924641
:100CA000129100220021CDE904128046494611919B
:100CB0000F4611F8012B2D2A5ED801A050F822F022
:100CC0009B0E0008790D0008790D0008790D0008C9
:100CD000790D0008790D0008790D0008790D0008DC
:100CE000790D0008AF0C0008AF0C0008AF0C00082D
:100CF000AF0C0008AF0C0008790D0008790D000852
:100D0000790D0008790D0008790D0008790D0008AB
:100D1000790D0008790D0008790D0008790D00089B
:100D2000790D0008790D0008790D0008790D00088B
:100D3000790D0008790D0008790D0008790D00087B
:100D4000AF0C0008790D0008790D0008790D000836
:100D5000790D0008790D0008790D0008790D00085B
:100D6000790D0008790D0008790D000809140008B4
:100D7000790D00081D14000800210791302A00F0A9
:100D80009A80002308932F2A144640F2DD84002322
:100D900038461E461D4613E00130082D1190C8BF8D
:100DA00003EB83030478C6BF02EB4302A2F13003D6
:100DB000A1F130062F2C05F10105224640F3CC802D
:100DC00006EB8601392C02EB4101E5DDB6490993BA
:100DD000012204F0D3F8099B00287DD111990A461D
:100DE000013111915478002D40F05185302C40F0A4
:100DF000FE840A461046013211921478302CF9D044
:100E0000C1F101010844A4F13102082A39D8119F27
:100E1000411CA4F130020A910125BE464FF0000C9E
:100E200006EB860602EB460600200EF10102119247
:100E30009EF80140A4F13001092900F2BD82DDF8DD
:100E400044E001300A460029EFD00128D8BF05F15F
:100E5000010B40F3508400EB050B0BF1FF340997B5
:100E600003E07E00AC4200F04584082D06EB8607C7
:100E700005F10105F5DD102DDCBF03EB83035B00FD
:100E8000F0E7652C40F0CD8200220121CDE9091266
:100E90009446089A024340F09D829FED818BBAF1FF
:100EA000000F01D0CAF80090B0EE480B17B0BDECAF
:100EB0000A8BBDE8F08F7A7802F0DF02582A00F042
:100EC000DC83013711973A78302AFAD0002A00F0F3
:100ED0006B820123089356E70020CDE90900AC4658
:100EE000652C48D0452C46D04FF0000B002D40F02B
:100EF0008F80089B034340F05782099B002BCCD185
:100F0000692C00F0498400F34284492C00F04484A9
:100F10004E2CC2D1654911A804F07CFA0028BCD03F
:100F2000119B1B78282B00F05185614804F0B4FD1B
:100F3000B0EE408BBAF1000F02D0119BCAF800301E
:100F4000079B002BB0D0B1EE488BB0EE480B17B02A
:100F5000BDEC0A8BBDE8F08F53490993012204F0E0
:100F60000DF8099B0028B7D1119A0A90511C1191D4
:100F70005478AC465EE7002D8BD0DDF8449009F143
:100F80000102119299F801402B2C00F020822D2CA7
:100F900000F0158200220B92A4F1300BBBF1090F77
:100FA00000F20582302C119A0AD101321192147884
:100FB000302CFAD0A4F13101082995D8A4F1300BD6
:100FC000511C119154782F2C40F3CF838E460C92F4
:100FD00008E0013111919EF801402F2CA2F1300B55
:100FE00006DD8E460BEB8B02392C04EB4202F0DD62
:100FF0000C9A891A082940F3B88344F61F6B0B9AA0
:10100000002A3FF473AFCBF1000B002D3FF471AF1A
:1010100007EE906A0A9AB8EE677BABEB0202BCF16E
:10102000000F08BFAC46102D09922A46A8BF102217
:10103000092D8DED047B0EDD06EE903A1D4B03EB82
:10104000C20313ED125B0F2DB8EE666BA7EE056BB6
:101050008DED046B30DC099B002B00F0E882099BCE
:1010600040F33782162B40F386830999C5F1250397
:101070008B4221DB0F4BC5F10F054A1B03EBC50566
:1010800003EBC20395ED008B93ED007B9DED046BAC
:1010900028EE068B28EE078B4CE700BFAFF30080ED
:1010A000000000000000000074DF010884DF010878
:1010B00004A50108C08B0108AB1A099A1344002B40
:1010C00040F3B58113F00F010AD0C74A02EBC10209
:1010D0009DED046B92ED007B27EE067B8DED047B8E
:1010E00033F00F0240D0B2F59A7F00F36B83102AE1
:1010F0004FEA221340F3BB84BC4C9DED047B0020DF
:101100002246014613F0010F01F101014FEA63038A
:1011100004D092ED006B012027EE067B012B02F13B
:101120000802EFD108B18DED047B059BA3F1547348
:10113000059304EBC1049DED046B94ED007BAC4B77
:1011400027EE067B17EE902AAA4913408B428DEDBD
:10115000047B00F23783A8498B4240F2E083A74C1E
:101160004FF0FF33CDE904340023089300962B465B
:1011700062463946404604F04FFD8146002800F0A3
:1011800021830A9BCDF83CA0A3EB0B0B099B002B02
:10119000B4BF5A4600224FF0000B23EAE3739FEDE1
:1011A0008E9B0A920B935C46BFE0991A1F29A5EB10
:1011B000010500F30182012202FA01F30C930023DE
:1011C0000D932F44089B5544AA4552461F44A8BF7F
:1011D0002A46BA42A8BF3A46002A03DDAD1ABF1A12
:1011E000AAEB020A0A9B002B00F38C81002D00F36E
:1011F000A281099B002B00F3D581002F00F3C5814C
:10120000BAF1000F08DD21465246404604F0ECFEDC
:101210000446002800F0C28112993246404604F08C
:1012200079FF8346002800F0B9810023C568C360B8
:10123000214604F04DFF0028C0F29483059F00F082
:101240002F832146584605F011F9B0EE007BB4EE2D
:10125000C70BF1EE10FA00F24C81002D40F0BC817A
:10126000049B002B40F03382C7F31303002B40F0A4
:10127000E181B7EE007BB4EEC70BF1EE10FA00F19E
:101280000A83B6EE00BB20EE0BBBB1EE4BAB584869
:10129000DFF870C107EA0001614553EC1A2B00F03A
:1012A000A0810898E0B1B1F1D46F19D8B4EEC9BBF0
:1012B000F1EE10FA11D8BCEECBBB1BEE103A012BAD
:1012C00038BF01230BEE103AB8EE4BBB002D40F0B7
:1012D0008B82B1EE4B7B53EC172B03F1D660431A94
:1012E000B0EE480B43EC1A2B0C9104F0CFFFAAEEA2
:1012F000008B8DED048B18EE907A0C99089B23B926
:101300003B4B3B40994200F09A811299404604F0D1
:1013100011FC3146404604F00DFC2146404604F0E5
:1013200009FC5946404604F005FCD9F80410404633
:1013300004F0C0FB0646002800F03081D9F81020E8
:101340000232920009F10C010C3003F091F89DED8E
:10135000048B14AA13A94046B0EE480B05F026F8FA
:101360001290002800F0F0800121404604F000FDBA
:101370000446002800F01281139A002AC0F200816E
:101380000A9B0B9F02EB030A089B149DD21A2A4466
:101390001B4B013A9A42C5F13605FFF606AF012311
:1013A0000022CDE90C320CE79FED0D8BC2E5CDF8A4
:1013B00044904FF0000B99E50122099290E501223B
:1013C0000B9209F10202119299F80240E4E5002221
:1013D0000B92F6E70025D0E50000C0FFFFFFDF41DC
:1013E0000000000000000000C08B0108B08C010864
:1013F0000000F07F0000A07C0000907CFFFFEF7FEA
:1014000002FCFFFF0000E07F00220792791C11918F
:101410007A78002A3FF441AD0F46AFE401220792EB
:10142000F4E7452C3FF430AD0123099361E53FF427
:101430009BAE5B4213F00F010AD0BD4A02EBC10222
:101440009DED046B92ED007B86EE077B8DED047BBA
:101450001B113FF489AE1F2B35DC13F0100218BFAF
:101460006A229DED047B0892B24A0021D80704D578
:1014700092ED006B012127EE067B5B1002F1080262
:10148000F4D109B18DED047B089BA3B1DDE9040122
:10149000C1F30A52C2F16B03002B0ADD1F2B40F38C
:1014A000F0820020342B049040F32B834FF05C73C8
:1014B00005936A2308939DED047BB5EE407BF1EE26
:1014C00010FA7FF453AE22239FED8F8BC8F80030C3
:1014D00030E51633FFF6F0AD0A9BA3EB0B0B944BF4
:1014E00003EBCB0393ED007B9DED046B86EE078B46
:1014F00020E5B6EE00BB20EE0BBB002D69D1B1EEAE
:101500004BABC4E621461A46404604F0FDFC0446B7
:10151000002843D00146129A404604F03FFC0028C0
:101520003CD00E901299404604F004FB0E9A1292A1
:10153000002D7FF75EAE12992A46404604F054FD16
:10154000129000287FF455AEDDF83CA09FED708B23
:101550002223C8F800300146404604F0EBFA314639
:10156000404604F0E7FA2146404604F0E3FA4946D3
:10157000404604F0DFFA5946404604F0DBFAD9E46D
:101580000B9BDDF828A09F1AFEE631463A464046FE
:1015900004F02AFD064600287FF432AEDDF83CA0B8
:1015A0001298D3E731460B9A404604F0ADFC06464C
:1015B00000287FF422AEF1E7C2F17F4202F57F02FC
:1015C00002F57B420121E23201FA02F3CDE90C136C
:1015D000F7E5B0EE4BAB5AE6B7EE00ABB0EE4ABB68
:1015E00055E6A7F1547305939DED04CBB0EE4C0B7B
:1015F0000C9104F04BFE5048A0EE0ACB1CEE907A02
:101600004E4B0C99384098428DED04CB6ED918EEB4
:10161000902A03F154739A4203D118EE103A013321
:10162000BCD0474B4FF0FF32CDE904236DE69DED72
:10163000048B7FE4BFEE00ABB7EE00BB27E651ECB6
:101640001B0B06F091F806F061F8049B41EC170BB8
:101650001D43C7F313073D433BEE477B27D19FED67
:101660002E6BB4EEC67BF1EE10FA7FF54EAE9DED1B
:10167000048BDDF83CA012986DE70293079B019361
:1016800012AB00932F4A13AB11A9404600F0A2FD04
:1016900010F00F0504463FF487AE062D40F0AA80F7
:1016A000013700239FED188B1197079342E49FEDBC
:1016B0001C6BB4EEC67BF1EE10FAD8D49FED1A6B1A
:1016C000B4EEC67BF1EE10FA7FF71FAECFE7049BB6
:1016D000012BAFD1002FADD1DDF83CA0129B1846F5
:1016E00022239FED098BC8F8003034E707F15477C7
:1016F000059703E6099F0A9C082D04440A9468DCB8
:101700005D46FFF78DBB00BF000000000000000039
:10171000000000000000F07F9535A094FFFFCF3F50
:101720009535A094FFFFDF3F35E5AF350000E03F82
:10173000C08B0108808901080000F07FFFFF9F7CBB
:10174000FFFFEF7F58890108AF490122384603F0B7
:1017500015FC002800F0928000231E4618460A93CC
:101760001D4609939C46FFF7BDBB44F61F62934597
:10177000A8BF934643E4A54B099A03EBC20393ED3C
:10178000008B9DED047B28EE078BFFF7D3BB6E2CFF
:101790003FF4C0ABFFF781BB9D4911A803F03AFEAF
:1017A00000283FF47AAB119B9A49013B11A8119391
:1017B00003F030FE10B9119B013311939FED8E8B16
:1017C000FFF7B8BB22239FED8C8BC8F80030FFF7E2
:1017D000B1BBBBF1100FDCBF03EB830301EB430391
:1017E0005D460020FFF721BBB0EE4B7B73E5002088
:1017F000FFF709BB129A3AB1352114A804F07CFE18
:101800001299404604F096F9013D139B042D00F215
:10181000AA81DFE805F0032D2A1F0300149A049221
:1018200003F23342159B23F4801343EA02530593DA
:10183000E40502D543F000430593774A1A409DED35
:10184000048B002A7FF476AB01F038F92223036081
:10185000FFF770BB4FF0FF326FF00043CDE9042378
:10186000E3057FF5E4AE059BE4E76B4B0593F7E7F3
:10187000DDE91412159BCDE90412D9E711990A4646
:1018800001311191547806460346FFF7AFBAAC46D2
:101890000A90FFF7CFBABEEE00ABB6EE00BBF6E49F
:1018A000DDE90CC3DDF83CA05C49C7F31302002D51
:1018B00039D08A4200F0ED805BBB049B1CEA030F29
:1018C00029D0B0EE480B04F0E1FC089B002B00F09F
:1018D0003181C7F30A53C3F16B03002B40F32E8110
:1018E000190501F17F53002203F5401343EC172B38
:1018F000A0EE078B9FED427B474B28EE078B18EE3F
:10190000902A1340002B7FF4B6AE2223C8F8003093
:10191000B1E63B42D5D1089B002BEBD1ABE602F1FF
:101920005473059320E4002A7CD1DDE904010246CA
:10193000002840F0A080089B002B40F0EA80059B27
:1019400023F000473F0D3F05A7F580176FEA1753B7
:101950006FEA035305934FF0FF3304939DED048B1F
:101960001298F8E5DDE904120D43DDF83CA0D2D170
:10197000C2F31303002BCED122F000473F0D3F05E9
:10198000B7F1D66F3D46C6D9DBF814301BB9DBF88A
:101990001030012BBFDD59460122404604F024FBE4
:1019A0002146834604F094FB0028B4DD089B002BFD
:1019B000CAD0A5F580156FEA15536FEA0353059356
:1019C0004FF0FF3304939DED048B93E7144911A866
:1019D00014AA03F03BFD05287FF4A7AA159B43F04A
:1019E000FF4343F4E0030593149B04939DED048BA4
:1019F000FFF7A0BAAFF30080000000000000F07F06
:101A0000000000000000503974DF0108C08B01089D
:101A100078DF01087CDF01080000F07FFFFF0F0086
:101A20006C890108002B4DD1049B1CEA030F3FF485
:101A300072AFB0EE480B04F029FC089B002B48D095
:101A4000C7F30A53C3F16B03002B7ADD1B0503F1C7
:101A50007F51002001F5401141EC170BA0EE478BA0
:101A6000B5EE408BF1EE10FA7FF444AF36E6444C0D
:101A70000021FFF75ABB2BBB12EA0C0F3FF44BAF10
:101A8000D7E74FF0FF3202FA03F3049A1A400492A8
:101A90000FE5089A0499CAB13A4A3A40B2F1D46FB4
:101AA00014D8120DC2F16B024FF0FF3000FA02F2AF
:101AB000914219D0002B7FF42CAF11EA0C0F3FF4A8
:101AC0002AAFFEE63B423FF426AFB2E74FF0FF32CB
:101AD000EEE7129B38EE408BB5EE408BF1EE10FA3C
:101AE00018467FF438ADFAE5274B9F4232D0254B9C
:101AF0003B4003F580130593002304939DED048B75
:101B000009E7C2F14B024FF0FF3393400B400593BE
:101B1000CFE41C4D3D40B5F1D66F3FF64AAFB5F16D
:101B20005C7F3FF6E7AE22239FED118B1298C8F839
:101B3000003010E5129838EE008B0CE538EE008B83
:101B4000D8E638EE408BB5EE408BF1EE10FA7FF41C
:101B5000D1AEC3E50131CAD122239FED078B129884
:101B6000C8F80030F7E4002362E600BFAFF300805E
:101B70000000000000000000000000000000F07FF6
:101B8000B08C01080000F07FFFFFEF7F014BFFF7F3
:101B90007FB800BF5000002010B4054C84461346A7
:101BA00020685DF8044B0A466146FFF771B800BF34
:101BB0000000002010B4054C054B84460A462068FE
:101BC0005DF8044B6146FFF763B800BF00000020DA
:101BD0005000002010B51C4C8446134620680A466D
:101BE0006146FFF755F8B4EE400BF1EE10FAB0EE97
:101BF000407B17D6B7EEC00BDFED146AB0EEC06ABB
:101C0000B4EE666AF1EE10FA0BDDB0EEC77B9FED25
:101C10000C6BB4EE467BF1EE10FA02DC2368222254
:101C20001A6010BD17EE903A002B094804DA03F051
:101C30003BFFB1EE400A10BDBDE8104003F034BFD9
:101C4000FFFFFFFFFFFFEF7F00000020FFFF7F7F10
:101C500004A5010810B5224C224B84460A46206890
:101C60006146FFF715F8B4EE400BF1EE10FAB0EE56
:101C7000407B23D6B7EEC00BDFED1B6AB0EEC06A27
:101C8000B4EE666AF1EE10FA0CDDB0EEC75B9FEDC4
:101C9000126BB4EE465BF1EE10FA03DC23682222ED
:101CA0001A6010BD10EE103A13F0FF4FF9D10F4B30
:101CB00017EE902A1340002BF0D110BD17EE903A8A
:101CC000002B0B4804DA03F0EFFEB1EE400A10BD22
:101CD000BDE8104003F0E8BEFFFFFFFFFFFFEF7F0E
:101CE0000000002050000020FFFF7F7F0000F07FF9
:101CF00004A501082DE9F0478F681D46AF420B6827
:101D00000C46164636D8B1F90CC01CF4906F0ED1B3
:101D10003D46184631462A4602F000FAA368DF1B0A
:101D20002368A7602B4400202360BDE8F0874A6940
:101D3000096902EB42025F1A02EBD2726B1C52106D
:101D40003B44934292BF914699461A461CF4806FD9
:101D5000804611D0114601F003FA824600B3216992
:101D60003A4602F085FBA38923F4906343F0800395
:101D7000A38105E02F46CCE702F0F6FE824658B17B
:101D80000AEB0703A9EB0707A760C4F810A0C4F883
:101D9000149023602F46BCE72169404602F060F9A9
:101DA000A3890C2243F04003C8F800204FF0FF3015
:101DB000A381BAE72DE9F04F9368176883B0924684
:101DC000002B74D04FF0000B8B680A6881460C46DC
:101DD0005D4645E0B4F90C3013F4906F2CD0D4E993
:101DE0000401161A01EB410202EBD272711C52106F
:101DF0002944914292BF904688460A465B0539D5F0
:101E00001146484601F0ACF9019000283DD0324619
:101E1000216902F02DFBA289019B22F4906242F01D
:101E20008002A2819819A8EB0606A660C4F8148067
:101E300023612060A8462E463246594602F06EF9CC
:101E4000DAF80810A3682268A3EB08033244491BA0
:101E5000A3602260CAF8081049B3D7E900B5083773
:101E600098461046002DF8D09D421E46B2D2A84694
:101E70002E46E1E70146484602F076FE034600287A
:101E8000D0D12169484602F0EBF8A3890C2243F037
:101E90004003C9F800204FF0FF30A3810022002347
:101EA000CAF80820CAF8043003B0BDE8F08F00205B
:101EB0000023CAF8043003B0BDE8F08F2DE9F04FDD
:101EC0001C468B891D069DB088468146934603D5E6
:101ED0000B69002B00F0F1800023099343F22003EB
:101EE000ADF829309BF800307D4D03940126002B7E
:101EF00073D0DA4603E01AF8013F002B75D0252B8A
:101F0000F9D1BAEB0B0473D19AF80020002A64D0FF
:101F100000234FF0FF32CDE905230AF1010A0493B3
:101F200007938DF853301A9305E0049A06FA03F3E9
:101F30001A430492A2465446052214F8011B28466F
:101F400002F046FAA346431B0028EED1049BD806B4
:101F500044BF20228DF8532019079AF8001044BF7F
:101F60002B228DF853202A2950D1039A116804326C
:101F7000002903927CDB07919AF801102E295BD08F
:101F8000584C0322204602F023FA38B1049B001B70
:101F90004022824013430BF1010B04931BF8011BF9
:101FA00051488DF82810062202F012FA002865D058
:101FB0004E4B002B55D003AA00924D4B424604A92C
:101FC000484600F03FFE07467A1C06D0099B3B447A
:101FD00009939BF80030002B8BD1B8F80C305B06CE
:101FE0007AD409981DB0BDE8F08FBAEB0B04F4D099
:101FF00023465A4641464846FFF77CFE0130ECD066
:10200000099B9AF80020234409937FE7A1F130024D
:10201000092A88BFD346B1D8079B00E00134217854
:1020200003EB830302EB4303A1F13002092AF5D944
:102030002E290793A346A3D19BF801102A2927D163
:10204000039B9BF802101A6805920433002A0BF1D7
:1020500002000393B8BF4FF0FF338346B8BF059328
:102060008EE7039B073323F0070308330393ADE7A1
:10207000494243F00203079104937DE703AA0092CB
:102080001B4B424604A9484602F032FE07469BE736
:10209000A1F130020023092A05930BF1010B3FF651
:1020A0006FAF1BF8011F03EB830302EB4303A1F1A6
:1020B0003002092AF5D9059362E7402101F050F872
:1020C000C8F80000C8F8100018B14023C8F8143050
:1020D00002E70C23C9F800304FF0FF3082E700BF61
:1020E00088DF010890DF010894DF0108452C000813
:1020F000F51C000830B40478C4B10D78844685B16D
:102100000A462B4602E012F8013F2BB19C42FAD15D
:10211000ACEB000030BC70471CF8014F002CEFD135
:10212000F6E71CF8014F002CFBD1F1E72046F1E760
:102130002DE9F0410469B4EB611F05DC0023036164
:1021400000234361BDE8F08100F114054E1111F048
:102150001F0C05EB840E05EB860321D055F82610E5
:1021600004339E4521FA0CF1CCF120082DD92F46DD
:102170001A6802FA08F20A4347F8042B53F8041BC2
:102180009E4521FA0CF1F3D8A31B9B00053B9B084D
:10219000013305EB830445F8231079B104340DE0D5
:1021A0009E4588BF00F11002C8D953F8041B42F8BD
:1021B000041F9E45F9D8A41B05EB8404631B9B10E8
:1021C000AC420361BCD0BDE8F08141610029B5D0CB
:1021D0002C46E3E72DE9F04F0F6885B0CDE90020EC
:1021E000BA780393302A894640F0EC81FB1C1A78B8
:1021F000302A1C4603F10103F9D0E71B023FDFF848
:10220000008318F80230002B00F0EE80237818F8D5
:1022100003304FF0000A5546002B00F06D81264632
:1022200016F8013F18F80330002BF9D1B349012209
:10223000304602F0A3FE834600284CD03278002DB1
:1022400000F0A181AB1B4FEA830B02F0DF02502AA2
:1022500035464CD0C9F80060BAF1000F74D12A1B82
:10226000013A072A514604DD5210072A01F1010103
:10227000FADC019803F01EFC8246002800F05F8221
:1022800000F11406A542029666D90027B9460DE072
:10229000202F1AD03A4604372B7818F8033003F071
:1022A0000F03934049EA0309A54258D015F8013DB0
:1022B0002E2BEDD1A542EBD390490122284602F006
:1022C0005DFE0028F0D0202FE4D1002246F8049BC8
:1022D00004279146E0E7002D00F06581327802F096
:1022E000DF02AB1B502A4FEA830B3546B2D16A7826
:1022F0002B2A00F046812D2A40F0D3800120AA78B5
:1023000018F802104A1E182A05F1020600F2D380BE
:10231000727818F80220103901365AB90CE001EB36
:10232000810116F8013F02EB4102A2F1100118F8F9
:1023300003200AB1192AF2DD00B149428B44C9F8E1
:102340000060BAF1000F8AD0002F0CBF06250025CF
:10235000284605B0BDE8F08F029E4FF0000946F810
:10236000049B029BF61AB610CAF81060484603F0A8
:10237000ADFC009B76011C68361AA64274DCC0F2E4
:1023800004810027009B9A685A45C0F23B81009B5C
:102390005A685A454BDDA2EB0B0B5C4500F38D8070
:1023A000DB68022B00F0DD80032B00F04A81012B5B
:1023B00040F0DB805C4540F0D880012C08D0611EE5
:1023C000504604F0C7F8002800F0CF80009B5A6800
:1023D00003990A60029A0123CAF8103013600E9B19
:1023E0006225C3F800A0B3E744490122204602F069
:1023F000C5FD8246002840F08580637818F80320E8
:10240000651C002A00F08080302B2C4640F024818F
:1024100014F8013F302BFBD018F80330B3FA83FADD
:1024200001274FEA5A1A002B7FF4F9AE64E0012528
:1024300087B1009BDA68022A6ED0032A70D0012A85
:1024400006D1B90704D5029B1A681743FA076AD464
:1024500045F010050E9BC3F800A0039B2846C3F867
:1024600000B005B0BDE8F08F361B3146504604F091
:1024700071F8074678B1711E4A11029B012753F883
:10248000220001F01F0207FA02F2024203D0B94211
:1024900000F3C980022731465046FFF749FEB34496
:1024A00070E718F802104A1E182A05F101064FF0CD
:1024B00000007FF62DAF2E46CCE60BF1FF36002F45
:1024C00040F0A980002E40F0A8807311029A06F017
:1024D0001F0652F823200123B340134259465046A9
:1024E00018BF47F00207FFF723FE009BA4EB0B0485
:1024F0000225D3F804B09BE7264697E674DF01086F
:10250000A88901082378254603F0DF03502B00F04B
:102510009380C9F8005017E70F9BC3F101030F9395
:102520000F9B002B94D0DAF81070029A4FEA8709BB
:10253000904602EB8706002003E0964242F8040C26
:1025400043D9944652F8041B4B1CF6D00131022D9E
:10255000CCF8001079D014F01F0440F0A58021259C
:1025600078E70F9B002B3FF433AF0198514603F0FF
:10257000E1FA50250E9A00232846136005B0BDE805
:10258000F08F0020BBE6AB465FE6A61B51460198E4
:10259000324603F029FD00F11403ABEB060B824633
:1025A00002930027EEE6727818F80210751C2E468A
:1025B00000293FF44AAE16F8012F18F80230002B1C
:1025C000F9D13FE6BC1C002719E6DAF8082097424B
:1025D00044DA0AEB87017A1C0120022DCAF8102088
:1025E000DDF80880486130D0002A6ADC0022CAF891
:1025F00010200022CAF81420009B9A680BF1010BEE
:102600005A45ACDA0198514603F094FA0E9A002329
:10261000A32513609CE6012757E73146504603F097
:1026200099FF074651E7B11E504603F093FF00287B
:102630003FF430AF03272EE74FF0000B4FF0010AB5
:1026400055E60F9B002B90D0C2E6009B1A68013A1A
:10265000A24260D02225FDE60127E0E5DAF8041069
:102660000198013103F026FA064600286DD0DAF809
:102670001020023292000AF10C010C3001F0F8FE39
:102680005146019803F056FA3269012006EB8201A7
:10269000022D0244326106F114084861B246D4D0DA
:1026A0009742BFF658AF9FE7C144C4F1200459F8E0
:1026B000040C03F00BFBA042BFF651AFDAF8102078
:1026C00092E708EB82040AF11800DAF81420844239
:1026D0004FEA52022BD94546036842EAC37245F8D5
:1026E000042B50F8042B84424FEA5202F4D8A4EB96
:1026F0000A0119398908013148F8212008EB8101C4
:1027000002B10431A1EB080292104145CAF8102031
:102710007FF472AF6DE7621104F01F0458F82210C5
:102720000122A2400A4214BF2125222592E6C8F8C0
:1027300000200AB14146E4E7CAF8102059E7064BE9
:1027400006485246E421FEF705FA034B0348324699
:102750008421FEF7FFF900BF9CDF0108B0DF01080C
:102760002DE9F047074649480E46354616F801EB75
:1027700010F80EC01CF0080CF7D1BEF12D0F5AD086
:10278000BEF12B0F03BF96F800E06446AE1C644612
:102790004BB9BEF1300F5CD00A23DFF8F4804FF064
:1027A000050A99460AE0102B4AD04FF0FF38B8FBD3
:1027B000F3F803FB08FA6FEA0A0A9946002528464F
:1027C00005E02CD009FB00C0012516F801EBAEF1A5
:1027D000300CBCF1090F06D9AEF1410CBCF1190F58
:1027E0000BD8AEF1370C634510DDB5F1FF3FECD0EF
:1027F0004045E6D94FF0FF35E7E7AEF1610CBCF19B
:10280000190F03D8AEF1570C6345EEDC6B1C0BD0EF
:1028100004B140420AB165B91160BDE8F087D44502
:10282000D0DD4FF0FF35D0E722233B602846002A59
:10283000F3D0711EF0E796F800E00124AE1CA7E784
:10284000BEF1300F11D04FF00F0A6FF0704899466B
:10285000B4E7337803F0DF03582B0BD008234FF095
:10286000070A6FF060489946A8E7307800F0DF006B
:102870005828E8D14FF0100996F801E04FF00F0A00
:1028800002366FF070484B4698E700BFA98A0108EE
:102890009999991964E700BF10B4044C8446134613
:1028A00020685DF8044B0A46614659E700000020A5
:1028B00010B4044C8446134620685DF8044B0A4665
:1028C00061464DE70000002070B50F4B0F4DAB4245
:1028D000A3EB050607D0B610002455F8043B0134DD
:1028E0009847A642F9D816F02BF8094D094B5E1B04
:1028F000AB424FEAA60606D0002455F8043B01344B
:102900009847A642F9D870BDC8110208C81102083C
:10291000C8110208CC11020808B5062004F0A0F87E
:10292000012004F063FD00BF000000000000000073
:102930000000000000000000000000000000000097
:1029400030B490F800F020F007016FF0000C10F0A8
:10295000070491F820F040F048804FF000046FF039
:102960000700D1E9002391F840F000F1080082FA55
:102970004CF2A4FA8CF283FA4CF3A2FA8CF34BBB20
:10298000D1E9022382FA4CF200F10800A4FA8CF299
:1029900083FA4CF3A2FA8CF3E3B9D1E9042382FA67
:1029A0004CF200F10800A4FA8CF283FA4CF3A2FA7C
:1029B0008CF37BB9D1E9062301F1200182FA4CF2B4
:1029C00000F10800A4FA8CF283FA4CF3A2FA8CF31B
:1029D000002BC6D0002A04BF04301A4612BAB2FA3D
:1029E00082F200EBD20030BC7047D1E9002304F042
:1029F0000305C4F100004FEAC50514F0040F91F877
:102A000040F00CFA05F562EA05021CBF63EA050313
:102A100062464FF00004AAE7830730B547D0541E42
:102A2000002A3ED0CAB2034601E0013C39D303F884
:102A3000012B9D07F9D1032C2CD9CDB205EB05252F
:102A40000F2C05EB054535D9A4F1100222F00F0C2F
:102A500003F1100EE6444FEA121C1A46C2E9005573
:102A6000C2E9025510327245F8D10CF1010214F09E
:102A70000C0F03EB021204F00F0C13D0ACF10403A3
:102A800023F003030433134442F8045B9342FBD165
:102A90000CF003042CB1C9B21C4403F8011BA3427F
:102AA000FBD130BD64461346002CF4D1F9E7034650
:102AB0001446C0E71A46A446E0E700BF014B186879
:102AC000704700BF00000020F0B52DED028BB0EE86
:102AD000408B85B0174618EE902A0D9E0C9D002A5B
:102AE000B6BF2D220022B1EE408B652E0C461A7027
:102AF00030D032DC452E2DD0462E4AD1032103ABF7
:102B0000019302AB009322462B46B0EE480B00F037
:102B10003DFC26F02006462E00EB040C04D1037881
:102B2000302B2DD02C68A444B5EE408BF1EE10FA7A
:102B30002DD0039B9C4506D930215A1C0392197055
:102B4000039B6345F9D30E9A1B1A136005B0BDECC5
:102B5000028BF0BD01340221D1E7662ECED0B0EE5B
:102B6000480B03AB019302AB00930A462B460221AC
:102B700000F00CFC672ECCD1FB0719D4039BE2E7D5
:102B8000B5EE408BF1EE10FA15D12B689C446346EC
:102B9000D9E703AB019302AB00930A462B4602210F
:102BA000B0EE480B00F0F2FB472EB2D1FB07E5D5A3
:102BB00000EB040CB8E7C4F101042C60B3E700BFDC
:102BC00070B50029BABF49422D232B23092982B0B1
:102BD000027043702BDD0DF10704194DA446A5FBCF
:102BE0000123DB0803EB8302A1EB42028E46303265
:102BF000BEF1630F66460CF8012C19460CF1FF3C40
:102C0000EDDCB31E3031A3420CF8011C00F10205CB
:102C10000AD2421C13F8011B02F8011FA342F9D18A
:102C20000DF109039B1B1D44281A02B070BD30230F
:102C30001944051D8370C170281A02B070BD00BF11
:102C4000CDCCCCCC2DE9F04F8DB00C46DDF858A0A2
:102C500016461F46054603F0C7FCD0F800904846CC
:102C6000FFF76EFE00230A93DAF800300690073370
:102C700023F0070393ED000B9FEDA77BB0EEC06B35
:102C80000833B4EE476BF1EE10FA226894F818801E
:102C9000CAF8003084ED120B6ADCB4EE400BF1EEA2
:102CA00010FA80F1218261684B1C42F4806208F0C6
:102CB000DF0A30D0BAF1470F00F011810023226003
:102CC00003930AAB029309AB0093CDF804800DF196
:102CD00023032846FFF7F8FE0590B8F1650F099920
:102CE00035D9B8F1660F00F021810A9B8B4240F381
:102CF00028810029D4BFC1F10202012213442361BB
:102D0000A1654FF0000A9DF82330002B46D02D23FB
:102D100084F8433042E0062100232260CDF804808D
:102D2000616003930AAB029309AB009328460DF14F
:102D30002303FFF7C9FEBAF1470F0590CDD10999DA
:102D4000C81C80F2E280A8F102085FFA88F8013915
:102D5000424604F150000991FFF732FF0A9A131816
:102D6000012A8246236140F3328101332361CAE79D
:102D7000B5EEC00BF1EE10FA02D52D2384F84330E6
:102D800022F004022260664B664AB8F1470F98BFF2
:102D90001A460323059223614FF0000A0097334639
:102DA0000BAA2146284601F011FF013023D02368E9
:102DB00058052BD4059A236931462846B847013077
:102DC00019D02268E0680B9B920719D5984217DD4D
:102DD0004FF0000804F1190904E0E0680B9BC21AE7
:102DE00042450DDD01234A4631462846B8470130A9
:102DF00008F10108F1D14FF0FF300DB0BDE8F08FC0
:102E00009842B8BF18460DB0BDE8F08FB8F1650F15
:102E100032D994ED127BB5EE407BF1EE10FA40F022
:102E20009880414A012331462846B8470130E2D014
:102E3000DDE9093A534502DB2268D107C2D5069B7A
:102E40004A4631462846B8470130D4D0BAF1010F7E
:102E5000B7DD0AF1FF3A4FF0000904F11A0801E06A
:102E6000D145AED00123424631462846B84701300D
:102E700009F10109F4D1BEE7DDF82880B8F1010FAE
:102E800040F39680059A012331462846B847013021
:102E9000B1D0069B4A4631462846B8470130AAD0F1
:102EA00094ED127BB5EE407BF1EE10FA08F1FF3B9A
:102EB00040F09280B8F1010F40F385804FF0000997
:102EC00004F11A0801E0D9457DD00123424631467C
:102ED0002846B847013009F10109F4D18BE709B957
:102EE000012161600023226003930AAB029309ABC6
:102EF0000093CDF804800DF123032846FFF7E4FD8D
:102F000009990590C81CFFF61EAF636899423FF708
:102F10001AAF4FF06708E8E6FFFFFFFFFFFFEF7F04
:102F2000E4DF0108E8DF010894D4010800296368A0
:102F300056DD2161002B00F0858001330B442361B5
:102F4000DEE623682161DB077FF5DAAE4B1C2361E7
:102F5000D6E6099B002B4ADD0A9BD4F858B00793AC
:102F60005B45A8BF5B46002B984608DD059A3146B5
:102F70002846B84701303FF43EAFD4F858B028EAAD
:102F8000E87293456BDD4FF0000A04F11A0893468E
:102F900004E0A36DA3EB0B0252455FDD0123424623
:102FA00031462846B84701300AF1010AF1D122E73B
:102FB000D9073FF567AF059A012331462846B84740
:102FC00001303FF418AF534604F15002F4E6226892
:102FD000D2077FF598AEC8E6059A5B460132ECE76A
:102FE000002B34D12268D20731D4012387E6474A27
:102FF000012331462846B84701303FF4FCAEDDE9F5
:10300000093A5AEA030324D0069B4A463146284629
:10301000B84701303FF4EFAE099B002B72DA4FF056
:10302000000904F11A0803E0099B5B424B4569DD86
:103030000123424631462846B847013009F10109CB
:10304000F2D1D8E62268D0077FF55AAE75E7023391
:1030500055E62268D3077FF5B5AED5E79B46099BB9
:10306000079A9A4202DC2268D00708D5069B4A4696
:1030700031462846B84701303FF4BDAE099B079A58
:10308000A2EB0B0AD31A9A45A8BF9A46BAF1000FD1
:103090000CDD059B5B441A46314653462846B8472B
:1030A00001303FF4A8AE099B079AD31A2AEAEA7ABC
:1030B00053457FF786AEDDF81CB04FF0000904F1F0
:1030C0001A0807E0099BABEB0303A3EB0A034B458C
:1030D0007FF777AE0123424631462846B847013094
:1030E00009F10109EED186E610EE903A002BB8BF47
:1030F0002D2322F00402B8BF84F843302260044B31
:10310000044A42E6059A534656E600BF94D40108A5
:10311000ECDF0108F0DF010870B5104E336805469A
:103120000C46B3B12146284603F042FA431C0CD0AA
:10313000C41C24F00304A04205D0211A284603F041
:1031400037FA013001D0204670BD4FF0FF342046E1
:1031500070BD194603F02CFA3060E3E70C02002042
:103160002DE9F843CD1C25F0030508350C2D38BF9B
:103170000C25002D064618DBA94216D8DFF8DC80A6
:1031800001F0F8FED8F80420A2B1144603E0636809
:1031900022467BB11C4623685B1BF8D40B2B1FD83F
:1031A0009442636854D053600CE00C2333600020D9
:1031B000BDE8F88329463046FFF7AEFF431C0446BE
:1031C00019D00560304601F0D7FE04F10B00231D35
:1031D00020F00700C21A1CBF1B1AA350BDE8F883D9
:1031E00061199442256014BF5160C8F804106351FE
:1031F00063684B60E6E7D8F804701FB33C467F680D
:10320000002FFBD123683946304604EB030903F055
:10321000CFF9814516D12368ED1A29463046FFF7CC
:103220007BFF01300ED02368D8F804202B442360A4
:10323000536883B1A34203D01A465B689C42FBD11A
:103240000023B0E70C233360304601F095FEAEE773
:10325000C8F80430B6E7C8F80470B3E70C020020E1
:103260002DE9F04F03690C69A34283B0C0F28A8054
:10327000013C01F1140500F1140855F8243058F808
:10328000242001339A428E4681464FEA840105EBA1
:10329000840708EB840AB2FBF3F63AD3CDE90015B4
:1032A0000022AC46404613465CF8041B05681FFA32
:1032B00081FB06FB0B22090C4FEA124B06FB01BBFC
:1032C00092B2A9B2891A19441FFA8BF3C3EB2143B6
:1032D00003EB154389B241EA0341674540F8041BFB
:1032E0004FEA1B424FEA2343DED2DDE9001558F8CE
:1032F000013073B9AAF1040AD04504D307E0D045E0
:1033000004F1FF3403D25AF80439002BF7D0C9F87E
:1033100010407146484602F0DBFE00282EDB414695
:10332000002255F8040BD1F800C01FFA80FE1FFAE6
:103330008CF3A3EB0E031344020CC2EB234202EB0B
:103340001C429BB243EA0243AF4241F8043B4FEABE
:103350002242E6D258F8242008EB84036AB9043BE1
:10336000434504D807E0984504F1FF3403D253F8ED
:103370000429002AF7D0C9F810400136304603B0BE
:10338000BDE8F08F002003B0BDE8F08F2DE9F04FCD
:103390002DED028BC56991B08DED040B57EC106BD0
:1033A0000446029190460693002D00F0238329687D
:1033B00049B16A684A60012393408B6002F0BAFB0E
:1033C000E36900221A603D1E1C9AB4BF012300234A
:1033D00013606F4BBCBF25F000450595AB4300F073
:1033E0009D809DED048BB5EE408BF1EE10FA0FD170
:1033F000069A012313601D9B13B11D9A654B136040
:10340000654B0393039811B0BDEC028BBDE8F08FC0
:103410000FA90EAA2046B0EE480B02F0C7FF290DF7
:10342000834640F09280DDE90E01014401F232430F
:10343000202B40F30F83C3F140039D4001F2124360
:1034400026FA03F32B4307EE103AB8EE477B01232D
:1034500017EE905A0A93013953EC172BA5F1F87324
:103460009FED453B9FED467B9FED475B06EE901A37
:1034700043EC122BB8EEE64BB7EE086B32EE466B20
:10348000A6EE037BA4EE057BFDEEC76BB5EEC07B1D
:10349000F1EE10FA16EE905A08D5B8EEE66BB4EEDF
:1034A000476BF1EE10FA18BF05F1FF35401A162DE3
:1034B00000F1FF3700F24781384B03EBC50393ED72
:1034C000007BB4EEC78BF1EE10FA6DD50023002F10
:1034D00005F1FF350B93C0F23B8100230793002DCC
:1034E00068DA079B09955B1B0793029B092BC5F1C3
:1034F00000094FF0000564D8052BC5BF043B0293BB
:10350000012300230193029B023B032B00F27A85E7
:10351000DFE813F0F403F103E703CA03069AC5F3E7
:10352000130542F20F73354313601ED11D9B002B10
:1035300000F05D851A4B039308331D9A03981360BE
:1035400011B0BDEC028BBDE8F08F18EE905A00234D
:10355000C5F313050A9353EC182B45F07F530E98CF
:10356000A1F2FF3143F440137AE71D9B002B40F09A
:103570007A830C4B039345E761436F63A787D23F80
:10358000B3C8608B288AC63FFB799F501344D33F52
:103590000000F07F95D4010894D40108C08B010885
:1035A00000E001080CE00108002840F3F583002347
:1035B0000B930793029B0995092B2F444FF00009A9
:1035C0009AD901230022CDE9013208934FF0FF3A46
:1035D0009046E369CDF830A000215960204602F002
:1035E00069FA0390002800F01685E369039A1A60CF
:1035F000BAF10E0F00F2D280019B002B00F0CE80BA
:103600000999002940F3CE83914B01F00F0203EB9F
:10361000C203CE0593ED007B4FEA211340F18F8367
:103620008C4A92ED086B03F00F03032188EE064BE2
:103630005BB1884AD80704D592ED006B013127EEC3
:10364000067B5B1002F10802F4D184EE075B0B9B52
:103650003BB1B7EE007BB4EEC75BF1EE10FA00F1C0
:10366000598407EE901AB8EEE76BB1EE0C7BA6EE2C
:10367000057B17EE903A51EC170BA3F15071BAF19C
:10368000000F78D0099E5346DFF8C4E1039AFDEE9F
:10369000C56B41EC140B0EEBC30111ED023B16EEB2
:1036A000901A089830310132B8EEE67B5FFA81FC5F
:1036B00035EE477B1146002800F0E683B6EE006B3E
:1036C00086EE035B039935EE445BB4EEC75BF1EE27
:1036D00010FA81F800C000F31784B7EE002BB2EEA9
:1036E000044B002017E00130984257DA27EE047BA4
:1036F00025EE045BFDEEC76B16EE901AB8EEE63BC6
:10370000303137EE437BB4EEC57BF1EE10FA02F8B0
:10371000011B00F1F98332EE476BB4EEC56BF1EE9D
:1037200010FAE0D503981346013602E0834200F018
:103730001D841A4613F8011D3929F7D00131C9B289
:103740001970374641E10123002F0B93BFF6C5AE38
:10375000C0F1010307930027C1E607EE901AB1EE0E
:103760000C6BB8EEE77BA5EE076B16EE903A51ECCA
:10377000160BA3F1507141EC160BB1EE047B35EE44
:10378000477BB4EEC67BF1EE10FA00F3FD83B1EE99
:10379000466BB4EEC67BF1EE10FA1CD40F9B002BE7
:1037A0005ADB099A0E2A57DC294B099AB8F1000F07
:1037B00003EBC20393ED006B14DABAF1000F11DCD6
:1037C00009D1B1EE047B26EE077BB4EEC78BF1EE98
:1037D00010FA00F2D9830023039A01931E466FEA80
:1037E000080706E2039B591C88EE067BBDEEC77BEB
:1037F0000B4617EE102A03993032BAF1010FB8EEDA
:10380000C75B0A70A5EE468B00F0F382B2EE044B64
:10381000012211E088EE067BBDEEC77B013217EE78
:10382000101A524501F13001B8EEC75B03F8011BD5
:10383000A5EE468B00F0DD8228EE048BB5EE408BC2
:10384000F1EE10FAE6D1099F1A460137BDE000BF3C
:10385000C08B0108B08C0108089A002A40F0E08073
:10386000079BCDF80490002608960A930A9A5AB14D
:10387000002F09DDBA4207991346A8BF3B46C91A73
:10388000D21A07910A92FF1AB9F1000F0BD0089BC8
:103890001BB1019B002B40F0DF8259464A4620466F
:1038A00002F032FB83460121204602F061FA0190CA
:1038B000002D40F0C481029B012B40F3D8810120F0
:1038C000384410F01F0000F0A280C0F12003042B48
:1038D00040F3E581079BC0F11C00034407930A9B5A
:1038E00003440A930744079B002B05DD59461A46FB
:1038F000204602F079FB8346002F05DD01993A4608
:10390000204602F071FB01900B9B002B40F07C8164
:10391000BAF1000F40F35181089B002B40F0AE80BC
:10392000099F0137DDF80C80DDF80490012507E0E0
:10393000594600230A22204602F020F90135834629
:1039400049465846FFF78CFCAA4500F1300008F8BC
:10395000010BEDDCBAF1000F039BCCBF55460125EE
:1039600003EB050A8146002559460122204602F054
:103970003BFB0199834602F0ABFB002840F3EE814C
:10398000039902E08A4500F0028252460AF1FF3AAA
:1039900012F8013C392BF5D001338AF80030019937
:1039A0000292204602F0C6F8029A76B13DB1B542C5
:1039B00005D029462046019202F0BCF8019A0192F6
:1039C0003146204602F0B6F8019A01925946204647
:1039D00002F0B0F8019A00231370069B1F601D9B34
:1039E000002B3FF40FAD03981A6011B0BDEC028BB1
:1039F000BDE8F08F102000F0D5FD0246E061002800
:103A000000F0F082C0E90055C0E90255DBE41C2358
:103A1000079A1A4407920A9A1A440A921F4462E7C4
:103A2000029A012A40F3A5810AF1FF329145C0F2C2
:103A30006F81A9EB0203BAF1000F019380F2AA8211
:103A4000079BA3EB0A030A930121204602F090F999
:103A500006460BE7C3F1200306FA03F307EE103A1C
:103A6000F3E4314600230A22204602F087F80C9B3B
:103A7000002B064640F3AC8209979A460A9B002B1E
:103A800000F33F81002D40F0CB81B046039D6B1EBB
:103A900053440A93049B03F001030B930199584686
:103AA000FFF7DEFB31468246584602F011FB0199D2
:103AB00007464246204602F02DFBC3680AF1300952
:103AC0000146ABBB0890584602F002FB08990790EC
:103AD000204602F02FF8079A002A55D1029B1BB905
:103AE0000B9B002B00F06082002F3FDB0A9BAA4655
:103AF000AB420AF8019B00F0AA81594600230A2232
:103B0000204602F03BF84645834631464FF000031D
:103B10004FF00A02204631D002F030F84146064606
:103B200000230A22204602F029F855468046B5E7D0
:103B3000204601F0FFFF002F06DB049B03F001028B
:103B4000029B1F433A432AD159460122204602F0E4
:103B50004BFA0199834602F0BBFA002840F3F38048
:103B6000B9F1390F00F006820AF131092A46099F9E
:103B700002F8019B35460137464610E701F0FEFF8B
:103B800055460646804689E7002FC0F25082029BC8
:103B90001F430B9B1F4300F04A82002AA6DDB9F1A8
:103BA000390F00F0E7812A46099F09F101033546E4
:103BB00002F8013B01374646F1E6029B022B7FF7F4
:103BC000ABAEBAF1000F40F01281019953460522C5
:103BD000204601F0D3FF01460190584602F078FAE2
:103BE000002840F30481039A099F312302F8013B26
:103BF000013701990292204601F09CFF0137029A99
:103C0000002E7FF4DCAEE0E60199584602F060FA3F
:103C10000028BFF67DAE594600230A222046099FA0
:103C200001F0ACFF089B013F8346002B7FF419AFE6
:103C30000C9B002B40F3BF81099F9A4672E6014618
:103C40002A46204602F060F9029B0190012B6BDDB1
:103C50000025019A136902EB8303186902F036F814
:103C6000C0F120002CE6BD4B0393033365E4049BB5
:103C7000002B7FF424AEDDE90412C2F31303002B02
:103C80007FF41DAEB64B134023B1079B013307935E
:103C900001370123002D40F07B811D460FE63FF4E4
:103CA00022AEC0F13C03B3E601230893099B4344D1
:103CB00003F1010A5646012E0C93B8BF0126172EB8
:103CC000D4F81CC040F2AE81012204235B0003F152
:103CD0001400B042114602F10102F7D9CCF80410E9
:103CE0007CE401230893B8F1000F33DD4646CDF89C
:103CF0003080C246E3E700230893D7E70023089308
:103D0000F1E731461A46204602F06EF90646B9E65A
:103D1000A2EB09031D44079B0A9353440793002316
:103D20005744914601938FE6049B002B90D1DDE927
:103D30000401C1F313030A46002B89D1A2E7022133
:103D4000B0EE484B74E47FF411AF19F0010F7FF42B
:103D500007AF0BE74FF00108C2463AE403D119F070
:103D6000010F7FF40DAE52461AF8013D302BFAD008
:103D700015E60A9A002A00F0C98003F23343079A35
:103D80000A921F44D3180793CDF804905CE6039978
:103D9000312301370B7002E6C0F1010300270793BE
:103DA0000B9707E400F0D580099B6E4A5B4203F055
:103DB0000F0102EBC10292ED006B1B1128EE066BA6
:103DC000B0EE465B00F00B81674A00200221DE075F
:103DD00005D592ED007B0131012025EE075B5B10DC
:103DE00002F10802F3D1002806FE055B2FE4039AD6
:103DF000F5E4099F38EE088B0137B4EEC68BF1EE7F
:103E000010FA3E4608DCB4EE468BF1EE10FA05D10E
:103E100017EE102AD20701D503988AE41A46D4E592
:103E20007168204601F046FE0546002800F0E38058
:103E3000336902339A0006F10C010C3000F018FBD4
:103E400029460122204602F0CFF880461EE6099F4F
:103E500035460137464687E51A463146204602F088
:103E600053F85A4601460646204601F097FF594648
:103E70000D90204601F05EFE019BB9EB03090D9BFE
:103E80009B463FF410AD08E5039824EE033B012B5D
:103E900080F800C000F09A80B2EE044B039803440F
:103EA00027EE047BFDEEC76B16EE900A00F1300C96
:103EB00002F801CB9342B8EEE65B37EE457BEFD1DB
:103EC000B6EE006B33EE065BB4EEC57BF1EE10FA96
:103ED00066DC36EE436BB4EEC67BF1EE10FA0DD421
:103EE0000F9B002BFFF6BCAC099B0E2B3FF7B8AC29
:103EF000099B0EEBC30090ED006B75E41A46013B85
:103F000012F8011C3029F9D0771C5EE50E9BC3F135
:103F1000360334E7BAF1000F3FF41FAC0C9B002BC3
:103F20007FF73CACB2EE044B25EE045B013107EEAB
:103F3000901A0999B8EEE76BB1EE0C7BA5EE067B03
:103F400017EE902A4E1E51EC170BA2F15071FFF79D
:103F50009BBB0221B0EE485BFFF779BB0CE0010888
:103F60000000F07FC08B0108B08C010801363121C0
:103F7000FFF7E6BBAA46099F0399392335460AF89D
:103F8000013B0137464600E5002301931E462AE621
:103F90001D465EE6079B0A9353445744079353E537
:103FA00003980136FFF7C5BBB9F1390FE2D0002FF6
:103FB0003FF7DAADDAE5029B022B03DC099FDDF85F
:103FC00030A0AFE4DDF830A00997FAE5134677E7B3
:103FD000029B022BF6DCDDF830A009974EE50221AA
:103FE000FFF735BB1A4B1B48EF21FCF7B3FD1A4B0B
:103FF0000393FFF707BA194B16482A4640F2EF2100
:10400000FCF7A8FDE36900265E603146204601F01A
:1040100051FD039078B9114B0E48002240F2AF11C8
:10402000FCF798FD0021CCF80410FFF7D7BA002A5E
:104030003FF78AAD9AE5E369039A1A604FF0FF33C0
:104040000122B0460C9308929A46FFF7A7BB00BF27
:10405000F0DE010810E0010800E001089CDF010823
:10406000002950D038B551F8043C0C1F002BB8BFC4
:10407000E418054600F07EFF274A13682BB1A342DF
:104080000CD92168601883422CD0636028461460E4
:10409000BDE8384000F070BFA3420FD81A465B68F5
:1040A000002BF9D111685018844217D02CD36360CB
:1040B00054602846BDE8384000F05EBF11685018D3
:1040C000A04214D020D8216860188342EFD118682C
:1040D0005B680844C4E900035460EAE723680B44C2
:1040E0001360E6E718685B6808442060CDE7206845
:1040F0000144501883421160DBD1D3E9000401442C
:10410000C2E90014D5E770470C232B602846BDE8B0
:10411000384000F031BF00BF1002002088420ED9A5
:104120008B1883420BD900EB020C002A6ED062463A
:1041300013F801CD02F801CD9942F9D170470F2A49
:104140000FD8034602F1FF3C002A5FD00CF1010CAE
:10415000013B8C4411F8012B03F8012F6145F9D183
:10416000704740EA01039B0751D1A2F1100370B5DB
:1041700001F1200C23F00F0501F1100E00F11004E5
:10418000AC441B095EF8105C44F8105C5EF80C5CF3
:1041900044F80C5C5EF8085C44F8085C5EF8045C6B
:1041A00044F8045C0EF1100EE64504F11004E9D168
:1041B000013312F00C0F01EB031102F00F0400EBBE
:1041C000031328D0043C24F003064FEA940C1E4449
:1041D0001C1F8E465EF8045B44F8045FB442F9D1BC
:1041E0000CF1010402F0030203EB840301EB8401F0
:1041F00002F1FF3C4AB10CF1010C013B8C4411F877
:10420000012B03F8012F6145F9D170BD704702F110
:10421000FF3C03469AE72246EAE700BF0A22002154
:1042200000F0AEB80A23002200F09CB8242B2DE940
:10423000F84F43D8012B41D0804649481F468E464F
:1042400075461EF801BB10F80B4014F00804F7D1B6
:10425000BBF12D0F6FD0BBF12B0F08BF9EF800B044
:104260006FF0004908BF05F1020E73BBBBF1300FC0
:104270004BD00A273B460025B9FBF7F6284607FB3B
:10428000169A05E03AD007FB00C001251EF801BBD5
:10429000ABF1300CBCF1090F06D9ABF1410CBCF10C
:1042A000190F19D8ABF1370C63451EDDB5F1FF3F8F
:1042B000ECD08642E6D24FF0FF35E7E7FEF7FEFB93
:1042C000162303600020BDE8F88F102BD3D1BBF17B
:1042D000300F23D01F46CEE7ABF1610CBCF1190FB4
:1042E00003D8ABF1570C6345E0DC6B1C2BD054B901
:1042F000002AE8D085BB1160BDE8F88FE245C2DA3C
:104300004FF0FF35C2E74042F2E79EF8003003F07D
:10431000DF03582B08D008273B46ACE79EF8000087
:1043200000F0DF005828D5D110279EF801B03B4699
:104330000EF1020E9FE79EF800B04FF0004905F124
:10434000020E012491E72223C8F8003032B10EF1A9
:10435000FF3148461160CFE78146F8E74846B2E7AB
:10436000A98A010862E700BF10B4044C84461346D2
:1043700020685DF8044B0A46614657E700000020BC
:1043800010B4044C8446134620685DF8044B0A467A
:1043900061464BE70000002010B4034CD4F8E04025
:1043A000A4465DF8044B60475000002049B1FF2A45
:1043B00002D80A70012070478A2303604FF0FF3053
:1043C00070470846704700BF000000000000000072
:1043D00001F0FF01102A2BDB10F0070F08D010F8B6
:1043E000013B013A8B422DD010F0070F42B3F6D1BA
:1043F000F0B441EA012141EA014122F007047FF0D3
:1044000000070023F0E80256083C85EA010586EA29
:10441000010685FA47F5A3FA87F586FA47F6A5FA65
:1044200087F68EB9EED1F0BC01F0FF0102F0070271
:1044300032B110F8013B013A83EA010313B1F8D11C
:104440000020704701387047002D06BF35460338FD
:10445000073815F0010F07D1013015F4807F02BF36
:10446000013015F4C03F0130F0BC0138704700BF87
:10447000844641EA000313F003036DD1403A41D36F
:1044800051F8043B40F8043B51F8043B40F8043B2E
:1044900051F8043B40F8043B51F8043B40F8043B1E
:1044A00051F8043B40F8043B51F8043B40F8043B0E
:1044B00051F8043B40F8043B51F8043B40F8043BFE
:1044C00051F8043B40F8043B51F8043B40F8043BEE
:1044D00051F8043B40F8043B51F8043B40F8043BDE
:1044E00051F8043B40F8043B51F8043B40F8043BCE
:1044F00051F8043B40F8043B51F8043B40F8043BBE
:10450000403ABDD2303211D351F8043B40F8043B5D
:1045100051F8043B40F8043B51F8043B40F8043B9D
:1045200051F8043B40F8043B103AEDD20C3205D36D
:1045300051F8043B40F8043B043AF9D2043208D065
:10454000D2071CBF11F8013B00F8013B01D30B88D7
:1045500003806046704700BF082A13D38B078DD0B5
:1045600010F003038AD0C3F10403D21ADB071CBF87
:1045700011F8013B00F8013B80D331F8023B20F8F1
:10458000023B7BE7043AD9D3013A11F8013B00F82A
:10459000013BF9D20B7803704B7843708B788370B2
:1045A00060467047024B01461868FEF7D9BD00BF50
:1045B00000000020024B01461868FFF751BD00BF04
:1045C000000000202DE9F04F0C4687B08968059364
:1045D0004B1EB3F5AE7F0646904640F2B9812746A2
:1045E0006FF4AE7057F81C3B01EB000E40F25D110A
:1045F000A16043F4F0634FF0000A236043463D4658
:10460000B046D346CDF810A0CDF808A0D146CDF8DD
:1046100004A00A46CDF80CE01E4633681878A0F1D5
:104620002B034E2B70D8DFE813F0C9006F00C900D0
:1046300023016F004F0053005300530053005300F9
:1046400053005300530053006F006F006F006F0062
:104650006F006F006F001C016F006F006F000101A1
:10466000FA006F006F00EB006F006F006F006F00CB
:10467000DC006F006F006F006F006F00D6006F00EE
:104680006F006F006F00D0006F006F006F006F0051
:104690006F006F006F001C016F006F006F00010161
:1046A000FA006F006F00EB006F006F006F006F008B
:1046B000DC006F006F006F006F006F00D6006F00AE
:1046C0006F006F006F00D0002368D90500F13381BF
:1046D0001BEB0A0318D19A46236823F4C0732360A6
:1046E000D34605F8010BA268013A2369A2600133A1
:1046F00023617368013B002B736040F3C380336810
:1047000001333360002A88D1334646469846B9F1D2
:10471000000F03D0236823F4807323600BF1FF3272
:10472000012A40F2D0800AF1FF33062B1AD8BAF1E1
:10473000020F40F24181BAF1030F13D0AAF1040A2B
:104740005FFA8AFA6FEA0A0AAA44D4F87C3115F8AB
:10475000011D4246304698472369554503F1FF3312
:104760002361F2D12268D00520D5510500F13581B1
:10477000236915F8011C013B6529236105F1FF3A06
:104780000DD045290BD0D4F87C31424630469847AD
:10479000236915F8021C013B2361A5F1020A424678
:1047A000D4F87C31304698472268554612F0100202
:1047B00000F0A380002007B0BDE8F08F2368190641
:1047C000A2D523F0800323608BE7BAF1070F9BD1BA
:1047D0004FF0080A85E7BAF1060F95D14FF0070AA6
:1047E0007FE7BBF1000F40F08180B9F1000F00F0CE
:1047F000B780BAF1010F0DD0BAF1040F0AD083E7E8
:10480000BAF1000F4BD0BAF1030F03D0BAF1050F84
:104810007FF47AAF0AF1010A5FFA8AFA61E7BAF126
:10482000020F7FF471AF4FF0030A5AE7236803F4D5
:10483000A062B2F5806F05D059057FF565AFB9F17B
:10484000000F36D09A0504D4019A0495A9EB020210
:10485000029223F4F06343F4C07323604FF0000925
:104860003FE7BBF1010F7FF44FAF4FF0020B38E78A
:1048700023689A057FF548AF23F420732360CDF8B1
:1048800004902EE7D4F880313146404698470028FE
:104890007FF43AAFA268002A7FF4BFAE34E7B9F1E3
:1048A000000F6AD1236803F4E062B2F5E06F00F014
:1048B000BA800BF1FF323346012A46464FF0000919
:1048C00098463FF630AFBD420CD9D4F87C3115F88C
:1048D000011D4246304698472369BD4203F1FF332C
:1048E0002361F2D1012007B0BDE8F08FBBF1020FC8
:1048F0007FF47FAF4FF0030BF3E62A70236803F4D5
:10490000C063B3F5806F3CD0029B002B40F08280E7
:10491000002239463046FDF739F923689A0740D519
:1049200005990B681A1D0A601B6883ED000BE3688C
:104930000133E3603EE723F080032360039B09F12A
:104940000109002B3FF4CFAE039B013B0393CCE660
:1049500027464FF0000E57F81C3B43F4F0634AE63D
:10496000236803F4E062B2F5E06F7FF442AF23F412
:10497000F06323604FF0010BB3E63346464698469A
:10498000C8E6019B9945C3D0A3EB090204F26F135B
:104990009D4228BF04F5B77529492846FBF7F2FC6C
:1049A000B6E7059802685B0702F1040125D50160AE
:1049B000136883ED000BBAE7BD4293D9D4F87C317C
:1049C00015F8011D4246304698472369BD4203F160
:1049D000FF332361F2D1012085E7BD4282D9D4F8AB
:1049E0007C3115F8011D4246304698472369BD4287
:1049F00003F1FF332361F2D174E7059BB4EE400B62
:104A00001960F1EE10FA156813D6B7EEC00B85EDFC
:104A1000000A8CE7049D0A23691C3046FFF7A2FCBC
:104A2000029BC21AB2E723F4F06323604FF0010A3D
:104A300057E6044801F038F885ED000A77E700BF33
:104A40003CE0010804A5010840EA01039B0710B5FA
:104A500001D1032A17D8844601F1FF3E07E01EF872
:104A6000011F03F8011B541E29B19C4622466346D0
:104A7000002AF4D110BD9444002CFBD003F8011B94
:104A80006345FBD110BD8E468446DEF80040A4F19C
:104A9000013323EA040313F0803F71460EF1040E44
:104AA000DAD1043A032A4CF8044BEED87146D3E726
:104AB0000CB400B583B004AB53F8042B019300F0A1
:104AC00055FE03B05DF804EB02B070470EB410B5AC
:104AD00083B005AB064C53F8042B019301462068C4
:104AE00000F044FE03B0BDE8104003B0704700BFC3
:104AF00000000020194B70B51D686A6C04460E4614
:104B000032B1314620460123BDE8704002F02ABA96
:104B10005020FFF747FD02466864D0B100230377B9
:104B2000C0E90033C0E90233C0E90433C0E90B3304
:104B3000C0E90D33C0E90F33C0E91133C0E90933CF
:104B40008361C364314620460123BDE8704002F012
:104B500009BA034B03485B21FBF7FCFF0000002070
:104B6000F0DE010844E001082DE9F041144641B3AC
:104B70000AB306460D4601F02DFD8442074602D8D1
:104B8000B4EB500F13D821463046FEF7E9FA8046C1
:104B900050B1BC422246294628BF3A46FFF768FC7E
:104BA00029463046FFF75CFA4046BDE8F081A8464A
:104BB0004046BDE8F081A046FFF752FA4046BDE806
:104BC000F081BDE8F0411146FEF7CABA2DE9F84F71
:104BD00092461F460A698B68DDF828909A42B8BF52
:104BE0001A46CAF8002091F843300C46064613B125
:104BF0000132CAF80020226891065FD5DAF8003049
:104C00000233CAF80030226812F0060F11461DD197
:104C1000E1689942D8BF114618DD4FF0000804F151
:104C2000190B05E0E568DAF80030ED1A45450CDDB2
:104C300001235A4639463046C847013008F1010879
:104C4000F0D14FF0FF30BDE8F88F216894F8433081
:104C5000003B18BF01238A060AD5E1185A1C3020F0
:104C600081F84300224494F8451082F8431002333F
:104C700004F1430239463046C8470130E1D0236889
:104C8000DAF80050216903F00603042BD4E902206E
:104C90001BD08A4220DD4FF00008521A90441A348B
:104CA000002501E0454517DA012322463946304602
:104CB000C847013005F10105F4D1C2E712F0060F33
:104CC0000DD0003B18BF0123D2E7401B8A4220EAE7
:104CD000E078E2DC0028E2DC0020BDE8F88FE16843
:104CE000DAF800309942D8BF114696DCAEE700BF33
:104CF0002DE9F047174684B00A7E0C9D0C46064607
:104D0000984601F1430C002A35D0A2F15803D9B2DC
:104D1000202969D8202B67D8DFE813F0E600660069
:104D20006600660066006600660066006600660053
:104D30006600AC00700066006600660066007000E9
:104D4000660066006600660021008300C6006600FB
:104D50006600B6006600830066006600EC002B6803
:104D600022686169181D286010061B6802D452066B
:104D700000F1E08019600023E1462361CDF8008056
:104D80003B4603AA21463046FFF720FF013020D0E2
:104D900023694A4639463046C047013019D0236856
:104DA000E068DDF80C909B0718D5484516DD002516
:104DB00004F1190A04E0E068A0EB0903AB420DDD41
:104DC0000123524639463046C047013005F10105FE
:104DD000F1D14FF0FF3004B0BDE8F0874845B8BFCF
:104DE000484604B0BDE8F08784F84220012004F171
:104DF00042090023206184F84330BFE72A68236812
:104E0000111D1806296002D4590600F1958010681A
:104E1000014600286268C0F2938054484FF00A0EA1
:104E200015E020682B6810F0800F53F8041B02D1A6
:104E3000400648BF89B26F2A4C482B6014BF4FF020
:104E40000A0E4FF0080E0023626884F84330002AEF
:104E5000A26051DB236823F00403236000294BD1B7
:104E6000002A7BD1E146BEF1080F56D0ACEB090316
:104E7000236183E72B681A6804332B6004F142092D
:104E800084F842200120B4E72B686268191D29606C
:104E9000D3F8009000214846FFF79AFA002863D023
:104EA000A0EB09006060A4E7236843F020032360BF
:104EB00078222F4884F845202A6813F0800F52F892
:104EC000041B03D113F0400F18BF89B22A60DA0720
:104ED00044BF43F02003236019B9236823F0200363
:104EE00023604FF0100EAEE7582384F845301F487A
:104EF0002368E1E72368DBE77546E146B1FBF5F39C
:104F000005FB131A0A46AA4210F80A1009F8011DF7
:104F10001946F3D2BEF1080FA8D12368DD07A5D545
:104F2000626823699A42A1DC302309F8013C09F147
:104F3000FF399BE719801EE7B2F90010084668E7C1
:104F40002D20002AA26084F8430002DB23F0040332
:104F500023600A2505484942AE46CEE7037884F827
:104F6000423004F142097EE7606842E774E00108DC
:104F700088E00108704700BF704700BF002A3ED09C
:104F800030B584460446084380070B462ED1032AD9
:104F900007D82BE0043A25D01EF0803F22D1032A07
:104FA00022D92068194653F8045BA0F1013EA842BB
:104FB000A4462EEA000E04F10404EBD09CF8000095
:104FC0000C7884421DD1E64668B11EF8010F11F835
:104FD000014FA2EB0E03A04203F1FF3311D11CEBF2
:104FE0000303F1D1002030BDA44619469CF800000F
:104FF0000C78A04205D1012AF4D0E646E4E7104639
:105000007047001B30BD00BF000000000000000022
:105010000000000000000000000000000000000090
:1050200002780B78012A28BF9A4240F0D8806DE9B7
:10503000044540EA0104CDE902676FF0000C4FEA35
:1050400044721AB380EA010414F0070F6BD100F028
:10505000070420F0070004F0030521F007014FEAE0
:10506000C505F0E8042314F0040FF1E804670CFA16
:1050700005F462EA040266EA04060BD063EA04035C
:10508000624667EA0407664604E000BFF0E80423CE
:10509000F1E8046782FA4CF582EA0604A4FA8CF47B
:1050A0006CBB83FA4CF583EA0705A5FA8CF595B934
:1050B00050E9022351E9026782FA4CF582EA0604BC
:1050C000A4FA8CF483FA4CF583EA0705A5FA8CF56B
:1050D0002543DBD09CB92DBAB5FA85F424F007043A
:1050E00027FA04F1DDE9026723FA04F303F0FF0075
:1050F00001F0FF01FDE80445A0EB0100704724BA70
:10510000B4FA84F424F0070426FA04F1DDE9026716
:1051100022FA04F202F0FF0001F0FF01FDE804456D
:10512000A0EB0100704714F0030F3CD110F0030412
:1051300028D150F8082B51F8083B82FA4CF582EA46
:105140000305A5FA8CF55DB950F8042C51F8043C20
:1051500082FA4CF582EA0305A5FA8CF5002DE8D019
:105160002DBAB5FA85F424F0070423FA04F122FAE3
:1051700004F202F0FF0001F0FF01FDE80445A0EB9E
:10518000010070474FEAC40420F0030050F8082BD8
:1051900021F0030151F8083B0CFA04F462EA04021E
:1051A00063EA0403C9E710F003041DD0A1EB040176
:1051B00020F00300E40750F8042B06D012D28B78BD
:1051C0005FFAA2F4E41A06D12BB1CB785FFAB2F4FD
:1051D000E41A00D133B920465DF8104B7047A2EBBA
:1051E0000300704701F1040150F8042BCC0721F0B3
:1051F000030151F8043B48D824D222F07F4482FABC
:105200004CF594EA1325A5FA8CF50AD165B951F845
:10521000043B84EA0204B4EB036F0ED150F8042B74
:10522000EBE74FEA132355E035F07F454DD1087881
:10523000FDE80445C0F1000070474FEA126203F038
:10524000FF0347E002EA1C4482FA4CF594EA134556
:10525000A5FA8CF50AD165B951F8043B84EA020439
:10526000B4EB034F0CD150F8042BEBE74FEA134398
:1052700030E015EA1C4528D10B884FEA124229E09C
:105280004FEA124203EA1C4324E002F0FF0482FAD0
:105290004CF594EA1365A5FA8CF50AD165B951F875
:1052A000043B84EA0204B4EB032F09D150F8042B29
:1052B000EBE74FEA13630DE015F0FF0F05D10B6824
:1052C0004FEA122223F07F4304E04FF00000FDE894
:1052D0000445704712BA1BBA82FA4CF482EA0304FE
:1052E000A4FA8CF5B5FA85F402FA04F203FA04F391
:1052F0004FEA1260FDE80445A0EB1360704700BF61
:1053000008B410B5002A9DB0044636DB4FF4027392
:10531000ADF814304FF000031B930291069120ABBF
:1053200017D0013A4FF6FF7104920792ADF81610AC
:105330001F9A019302A9FCF7C1FD421C01DA8B23DD
:105340002360029B00221A701DB0BDE8104001B01E
:1053500070474FF6FF7104920792ADF816101F9A2E
:10536000019302A9FCF7AAFD431C01DA8B232360F9
:105370001DB0BDE8104001B070478B2303604FF0B3
:10538000FF30F5E70CB410B5214B00291C689CB028
:1053900038DB4FF000034FF402721B93ADF814207A
:1053A000029006901FAB18D001394FF6FF7204919E
:1053B0000791ADF8162002A91E9A01932046FCF72A
:1053C0007DFD421C01DA8B232360029B00221A70B0
:1053D0001CB0BDE8104002B070474FF6FF72049158
:1053E0000791ADF8162002A91E9A01932046FCF7FA
:1053F00065FD431C01DA8B2323601CB0BDE810401F
:1054000002B070478B2323604FF0FF30F5E700BFF9
:105410000000002010B40468013409E014F8013BD6
:10542000A3F1410CBCF1190F98BF2033934208D16E
:1054300011F8012B002AF1D1046001205DF8044B22
:10544000704700205DF8044B704700BF09682DE9E4
:10545000F04F4B1102EB830311F01F0B07460CBFFB
:105460001846181D3C680CBF1D1F1D46002340F840
:10547000043C617885B00134002900F0A8809E4684
:105480009A461E460B4601461046DFF88891019762
:105490005A46A846AC46834610E0202B00F28F8087
:1054A000564508DDE04502D9BEF1070F5FDDE34553
:1054B00054D34FF0080E14F8013FB3B119F803703C
:1054C000002FEAD00EF1010EBEF1080F06F1010621
:1054D0003ADCDCF800301B0107F00F071F43CCF863
:1054E000007014F8013F002BE8D15B460846934654
:1054F0001A46002E6BD0C44502D2BEF1070F73DDF1
:1055000062454DD2111F634653F8044B41F8044FD6
:10551000AB42F9D9A5EB0C0323F00303691C043358
:105520000CF1010C8C4588BF04231344002143F87F
:10553000041BAB42FBD950F8043C002B4DD1AA42CE
:1055400049D055F8043DF8E7E345B4D200234CF8C0
:10555000043C4FF0010EACF1040CBDE70023ACF1AC
:1055600004084CF8043CB246C4469E46A3E7CEF17C
:1055700008008000CDE9022CDCF800306746C0F15D
:10558000200E8446786800FA0EF21A4320FA0CF3D3
:105590003A6047F8043FB845F4D8DDE9022C86E7C5
:1055A00050F8043CBBF1000FC7D0CBF1200B4FF0FB
:1055B000FF3121FA0BF10B4040F8043CBDE70846EF
:1055C000194629295B46019F93461A4609D00420B3
:1055D00005B0BDE8F08F01232B60052005B0BDE8C4
:1055E000F08F01343C6084E7CEF10803DCF8001052
:1055F0009B00C3F1200E66460C46776807FA0EF151
:10560000214327FA03F4316046F8044FB045F4D83B
:1056100076E700BFA8890108032A30B415D941EA0A
:105620000004A40784460B4604D0541E0FE0043A3D
:10563000032A08D91946604653F8044B5CF8045B0A
:10564000A542F4D0F1E760461946541E7AB1431ED4
:105650000139021901E09A4209D013F8010F11F83B
:1056600001CF6045F7D0A0EB0C0030BC70470020A4
:1056700030BC704771B1034600EB010C01E063459B
:1056800006D01A46013311780029F8D1101A704754
:10569000181A7047084670470EB400B582B003ABC5
:1056A000816853F8042B019300F060F802B05DF8B4
:1056B00004EB03B0704700BF0FB400B5074983B0D7
:1056C00004AB086853F8042B8168019300F04EF88E
:1056D00003B05DF804EB04B0704700BF0000002089
:1056E0009368013B002B936011DA10B49469A342D4
:1056F00009DB0A2907D01368581C10601970084686
:105700005DF8044B70475DF8044B00F073B9136803
:10571000581C106019700846704700BF9BB1F8B55F
:10572000134406460F46541E5D1E01E0AC4208D0ED
:1057300014F8011F3A463046FFF7D2FF431CF5D15B
:10574000F8BD0020F8BD0020704700BF936810B579
:1057500014461BB918460023636010BD00F04CFFCF
:105760000023A3600023636010BD00BF2DE9F04F4C
:10577000A1B08B4691461C46049018B1036A002BD9
:1057800000F01C81BBF80C30180740F19580DBF865
:105790001030002B00F090800023CA460D9343F296
:1057A0002003ADF839309AF80030864E079401276F
:1057B000002B79D0D14604E019F8013F002B00F00E
:1057C0008580252BF8D1B9EB0A0840F0828099F842
:1057D0000030002B68D000234FF0FF32CDE90923C1
:1057E00009F1010908930B938DF863301E9305E0CE
:1057F000089A07FA03F31A430892A1464C46052279
:1058000014F8011B3046FEF7E3FDA246831B002877
:10581000EED1089BD90644BF20228DF8632099F869
:1058200000101A0744BF2B228DF863202A2966D165
:10583000079A1168043200290792C0F29A800B91EE
:1058400099F801102E2970D05F4C03222046FEF7F4
:10585000BFFD38B1089B001B4022824013430AF170
:10586000010A08931AF8011B58488DF838100622CF
:10587000FEF7AEFD002800F08280554B002B69D06A
:1058800007AA0092534B04985A4608A9FDF7DAF983
:105890000390039B013307D00D9B039A13440D9390
:1058A0009AF80030002B85D1BBF80C305B060AD487
:1058B0000D9821B0BDE8F08F0498594601F0BEFB69
:1058C00000283FF469AF4FF0FF30F2E7B9EB0A0868
:1058D000EAD00AF1FF35CDF81490A946049D01E005
:1058E000A0453ED94C465A4619F8011F2846FFF7F5
:1058F000F7FE02340130A4EB0A04F1D1D4E7A1F1A0
:105900003002092A88BFCA469CD80B9B00E00134AC
:10591000217803EB830302EB4303A1F13002092A50
:10592000F5D92E290B93A2468ED19AF801102A2977
:105930002FD1079B9AF802101A6809920433002AA3
:105940000AF102000793B8BF4FF0FF338246B8BF99
:10595000099379E7079B073323F00703083307937D
:105960009AE70D99DDF81490414499F800300D91B3
:105970002FE7494243F002030B91089360E707AA1F
:105980000092144B04985A4608A9FFF7B1F9039006
:105990007FE7A1F130020023092A09930AF1010AE5
:1059A0003FF652AF1AF8011F03EB830302EB4303E8
:1059B000A1F13002092AF5D9099345E701F0D6F99A
:1059C000E0E600BF88DF010890DF010894DF0108EE
:1059D000452C00081D57000810B4054C844613469A
:1059E00020685DF8044B0A466146FFF7BFBE00BF62
:1059F00000000020F8B50D461446064610B1036AB3
:105A0000002B37D0A389A269A2601A0719D5236990
:105A1000BBB122686169D31AEDB299422F4620DDED
:105A20000133A1680139A160511C216015706269C0
:105A30009A420DD0A389DB0701D50A2D08D038463C
:105A4000F8BD2146304601F0F9FA38B92369E0E79C
:105A50002146304601F044FA0028F0D04FF0FF37DD
:105A6000EDE72146304601F03BFA0028F6D12268E6
:105A70000123D6E701F07AF9C4E700BF10B4044C63
:105A800003460A4620685DF8044B1946FFF7B2BF8B
:105A900000000020000000009FED010B704700BFD8
:105AA000000000000000F87F9FED010A704700BF72
:105AB0000000C07F70B5C66905460C465EB1F3684C
:105AC000A3B153F82400E8B1026843F8242000236E
:105AD000C0E9033370BD1020FEF764FD0646E8619F
:105AE000E8B10023C0E90033C0E9023321220421D8
:105AF000284601F06DFAEB69F060DB68002BE0D11D
:105B0000002070BD012101FA04F6721D92002846A2
:105B100001F05EFA0028F3D0C0E90146D7E7034B55
:105B2000034832466B21FBF715F800BFF0DE010891
:105B30009CE0010870B5C66905460C464EB13CB103
:105B4000EB696268DB6853F82210216043F8224059
:105B500070BD1020FEF726FD0246E86120B1C0E9C5
:105B60000066C0E90266EAE7024B03488F21FAF7B4
:105B7000F1FF00BFF0DE01089CE001082DE9F041D3
:105B80000D6907460E461C4601F1140E0020DEF892
:105B900000108BB202FB03434FEA134C090C02FBCB
:105BA00001CC01309BB203EB0C4385424EF8043B21
:105BB0004FEA1C44EBDC3CB1B368AB4207DD06EBBB
:105BC000850301355C6135613046BDE8F08171685F
:105BD00038460131FFF76EFF804690B132690232DC
:105BE00006F10C0192000C30FEF742FC31463846BB
:105BF0004646FFF79FFF06EB850301355C61356183
:105C0000E2E7034B03484246BA21FAF7A3FF00BF7D
:105C10009CDF01089CE001082DE9F8431746284A5B
:105C20001E4608330C46092E82FB03124FEAE3732B
:105C30000546C3EB62033ADD4FF0010C00214FEA49
:105C40004C0C634501F10101F9DC2846FFF732FFF6
:105C5000014670B3089B4361092F4FF001030361B4
:105C600012DC0A340927BE420BDDF61B264414F869
:105C7000013B0A22303B2846FFF780FFB442014631
:105C8000F5D10846BDE8F88304F1090804EB0709DB
:105C9000444614F8013B0A22303B2846FFF76EFFCA
:105CA0004C450146F5D1A7F108044444DBE7002147
:105CB000CBE70A46034B0448D321FAF74BFF00BF5A
:105CC000398EE3389CDF01089CE00108B0F5803F85
:105CD000034636BF030400201020B3F1807F3CBF91
:105CE0001B020830B3F1805F3CBF1B010430B3F1ED
:105CF000804F03D3002B06DB013070479B0003D499
:105D00005B0003D420207047023070470330704797
:105D1000036813F00702014607D0DA071FD498077B
:105D200021D55B080B600120704798B2A0B11046E6
:105D3000DAB20AB908301B0A1A0704BF1B0904307B
:105D40009A0704BF9B080230DA0703D45B0800F10E
:105D5000010006D00B6070471B0C1020E8E7002004
:105D60007047202070479B080B600220704700BFDF
:105D700010B50C460121FFF79DFE024618B1012324
:105D8000C0E9043410BD034B034840F24511FAF753
:105D9000E1FE00BF9CDF01089CE001082DE9F04F07
:105DA000D1F810801569A84585B00E46924605DBEE
:105DB0002A46534645468A4690461E46DAF808303B
:105DC000DAF8041005EB0804A342B8BF0131FFF76D
:105DD00071FE8446002800F08B8000F1140707EB69
:105DE000840E774505D23B46002243F8042B9E459E
:105DF000FBD8143606EB88080AF11409464509EB6E
:105E0000850566D2A5EB0A03153B23F003030AF1CF
:105E1000150A043355452CBF9B464FF0040BCDF8B3
:105E200008E00394AE46E24605E0090C2AD1B045ED
:105E300007F104074AD956F8041B8DB2002DF4D09F
:105E4000CC463C46002301965CF8040B216886B2E0
:105E50008AB2000C05FB0622090C1A4405FB00114E
:105E600001EB124192B242EA0142E64544F8042BAA
:105E70004FEA1143E8D8019E47F80B3056F8041C4E
:105E8000090CD4D03B68002248461D463C46944647
:105E9000028801FB02C202EB15429BB243EA0243B5
:105EA00044F8043B50F8043B25684FEA134CABB26E
:105EB00001FB0C3303EB124370454FEA134CE7D35D
:105EC000B04547F80B3007F10407B4D8DDE902E428
:105ED000D446002C02DC05E0013C03D05EF8043D12
:105EE000002BF9D06046CCF8104005B0BDE8F08F2B
:105EF000034B044862464FF4B171FAF72BFE00BF22
:105F00009CDF01089CE001082DE9F04312F0030337
:105F100083B0144607462DD10E46A4101CD0FA6952
:105F20008AB39568002D39D0E3074FF0000906D4F5
:105F3000641011D0286898B10546E307F8D53146BA
:105F40002A463846FFF72AFF314680463846FFF793
:105F5000F1FD64104646EDD1304603B0BDE8F08354
:105F60002A4629463846FFF719FF2860C0F80090F6
:105F70000546E2E7013B184A52F823200023FFF7C9
:105F8000FDFD0646C9E71020FEF70CFB0246F8614E
:105F9000E0B10023C0E90033C0E9023301213846F3
:105FA0000192FFF787FD019A054640B1012340F2B7
:105FB0007121C0E90431002390600360B4E7074B0E
:105FC00007482A4640F24511FAF7C4FD054B04483C
:105FD00040F2B311FAF7BEFDB08B01089CDF010857
:105FE0009CE00108F0DE01082DE9F0470D469146DE
:105FF0002B69496803EB6218AB6808F101049C4205
:1060000007464FEA621A04DD5B009C4201F1010180
:10601000FADC3846FFF74EFD064600284DD0BAF1AF
:10602000000F00F114000EDD0AF105024FEA820CA8
:10603000034606EB8202002143F8041B9342FBD186
:10604000ACF114031844296905F1140319F01F0970
:1060500003EB810129D0C9F1200E84464FF0000ADC
:106060001A6802FA09F242EA0A024CF8042B53F8C1
:10607000042B994222FA0EFAF2D84B1B153B23F05F
:106080000303043305F11502914238BF042340F89D
:1060900003A0BAF1000F00D14446384634612946C6
:1060A000FFF748FD3046BDE8F087043853F8042B6D
:1060B00040F8042F9942F9D8EEE7034B03483246E3
:1060C0004FF4EF71FAF746FD9CDF01089CE00108F0
:1060D0000B6984460069C01A16D10CF1140C1431F6
:1060E0000CEB830210B401EB830301E0944508D26A
:1060F00052F8044D53F8041D8C42F7D005D24FF0EE
:10610000FF305DF8044B7047704701205DF8044B89
:10611000704700BF2DE9F04F15460A692B69D21A66
:10612000002A83B0884640F0878001F1140605F10B
:10613000140101EB830106EB830301E09E427ED252
:1061400053F8044D51F8042D9442F7D075D32B46E3
:106150000024454698466968FFF7ACFC8146002854
:1061600000F089802E69C460D8F8100005F1140B86
:1061700008F1140E09F1140A05F110020EEB80006B
:106180000BEB860157464FF0000CCDF804B05EF8DB
:10619000044B52F8045F1FFA84FBABB2A3EB0B0372
:1061A000240C6344C4EB154404EB23449BB243EA40
:1061B0000443704547F8043B4FEA244CE7D8A0EB72
:1061C000080208F115084045A2F1150234BF00206D
:1061D000012092080028DDF804B002F101044FEA22
:1061E000840408BF04240BEB0405A942544433D9AA
:1061F0002746284650F8043B1CFA83FE1A0C6344D9
:1062000002EB2E429BB243EA0243814247F8043B31
:106210004FEA224CEED80139491B21F003010C440E
:1062200023B954F8043D013E002BFAD04846C9F882
:10623000106003B0BDE8F08F89DA01248BE70021FC
:10624000FFF738FC814678B101220023C0E904231E
:10625000484603B0BDE8F08F00284FEA820208BF2D
:1062600000220AEB0204DBE7064B07484A4640F2ED
:106270003721FAF76FFC034B03484A4640F24521A9
:10628000FAF768FC9CDF01089CE0010882B08DED04
:10629000000B164B019A1340A3F15073002B06DD3F
:1062A00000221946104641EC100B02B070475B42C9
:1062B000B3F1A07F4FEA235209DA4FF400231341D0
:1062C00000221946104641EC100B02B07047A2F1B3
:1062D00014031E2BDABF4FF00042DA4001220023E4
:1062E0001946104641EC100B02B070470000F07FD9
:1062F000F8B5046900F1140606EB8404271F54F86E
:10630000045C2846FFF7E2FCC0F120030A280B607A
:1063100033DDBE42A0F10B0119D254F8080C21B3B1
:10632000C1F120078D4020FA07F215438840A4F1FF
:10633000080145F07F538E4243F4401319D254F8BC
:106340000C1CF9400843024643EC102BF8BD0B2807
:106350000AD005FA01F141F07F53002043F44013C5
:10636000024643EC102BF8BD002045F07F5343F468
:106370004013024643EC102BF8BDC0F10B0C25FA7C
:106380000CF1BE4241F07F5338BF54F8081C00F1B5
:10639000150034BF21FA0CF1002105FA00F0084382
:1063A00043F44013024643EC102BF8BD2DE9F043B3
:1063B0000E4683B0012159EC108B1546FFF77AFB8E
:1063C0000446002846D0C9F30A57C9F313030FB196
:1063D00043F480130193B8F1000313D101A8FFF730
:1063E00097FC019B63610122203022610FB3A7F269
:1063F00033470744C0F1350037602860204603B0BA
:10640000BDE8F08368460093FFF782FC019BF8B17A
:106410000099C0F1200203FA02F2C3400A4301933B
:10642000002B62610CBF01220222A3612261002FB6
:10643000DDD104EB8203A0F2324030601869FFF72F
:1064400045FCC0EB42102860204603B0BDE8F08355
:10645000009AE5E7034B0448224640F20F31FAF771
:1064600079FB00BF9CDF01089CE00108F0B583B018
:106470000E4669460746FFF73BFF01A9304655EC3B
:10648000104BB0EE407BFFF733FF33693A69D21A05
:10649000DDE900315B1A03EB4213002B09DD17EE37
:1064A000902A02EB035545EC174B87EE000B03B027
:1064B000F0BD10EE902A51EC100BC3EB033302EB4E
:1064C000035141EC100B87EE000B03B0F0BD00BF91
:1064D000172808DDB7EE000BB2EE047B013820EE82
:1064E000070BFBD17047034B03EBC00393ED040B89
:1064F000704700BFB08B01080139491101F1010C4F
:10650000116902F1140303EB81018B4200EB8C0C47
:1065100016D210B5A0F1040E53F8044B4EF8044FF8
:106520009942F9D88B1A153B23F00303043318441E
:10653000844504D9002340F8043B8445FBD810BDB2
:10654000844505D9002340F8043B8445FBD87047B7
:10655000704700BF03694A11934200F1140009DA41
:1065600000EB830302E053F8042DAAB98342FAD862
:106570000020704700EB8203F8DD11F01F01F5D019
:1065800010B450F8224024FA01F28A40944209D013
:1065900001205DF8044B70470120704753F8042D2B
:1065A000002AF5D18342F9D800205DF8044B7047EA
:1065B00038B5074D0022044608462A6000F008FF5F
:1065C000431C00D038BD2B68002BFBD0236038BDA6
:1065D0005003002051F8043C181F002BBCBF0B587F
:1065E000C0187047F03070470048704740010020E5
:1065F00000487047400100209368002B00F0F880AD
:106600002DE9F04FB1F90CC01CF0080F83B0904693
:1066100081460C4631D00B697BB31CF00207D8F8D9
:10662000006038D00027D4F828B0216ADFF8C4A26F
:106630003D4655452B463A4628BF53464846C5B1C8
:10664000D847002840F3CA80D8F808301B1A0744FE
:106650002D1AC8F80830002B00F0B68055452B469F
:10666000D4F828B0216A28BF53463A464846002D40
:10667000E6D1D6E900750836DBE72146484600F04A
:10668000DDFC002840F0AF80B4F90CC0D8F8006001
:106690001CF00207C6D11CF0010A63D12368A1686F
:1066A000574618468B46002F58D01CF4007F00F048
:1066B000B580B9420A4600F2E1801CF4906F2FD0F9
:1066C000216962695D1A02EB420202EBD2726B1C15
:1066D00052103B44934292BF93469B461A461CF489
:1066E000806F00F0EA8011464846FCF739FD00282B
:1066F00000F0F9802A4621690090FDF7B9FEA289D1
:10670000009B22F4906242F08002A2815819ABEB08
:106710000505C4F814B02361A5602060BB463A4665
:1067200051460092FDF7FAFCA1682368009AA1EB9C
:106730000B011A443D46A16022600027D8F80830BA
:106740005B1BAA44C8F80830002B3DD02368A16821
:10675000B4F90CC018468B46002FA6D1D6E900A785
:1067600008369EE73846BB463D460097002D41D08F
:10677000002846D0009A2068A168D4E90473AA4290
:1067800028BF2A46B84204D901EB030A524500F358
:106790008580934275DC216AA76A5A464846B84705
:1067A000B0F1000A1ADD009BB3EB0A0300930FD08F
:1067B0000120D8F80830A3EB0A03D344A5EB0A055F
:1067C000C8F80830002BD1D1002003B0BDE8F08F0D
:1067D0002146484600F084FB0028EAD0B4F90C308A
:1067E00043F04003A3814FF0FF3003B0BDE8F08FCA
:1067F00000207047756833460836002DFAD0D3F86C
:1068000000B02A460A215846FDF7E2FD002867D06D
:106810000130A0EB0B0300931A46ACE722699A42C1
:1068200014D36269BA4211D86FF00043BB4228BF4B
:106830003B46A56A93FBF2F3216A02FB03F3484649
:106840005246A847051EC9DD7F1B77E7B94228BF1E
:1068500039460D4618460A465146FDF75FFCA168C9
:106860002368491B2B44A16023600029ECD12146F9
:10687000484600F035FB0028E6D0AFE7BB463A4675
:106880004EE759460192FDF749FC019AA3689B1A0D
:10689000A360236813442360924684E75946524616
:1068A000FDF73CFC2368534423602146484600F032
:1068B00017FB00283FF477AF90E74846FEF754F9FE
:1068C000034600287FF422AF21694846FDF7C8FB44
:1068D000B4F90C300C22C9F8002023F080037FE7C4
:1068E0006A1C009247E70C22B4F90C30C9F800206A
:1068F00076E700BF00FCFF7F10B4034CD4F8E440FF
:10690000A4465DF8044B60475000002082B049B1B6
:106910005AB16BB113780B601278101E18BF0120AA
:1069200002B0704701A9002AF3D1104602B07047A7
:106930006FF00100F4E700BF38B5C46B0CB1002064
:1069400038BD80210546FCF70BFC0246E86330B1F8
:10695000031F7C3243F8044F9342FBD1EFE74FF023
:10696000FF3038BD30B51F2983B0054608D8C36B4A
:106970000C4653B153F8240043F8242003B030BD33
:10698000162303604FF0FF30F8E780210192FCF7F7
:10699000E7FB019AE86303460028F3D0011F00F1EA
:1069A0007C05002041F8040FA942FBD1E2E700BFBB
:1069B0001F2938B505461ED8C26B0C466AB152F87D
:1069C000213053B1012B06D0591C10D0002142F8C0
:1069D000241020469847002038BD284600F08CFC43
:1069E000224601462846BDE8384000F06FBC162319
:1069F0000360012038BD162303604FF0FF3038BD1F
:106A00001F292AD838B5C36B0C460546A3B153F8E5
:106A1000242003EB84034AB1511C0BD0012A07D078
:106A2000002520461D609047284638BD012038BD0E
:106A3000032038BD022038BD8021FCF791FB0346BE
:106A4000E86338B1021F00217C3042F8041F824203
:106A5000FBD1DCE74FF0FF3038BD4FF0FF3070471F
:106A600038B5134B1F281D681DD8EA6B044662B168
:106A700052F820304BB1012B05D0591C0FD000210A
:106A800042F820109847002038BD284600F034FC1A
:106A9000224601462846BDE8384000F017BC1623C0
:106AA0002B60012038BD16232B604FF0FF3038BD1E
:106AB00000000020114B1F2870B51E6808D8F36B2A
:106AC00004460D464BB153F8240043F8245070BDE2
:106AD000162333604FF0FF3070BD80213046FCF745
:106AE0003FFB0346F0630028F4D0021F00217C30F6
:106AF00042F8041F8242FBD1E5E700BF00000020FE
:106B000038B50B4B1D68EC6B0CB1002038BD8021F3
:106B10002846FCF725FBE86338B1031F00F17C022F
:106B200043F8044F9342FBD1EFE74FF0FF3038BDFD
:106B30000000002038B5174B1F281D6826D80446D2
:106B4000E86BA0B150F8243000EB84004BB15A1C24
:106B50000BD0012B07D0002505602046984728461A
:106B600038BD012038BD032038BD022038BD80214A
:106B70002846FCF7F5FAE86340B1031F00F17C01F9
:106B8000002243F8042F8B42FBD1DBE74FF0FF30AC
:106B900038BD00BF0000002000207047024A0349B2
:106BA000034800F029BA00BFBC010020E16E0008D4
:106BB000040000200C4B4168994210B5044601D0F6
:106BC00000F08EF9A168094B994202D0204600F0EE
:106BD00087F9E168064B994204D02046BDE8104091
:106BE00000F07EB910BD00BF140200207C0200201E
:106BF000E4020020002070472DE9F8432A4C2B497D
:106C0000DFF8BC90DFF8BC80294FC4F838110025AC
:106C100004230822294604F15C00264EE360C4E9FF
:106C20000055C4E90455A5606566A561FBF7F4FE4F
:106C3000214B63670822294604F1C400C4E90849CE
:106C4000C4E90A87C4E91A55C4E91E552567C4F882
:106C5000CC50C4F880502663FBF7DEFE174BC4F817
:106C6000DC30294604F16803082204F59670C4F864
:106C70008830C4E92398C4E92576C4E93455C4E9C9
:106C80003855C4F8D850C4F83451C4F8E850FBF76C
:106C9000C3FE04F1D003C4E93D98C4E93F76C4F8CB
:106CA000F030BDE8F88300BF140200209D6B00089F
:106CB000A1720008C572000809000100120002005C
:106CC0003972000861720008F8B5254BD3F83831E5
:106CD0000646002B3CD0234FD7E90134013B04D5B5
:106CE0001DE05A1C04F1680419D0B4F90C50013BA2
:106CF000002DF6D11C4BE360C4E90155C4E90455ED
:106D000065662560A5610822294604F15C00FBF751
:106D100083FEC4E90D55C4E912552046F8BD3D680F
:106D20000DB12F46D8E74FF4D6713046FCF718FA6C
:106D3000044680B10423C0E900530C302946A0600A
:106D40004FF4D0722546FBF767FE3C602F46C3E741
:106D5000FFF752FFBFE70C2338603360DDE700BF69
:106D600014020020BC0100200100FFFF036A03B1F0
:106D70007047044B044AD3F838310262002BF7D134
:106D80003AE700BF14020020B56B0008704700BF4F
:106D9000704700BF024A0349002000F02DB900BF30
:106DA000BC010020996B0008024A0349002000F052
:106DB00023B900BFBC010020F56B0008B1F90C300D
:106DC0002DE9F0411E070C4680463DD44A68002A52
:106DD00056DDE56A002D34D00022D8F80060C8F8EE
:106DE000002013F48052216A57D101234046A8475E
:106DF000451C024666D0B4F90C30E56A216A580792
:106E000005D56368D21A636B0BB1236CD21A0023C9
:106E10004046A847431C42D0002363602369236097
:106E2000A389DF0400D56065616BC8F8006041B1DB
:106E300004F14403994202D04046FDF711F90023C2
:106E400063630020BDE8F0810E69002EF9D09B0736
:106E50000D6808BF4B690E6018BF0023AD1B8B6027
:106E60000BE02B463246216AA76A4046B847B0F18C
:106E7000000CA5EB0C05664406DD002DF1DCE0E717
:106E80000A6C002AA5DCDCE7B4F90C3043F04003BF
:106E9000A3814FF0FF30BDE8F081626DAFE7D8F815
:106EA0000010B4F90C301D29F0D80C4ACA40D5079F
:106EB000ECD52269226000226260DA04B4D5002990
:106EC000B1D0B1E7D8F80030002B94D01D2B01D001
:106ED000162BD9D1C8F80060B3E700BF01004020ED
:106EE0000B69B3B110B5044682B008B1036A5BB157
:106EF000B1F90C3013B9002002B010BD204602B029
:106F0000BDE81040FFF75ABF0191FFF72FFF01992D
:106F1000EEE70020704700BFB8B138B50D4A0369ED
:106F2000156804462BB10DB12B6A53B1B4F90C307E
:106F30000BB9002038BD21462846BDE83840FFF790
:106F40003DBF2846FFF712FFF0E7034A0349044814
:106F500000F052B800000020BC010020E16E0008E3
:106F60000400002018B3F0B407468C4617F8015B04
:106F700001E0A54214D01CF8014B002CF9D1DDB181
:106F80003E460C4616F8015B00E063B114F8013B85
:106F90009D42FAD14DB100233B701660F0BC7047A2
:106FA00073B13846E0E73746EAE72E46F5E7106862
:106FB0000028D8D10020704715600020F0BC704731
:106FC00017600370EAE700BF0123FFF7CBBF00BFE4
:106FD00070B5A1FB025454B92946FCF7C1F8064626
:106FE00018B12A462146FBF717FD304670BD0C222A
:106FF00002600026F9E700BF2DE9F84307468846FE
:1070000016464FF00009D6E90154013D10D4A3897A
:10701000012B08D9B4F90E3001332146384602D08D
:10702000C04749EA0009013D6B1C04F16804EED138
:107030003668002EE7D14846BDE8F88338B52F4BB7
:107040001B6805460C4613B11A6A002A4BD0B4F9E6
:107050000C3018071CD5226922B313F0010107D0A8
:10706000616900204942A060A1613AB1002038BDA9
:10707000980758BF6169A160002AF7D1190658BF67
:107080001046F4D543F04003A3814FF0FF3038BDE4
:10709000D9062CD55A0712D4226943F00803A381DC
:1070A000002ADAD103F42071B1F5007FD5D0214652
:1070B000284600F025F8B4F90C302269CDE7616B61
:1070C00051B104F14402914204D02846FCF7C8FFB4
:1070D000B4F90C300022626322690021C4E9002166
:1070E00023F02403D9E71846FFF740FEAFE7092253
:1070F00043F040032A60A381C7E700BF00000020DF
:1071000070B5B1F90C300C46990796B007D504F16B
:1071100047030122C4E90432236016B070BDB4F9FC
:107120000E100029054629DB6A4600F00FF90028F9
:1071300022DB4FF480612846019EFCF711F888B3EA
:10714000A389206043F0800306F47046A381B6F55E
:10715000005F4FF48063C4E90403DED1B4F90E107C
:10716000284600F057F80028D7D0A38923F003035E
:1071700043F00103A381D0E7B4F90C3013F0800F82
:1071800014BF40264FF4806631462846FBF7E8FFDF
:1071900040B1A389206043F08003C4E90406A381C1
:1071A00016B070BDB4F90C309A05B6D423F00303C1
:1071B00004F1470243F002030121C4E90421A38141
:1071C0002260AAE770B50C46B1F90E10002996B0FE
:1071D00015461E460FDB6A4600F0B8F800280ADBA9
:1071E000019B03F47043A3F50053B3FA83F34FF408
:1071F00080625B0908E0A28912F0800F4FF0000363
:1072000014BF40224FF48062002033602A6016B021
:1072100070BD00BF38B5074D0022044608462A60FD
:1072200004F068FC431C00D038BD2B68002BFBD059
:10723000236038BD5003002010B50C46B1F90E1084
:1072400000F06EF8002803DB636D0344636510BD36
:10725000A38923F48053A38110BD00BF0020704791
:107260002DE9F0410C46B1F90C101F46CB0505463F
:1072700016460BD421F48051A1813B46B4F90E107F
:1072800032462846BDE8F04100F08CB8B4F90E1043
:107290000223002200F070F8B4F90C10EAE700BFF6
:1072A00010B50C46B1F90E1000F066F8B4F90C30C8
:1072B000421C0EBF23F4805343F480536065A381C6
:1072C00010BD00BFB1F90E1000F018B870B50C4633
:1072D000084D03460026204611461C462E6004F049
:1072E0000DFC431C00D070BD2B68002BFBD023602D
:1072F00070BD00BF5003002004F0F8BB38B5074D47
:107300000022044608462A6004F0E8FB431C00D033
:1073100038BD2B68002BFBD0236038BD5003002004
:1073200038B50C46084D8446114620461A460023BF
:107330002B60644604F0EAFB431C00D038BD2B6888
:10734000002BFBD0236038BD5003002070B50C46E5
:10735000084D03460026204611461C462E6004F0C8
:10736000C1FB431C00D070BD2B68002BFBD02360F9
:1073700070BD00BF5003002038B50C46084D844650
:10738000114620461A4600232B60644604F0BAFBDF
:10739000431C00D038BD2B68002BFBD0236038BDC8
:1073A0005003002038B50C46084D8446114620464F
:1073B0001A4600232B60644604F0ACFB431C00D04B
:1073C00038BD2B68002BFBD0236038BD5003002054
:1073D000044A05491368002B08BF0B461844106087
:1073E000184670475403002074810020FEE700BF58
:1073F00081F0004102E000BF83F0004330B54FEA66
:1074000041044FEA430594EA050F08BF90EA020FD2
:107410001FBF54EA000C55EA020C7FEA645C7FEA65
:10742000655C00F0E2804FEA5454D4EB5555B8BF88
:107430006D420CDD2C4480EA020281EA030382EAF9
:10744000000083EA010180EA020281EA0303362D8B
:1074500088BF30BD11F0004F4FEA01314FF4801C5E
:107460004CEA113102D0404261EB410113F0004F70
:107470004FEA03334CEA133302D0524263EB430327
:1074800094EA050F00F0A780A4F10104D5F1200EC5
:107490000DDB02FA0EFC22FA05F2801841F1000120
:1074A00003FA0EF2801843FA05F359410EE0A5F1F4
:1074B00020050EF1200E012A03FA0EFC28BF4CF025
:1074C000020C43FA05F3C01851EBE37101F00045DB
:1074D00007D54FF0000EDCF1000C7EEB00006EEBE8
:1074E0000101B1F5801F1BD3B1F5001F0CD3490872
:1074F0005FEA30004FEA3C0C04F101044FEA4452C9
:1075000012F5800F80F09A80BCF1004F08BF5FEA4F
:10751000500C50F1000041EB045141EA050130BD2F
:107520005FEA4C0C404141EB0101013C28BFB1F541
:10753000801FE9D291F0000F04BF01460020B1FA8C
:1075400081F308BF2033A3F10B03B3F120020CDA5F
:107550000C3208DD02F1140CC2F10C0201FA0CF03D
:1075600021FA02F10CE002F11402D8BFC2F1200CA2
:1075700001FA02F120FA0CFCDCBF41EA0C01904058
:10758000E41AA2BF01EB0451294330BD6FEA0404A1
:107590001F3C1CDA0C340EDC04F11404C4F120028C
:1075A00020FA04F001FA02F340EA030021FA04F39E
:1075B00045EA030130BDC4F10C04C4F1200220FAF5
:1075C00002F001FA04F340EA0300294630BD21FA33
:1075D00004F0294630BD94F0000F83F4801306BFF9
:1075E00081F480110134013D4EE77FEA645C18BFED
:1075F0007FEA655C29D094EA050F08BF90EA020F84
:1076000005D054EA000C04BF1946104630BD91EA7B
:10761000030F1EBF0021002030BD5FEA545C05D17E
:107620004000494128BF41F0004130BD14F58004BD
:107630003CBF01F5801130BD01F0004545F0FE4131
:1076400041F470014FF0000030BD7FEA645C1ABF66
:10765000194610467FEA655C1CBF0B46024650EA9D
:10766000013406BF52EA033591EA030F41F40021C9
:1076700030BD00BF90F0000F04BF0021704730B54F
:107680004FF4806404F132044FF000054FF0000124
:1076900050E700BF90F0000F04BF0021704730B5E5
:1076A0004FF4806404F1320410F0004548BF4042BA
:1076B0004FF000013EE700BF42004FEAE2014FEA0F
:1076C00031014FEA02701FBF12F07F4393F07F4FEA
:1076D00081F06051704732F07F4208BF704793F0ED
:1076E0007F4F04BF41F40021704730B54FF4607400
:1076F00001F0004521F000411CE700BF50EA010203
:1077000008BF704730B54FF000050AE050EA0102AB
:1077100008BF704730B511F0004502D5404261EB1B
:1077200041014FF4806404F132045FEA915C3FF45C
:10773000D8AE4FF003025FEADC0C18BF03325FEAF9
:10774000DC0C18BF033202EBDC02C2F1200300FAAA
:1077500003FC20FA02F001FA03FE40EA0E0021FACF
:1077600002F11444BDE600BF08B502460B4643ECE7
:10777000172BB5EEC07BF1EE10FA03D4BDE808403C
:1077800000F00AB8B1EE477B51EC170B00F004F89B
:10779000404261EB410108BD9FED0B6B41EC170BC3
:1077A0009FED0B5B27EE066BBCEEC66BB8EE464B4F
:1077B000A4EE457BFCEEC77B16EE101A17EE900A7E
:1077C000704700BFAFF30080000000000000F03DF4
:1077D000000000000000F04170B5A6B000F084F990
:1077E000002840F0B280642000F0F8F800F090FC2F
:1077F00002A904466CA3D3E90023CDE9022300F0DB
:107800007FFB0546002840F09880642256492046B8
:10781000572600F039FC64225449204600F034FC1D
:1078200064225349204600F02FFC64224F49204631
:1078300000F02AFC64224C49204600F025FC05A8F3
:1078400000F002F900F0FAF84A490246204600F03A
:1078500063FC059A2046DDE906310091464900F0B7
:107860005BFC64224049204600F00EFC6422434940
:10787000204600F009FC00F06FFE08A98DF82C509E
:1078800005460A9636A3D3E90023CDE9082300F084
:1078900063FC00283ED164223949204600F0F4FB05
:1078A000384A3949204600F037FC324637492046ED
:1078B00000F032FC64223649204600F0E5FB6422E9
:1078C0002949204600F0E0FB64223249204600F0BE
:1078D000DBFB04F0DDF964222F49204600F0D4FBE5
:1078E000002000F09FF864222C49204600F0CCFBD9
:1078F00064221D49204600F0C7FB21462A460DA8F8
:1079000002F070FB044680B90DA802F0A7FB2046E8
:1079100026B070BD02462249204600F0FDFB6422DD
:107920001149204600F0B0FBCEE7012000F06EF8D0
:107930006C221C49204600F095F8012000F066F802
:1079400032221849284600F08DF80446012000F044
:107950005DF822221349204600F084F8AFF300803E
:1079600000E1F50540420F00A0A00108E48C0108E9
:10797000108D0108288D0108448D01086C8D0108C7
:10798000B08D010840420F00D48D0108F08D010830
:10799000088E0108248E0108408E0108588E0108C7
:1079A000888D0108D88C010800C2010000E1F505AE
:1079B00008B503460A460120194600F053F800BFF7
:1079C000024A136801331360704700BF5803002058
:1079D000014B1868704700BF58030020034A116824
:1079E00013685B1A8342FBD3704700BF5803002023
:1079F000014B5868704700BF001000E0024BA3FB2A
:107A00000030C009704700BF1F85EB51022805D820
:107A1000C0EBC0000123024A83409361704700BF5E
:107A200000040258022806D8C0EBC0000123024A15
:107A3000103083409361704700040258014B18686E
:107A4000704700BFCC010020054BD3F8002802602E
:107A5000D3F804284260D3F808388360704700BF29
:107A600000E0F11F80B582B072B600F00F0E1B4F20
:107A70004FF480338024BEF1010F4FF00000184A0C
:107A80004FF4000538BF4FF0010E164EBB61BC61CC
:107A90000021BC610190019B934205D8019B0133F9
:107AA0000193019B9342F9D9BD610190019B9342DF
:107AB00005D8019B01330193019B9342F9D9013110
:107AC0008E45E6D10190019BB342E1D8019B013381
:107AD0000193019BB342F9D9DAE700BF00040258D1
:107AE0003F420F003F4B4C00A14BD3F8E02042F047
:107AF0000A0230B5C3F8E02083B0D3F8E03000F0DC
:107B0000ABF99C4A01249C4D11689C4821F003016B
:107B10009B4B41F001011160116821F4404141F497
:107B200080411160116821F0405141F08051116095
:107B300051680D405560916801409160D1680140E5
:107B40000020D160196821F4403141F400311960FE
:107B5000196821F4402141F400211960596A21F08B
:107B60000F0141F007015962596A21F0F00141F01B
:107B700070015962996841F470219960596821F443
:107B800040715960D96821F4402141F48021D960C5
:107B9000196821F0030141F002011960196821F010
:107BA0000C0141F008011960196A21F00F0141F040
:107BB00009011962196A21F0F00141F0900119627E
:107BC000996841F00F019960596821F003015960EB
:107BD000D96821F00F01D96094610190694A019B35
:107BE000934205D2019B01330193019B9342F9D348
:107BF0005F4A6549D2F8F400644B40F00100C2F8D6
:107C0000F400D2F8F4208A6842F400728A60CA68EC
:107C100022F00102CA60CA6842F00202CA6002E0B1
:107C2000013B00F0F7804A689204F9D58A69574B06
:107C300022F4404254488A618A6942F440428A618F
:107C400002E0013B00F0E68082699504F9D5504AD4
:107C5000136823F00F0343F004031360136803F069
:107C60000F03042B40F0CC8041490B68DC030BD59B
:107C70000A68464B22F480320A6002E0013B00F0C1
:107C8000C4800A689003F9D43949404B0A6842F429
:107C900080220A600A6842F480320A6002E0013BF6
:107CA00000F0B3800A689203F9D50B68374A23F0D5
:107CB00080732F480B6002E0013A00F0A680036851
:107CC00013F00073F8D1816A324C21F003012F4A7E
:107CD00041F002018162816A21F47C7141F020014E
:107CE00081620463C46A224924F00C0444F008044D
:107CF000C462C46A44F00204C4624363C36A43F4C6
:107D00004033C362036843F08073036001E0013ACB
:107D10007BD00B689B01FAD58B691C4A23F00F03BB
:107D2000134C43F008038B618B6923F0700343F01D
:107D300040038B61CB6923F0700343F04003CB61B8
:107D4000CB6923F4E06343F48063CB610B6A23F0D7
:107D5000700343F040030B624B6D23F007034B6548
:107D60000B6923F0070343F003030B6116E000BF28
:107D700000440258000402587EBFFFFFFC3FFFCFC3
:107D8000000C02588096980000480258A086010016
:107D900000200052C7020701013A45D0236903F0D1
:107DA0003803182BF8D123490020234A234D244BB4
:107DB0001560D1F8FC2042F08072C1F8FC205860B8
:107DC0001A6842F001021A604FF0E0231D4A5A611E
:107DD000072298611A61A3691B4A03F00F0352F846
:107DE0002330E3B1194AB5FBF3F3934217D1184B93
:107DF0009B6903F44043B3F5404F10D103B030BD4D
:107E0000722214490720FFF72DFE78221149022023
:107E1000FFF728FE6C220F490220FFF723FE902275
:107E20000C490520FFF71EFE7E220A490220FFF7BB
:107E300019FE00BF00ED00E0CC0100200084D71740
:107E4000001000E07F1A0600CCE0010800C2EB0B36
:107E500000480258808E010800B5002385B0CDE9A6
:107E60000033CDE902330FF0A3FA4FF0010C4FF0CD
:107E70004051084A4FF480736846ADF800C0039340
:107E8000CDE901120FF0B2FA04200FF09FFA05B00D
:107E90005DF804FB12000103704700BF10B4144CDE
:107EA0000022144BD4F88800134940F47000C4F841
:107EB00088001868114C40F0010018601A611868B9
:107EC000014043F2D20019609A61DA611A629A6243
:107ED000DA621A635A639A63DA631A645A64196835
:107EE00021F4802119601A6620605DF8044B704708
:107EF00000ED00E0004402587FEDF6EA0040005239
:107F0000F8B500283DD00F4600293AD090F814610A
:107F10000546002E32D14FF48C723146FAF77CFDC3
:107F200039681A4BC5F81011D3F8E820184C42F400
:107F300080222C60C3F8E8202D22D3F8E830236893
:107F400023F00103236026606660A6607B68B3FBB4
:107F5000F1F3E36042F21073226001E0013B13D0C1
:107F6000E2699202FAD50B4B702283F82723802214
:107F70005A60012385F814313046F8BD0326304697
:107F8000F8BD04263046F8BD0226F5E70044025845
:107F90000048004000E100E0002843D02DE9F04116
:107FA0000F4600293BD0984690F81431054683B31C
:107FB0001446FFF70DFD064614B3013C29683C4406
:107FC000013FCA69100605D4B8F1000F1AD1CA6979
:107FD0001306FCD517F8013FA7428B62F1D1CB699C
:107FE0005B0605D4B8F1000F05D1CB695A06FCD564
:107FF0000020BDE8F081FFF7EBFC831B98450BD90F
:108000002968ECE7FFF7E4FC821B904504D9296856
:10801000D7E70620BDE8F0810220BDE8F08104200A
:10802000BDE8F08104207047002B18BF002927D03D
:1080300030B310B5964690F814211AB3D0F8044125
:10804000D0F80821A4EB020C5FFA8CF2724528BF2D
:10805000724692B101F1FF3C0CEB0204D0F808111A
:10806000014409790CF8011FA445D0F8081101F169
:108070000101C9B2C0F80811F0D100201A6010BD8A
:1080800004207047062010BD88B170B50C4661B160
:10809000164605460846FAF753FC33460246214683
:1080A0002846BDE87040FFF777BF042070BD04206C
:1080B000704700BF154B1968C869820619D530B4DE
:1080C0004C6AD3F80421D3F808510132D2B2954258
:1080D00016D0D3F80451E4B203EB050C8CF804403D
:1080E000C3F8042110F00E0F01D00E230B6230BC38
:1080F000704710F00E0F02D00E230B6270477047CE
:10810000D3F80C210132C3F80C21EBE75C0300200B
:10811000004870475C0300200EB410B5A3B00446BD
:10812000802125AB02A853F8042B0193F8F738FD02
:108130007F2805D9012023B0BDE8104003B0704767
:1081400002464FF47A7302A92046FFF725FF23B0B9
:10815000BDE8104003B070472DE9F041002800F061
:10816000FC800E46002900F0F880077D0546002FB0
:1081700040F0EF804FF496723946FAF74DFC814A91
:108180003468814B94422B6003D005273846BDE804
:10819000F081D6E9012E0121DFF80CC240F201285E
:1081A000B4FBF2F4B4FBF1F20EFB02F3ACFB0303FD
:1081B000A2F108005B091128A2EB030200F2C480BF
:1081C000D81EFE2800F2C080501E7F2800F2BC801E
:1081D000013B042AEA60AB6028BF04226B4B696054
:1081E0002A61D3F8EC20684942F48072C3F8EC208D
:1081F000D3F8EC201A6D22F0405242F080521A65FA
:108200008B6923F010038B6142F2107302E0013B93
:1082100000F0A7808A691007F9D48B6943F0010345
:108220008B6142F21073584902E0013B00F09980E3
:108230008A69D207F9D58B690024554A43F00203B5
:108240008B61544B43F8044B9342FBD1AB682A69D2
:10825000013B013A1B0243EA4263EA68013A1343D5
:108260006A68013A43EA0243474AD361936923F4B7
:1082700080739361936923F400739361936943F06E
:1082800040039361337B012B74D0022B6BD03E4BA8
:108290004FF400210022C3F884103F49C3F8042C96
:1082A000C3F888103D49C3F8082CC3F8A0103C4916
:1082B000C3F8B020C3F8AC20C3F8F020C3F8C01056
:1082C0000721D3F8C000C3F8BC10C3F8C810354963
:1082D000C3F80C2CC3F8001C4FF00051C3F8102C4D
:1082E000C3F8201C6FF06041C3F8142CC3F8241CA1
:1082F0001421C3F8182CC3F8801042F21071DA650B
:10830000C3F81C2CC3F8282CC3F82C2CC3F8302C31
:10831000C3F8342CC3F8382CC3F83C2C9A6922F0EB
:1083200002029A619A6922F001029A6101E0013920
:1083300017D09A6912F00102F9D1012385F81821AA
:1083400085F819212B7521E7013141457FF42AAFCA
:108350001BE703273846BDE8F08104273846BDE80F
:10836000F081022712E79369102143F080039361A3
:1083700011618CE79369102143F0A00393611161AF
:1083800085E700BF00E1F50500A000400044025869
:10839000A0AF004000AC00402000040040000800F6
:1083A00080020044FF0700081F85EB51002852D0CF
:1083B000002950D02DE9F041037D0546002B4FD018
:1083C0000068D0F8C4309B0247D41446D0F8C420CB
:1083D000DFF8B4E0C2F3044291F805800E6802EBC6
:1083E000C2034FEAC30C0EEBC307B8F1000F30D045
:1083F000B60746F080468B790BB146F000560B79F4
:108400004CF80E601E0403339B087E6019D001EB0C
:108410008306ACEB010C1B4F8B7A91F80BE01B042D
:1084200043EA0E6391F808E043EA0E0391F809E08D
:1084300043EA0E2301EB0C0E04314EF80730B14233
:10844000EAD101269640C0F8D06064B90020BDE8AA
:10845000F081B604CFE7042070470920BDE8F08121
:108460000620BDE8F081FFF7B3FA07462B68D3F882
:10847000D8301E42EAD1FFF7ABFAC01B8442F5D8D0
:108480000220E4E788AE004080AE004000285CD0C7
:1084900070B40C46002953D0037D8446002B47D08E
:1084A00090F8182190F819319A4211D090F81931AA
:1084B00000EB031318330FCB84E80F009CF819313D
:1084C000013303F00F038CF81931002070BC7047A2
:1084D0000568D5F8A4305B0635D0D5F8A4101C4A41
:1084E000C1F3052101EBC103D80002EBC30382589D
:1084F0005B6812F0804C1ED1C2F38A46C3F303437B
:10850000C2F3407284F805C02371033326609B08D0
:10851000A2710AD0021B04340E4E04EB8303A01890
:10852000805944F8040F9C42F9D1C5F8A810CCE753
:10853000062070BC704722F060464FF0010CDDE76A
:10854000042070BC70470A20C0E70420704700BFB9
:1085500040AC004044AC0040004870477404002028
:10856000E8B1037DDBB101680F23C1F8D430D1F845
:10857000DC3003F00F030F2B0CD04FF47A7201E0C4
:10858000013A07D000BF0168D1F8DC3003F00F03D7
:108590000F2BF5D10F23C1F8DC30C1F8D83070476C
:1085A00008B1C0E94712704708B1C0E949127047E5
:1085B000B8B1037DABB1036860200B495A6D10B4AC
:1085C000012422435A655A6D42F0DC525A65DC653B
:1085D00081F813034FF400230B6000205DF8044B77
:1085E00070470420704700BF00E100E02DE9F0472C
:1085F0005A4C84B0D4F80080D8F85070F90757D599
:10860000574DD4F81C61EE460EE094F818C184F87A
:10861000189104EB0C1C9EE80F000CF1180C8CE870
:108620000F00002E40F09280D8F8A43001215A06A5
:108630003CD0D8F8A430C3F3052C0CEBCC0055F893
:10864000303005EBC00013F0804A4268C3F38A491A
:1086500008BF5146C2F3034218BF23F06049C3F379
:1086600040738DF80510D11CCDF8009089088DF865
:1086700006308DF8042005D083680129029301D0CB
:10868000C3680393C8F8A8C094F8189194F81931F6
:1086900009F1010909F00F099945B6D194F819318A
:1086A000013303F00F0384F81931AEE7C8F8501016
:1086B0007B0702D5236804221A653E0702D523688A
:1086C00008221A65BD010AD522684FF00071D4F85E
:1086D000243111651BB1D4F82811012098473802C4
:1086E0000AD522684FF40001D4F8243111651BB17A
:1086F000D4F8281102209847F9010AD522684FF0D2
:108700008071D4F8243111651BB1D4F828110320ED
:1087100098473A010AD522684FF00061D4F8243115
:1087200011651BB1D4F8281104209847FB000AD525
:1087300022684FF08051D4F8243111651BB1D4F870
:1087400028110420984704B0BDE8F0877046D4F89B
:108750002011B047D4F8008053E700BF7404002014
:1087600040AC004030B441EA0204B4F5006F27D2B7
:10877000B0FA80F4640918B3914221D8057D15B38D
:10878000002B42EA014201680CBF4FF000604FF03D
:1087900080500E4B02432046C3F8044CC3F8084CEB
:1087A000C3F80C4CC3F8104CC3F8144CC3F8184C65
:1087B000C3F81C4CC3F8002CC1F8804030BC704793
:1087C000042030BC7047062030BC704700A0004039
:1087D0000F4B4FF6FD71B3F88020531E9BB28B42B6
:1087E0000BD80C4B03EA422303F10063984238BFD5
:1087F0004FF00063C01A400C7047B0F1016F34BFF6
:108800004FF000634FF00163C01A400C704700BF87
:1088100000E8F11F00FE1F0030B587B004460EF0DF
:1088200071FE164B4FF6FD71B3F88020531E9BB2BC
:108830008B421DD94FF001639C422CBF02230123C0
:1088400000252046CDE90153FFF7C2FF0122202376
:10885000694600950593CDE9030201A80FF006F8DB
:1088600004460EF075FE601B18BF012007B030BD36
:10887000034B03EA422303F10063DDE700E8F11F45
:1088800000FE1F002DE9F041E9B11646DAB142EAD7
:108890000004804614F01F0415D10F460EF032FE7E
:1088A00001E0A6420AD93A1908EB0401012020345C
:1088B0000EF0D0FE05460028F3D001250EF048FE4C
:1088C0002846BDE8F08104252846BDE8F08100BFB8
:1088D000B0B100B58646B1FA81F0400969B10EF138
:1088E000FF32134612F801CF023380EA0C00A3EBEB
:1088F0000E039942F5D85DF804FB00205DF804FBF7
:1089000000207047012938B504461EDD506800215B
:10891000F9F7A0F9E06802F039FF6422054628B9AA
:108920000D492068FFF7B0FB002038BD0B492068D7
:10893000FFF7AAFB2468284606F092FE0849024683
:108940002046FFF7E9FB002038BD64220549006896
:10895000FFF79AFB002038BDE08E0108B08E0108B9
:10896000D48E0108908E0108F8B50A4C64220A4F93
:10897000054604F5F07609490068FFF785FBA36812
:10898000394654F80C2B2868FFF7C6FBB442F6D1E1
:108990000020F8BD2CE10108108F0108F88E0108B5
:1089A000012938B504461EDD50680021F9F752F957
:1089B000E06802F0CFFE6422054628B90D49206820
:1089C000FFF762FB002038BD0B492068FFF75CFB16
:1089D0002468284606F044FE084902462046FFF770
:1089E0009BFB002038BD642205490068FFF74CFB63
:1089F000002038BD5C8F01083C8F0108D48E01082F
:108A00001C8F0108012938B504461EDD506800217D
:108A1000F9F720F9E06802F081FE6422054628B9E2
:108A20000D492068FFF730FB002038BD0B49206856
:108A3000FFF72AFB2468284606F012FE0849024682
:108A40002046FFF769FB002038BD64220549006815
:108A5000FFF71AFB002038BDB88F0108988F010876
:108A6000D48E0108748F010830B5044687B0C06801
:108A700002F0CAFE0546642225492068FFF704FB80
:108A80002449AA6B2068FFF747FB2349AA6F206897
:108A9000FFF742FB2149EA6F2068FFF73DFB2049C1
:108AA0002068D5E92023B2FBF3F2FFF735FB1D491F
:108AB000D5F884202068FFF72FFB05A804AB03AA94
:108AC000009002A9A06801F0FBFD08B9059B13B94D
:108AD000002007B030BD642213492068FFF7D4FAA4
:108AE000059A12492068FFF717FB029A104920687F
:108AF000FFF712FB039A0F492068FFF70DFB0E49A1
:108B0000049A2068FFF708FB002007B030BD00BFC3
:108B1000D08F0108F08F01080C9001082C900108FB
:108B20004C9001086C90010888900108B4900108ED
:108B3000D0900108F09001081091010810B504468A
:108B400086B0C06802F090FD642217492068FFF7E4
:108B50009BFA05A804AB03AA009002A9A06801F043
:108B6000AFFD08B9059B13B9002006B010BD642203
:108B70000E492068FFF788FA059A0D492068FFF72B
:108B8000CBFA029A0B492068FFF7C6FA039A0A4902
:108B90002068FFF7C1FA0949049A2068FFF7BCFA78
:108BA000002006B010BD00BF309101088890010878
:108BB000B4900108D0900108F090010810910108CC
:108BC00070B50446C06802F01FFE054690F83000FC
:108BD00006F054FD064643492068FFF79DFA3246E9
:108BE00041492068FFF798FAD5ED007A3F49B7EE82
:108BF000E77A206853EC172BFFF78EFAD5ED017A50
:108C00003B49B7EEE77A206853EC172BFFF784FA5D
:108C1000D5ED087A3749B7EEE77A206853EC172B81
:108C2000FFF77AFAE3683449D3ED357A2068B7EE76
:108C3000E77A53EC172BFFF76FFAE3682F49D3ED70
:108C4000307A2068B7EEE77A53EC172BFFF764FA17
:108C5000E3682B49D3ED317A2068B7EEE77A53EC1D
:108C6000172BFFF759FAE3682649D3ED327A2068CB
:108C7000B7EEE77A53EC172BFFF74EFAE368224979
:108C8000D3ED337A2068B7EEE77A53EC172BFFF772
:108C900043FAE3681D49D3ED2E7A2068B7EEE77AF0
:108CA00053EC172BFFF738FAE3681949D3ED347A00
:108CB0002068B7EEE77A53EC172BFFF72DFAD5EDC6
:108CC0000B7A1449B7EEE77A206853EC172BFFF7BD
:108CD00023FA1149D5F890202068FFF71DFA0020EB
:108CE00070BD00BF449101085891010874910108BA
:108CF00094910108B8910108D8910108F8910108F0
:108D0000209201084092010868920108909201089F
:108D1000B4920108D0920108F092010838B50446D7
:108D2000806801F0E3FCE06802F09CFC30B964224A
:108D30002A492068FFF7A8F9002038BD05466422BB
:108D400027492068FFF7A0F92A46023D25492068F7
:108D5000FFF7E2F9092DEFD801A353F825F000BF82
:108D6000958D0008A18D0008398D0008398D000807
:108D7000398D0008AD8D0008398D0008B98D0008C7
:108D8000CF8D0008898D0008642217492068FFF7FD
:108D90007BF9D1E7642215492068FFF775F9CBE725
:108DA000642213492068FFF76FF9C5E7642211496F
:108DB0002068FFF769F9BFE764220F492068FFF7D1
:108DC00063F964220D492068FFF75EF9B4E7642275
:108DD0000B492068FFF758F9AEE700BF1093010870
:108DE00024930108409301084C940108549301080E
:108DF000789301089C930108D4930108F893010823
:108E000020940108012938B504461EDD5068002170
:108E1000F8F720FFE06802F0D5FC6422054628B987
:108E20000D492068FFF730F9002038BD0B49206854
:108E3000FFF72AF92468284606F012FC0849024682
:108E40002046FFF769F9002038BD64220549006813
:108E5000FFF71AF9002038BDB8940108A094010862
:108E6000D48E01087C9401082DE9F84305460026BC
:108E7000DFF8D89002F0D0FCDFF8D48004462C4F05
:108E800064222C492868FFF7FFF8234632464946FA
:108E90002868FFF741F9D4ED047A41462868B7EE17
:108EA000E77A01362C3453EC172BFFF735F954EDE4
:108EB000067A39462868B7EEE77A53EC172BFFF7A6
:108EC0002BF954ED057A1C49B7EEE77A286853EC84
:108ED000172BFFF721F954ED047A1849B7EEE77A1A
:108EE000286853EC172BFFF717F954ED037A144950
:108EF000B7EEE77A286853EC172BFFF70DF954ED1E
:108F0000027A1049B7EEE77A286853EC172BFFF77F
:108F100003F954ED017A0C49B7EEE77A286853EC6F
:108F2000172BFFF7F9F8042EAFD10020BDE8F88326
:108F300010950108C894010830950108589501085A
:108F400078950108A0950108C8950108DC940108EE
:108F5000F0940108012938B5044618DD5068FBF784
:108F60005DF9032801460BD8E06802F049FC642251
:108F7000054698B911492068FFF786F8002038BDEA
:108F800064220F492068FFF77FF8002038BD642273
:108F90000C490068FFF778F8002038BD0A492068BE
:108FA000FFF772F82468284606F05AFB0749024684
:108FB0002046FFF7B1F8002038BD00BF3896010801
:108FC00010960108E49501085C960108D48E01080A
:108FD000012938B504461ADD5068FBF71FF903284C
:108FE00001460DD89FED1F0AE06802F007FC6422DD
:108FF000054638BB1C492068FFF746F8002038BDFD
:1090000064221A492068FFF73FF8002038BD642227
:1090100017490068FFF738F8642216492068FFF7FF
:1090200033F8642214492068FFF72EF864221349AC
:109030002068FFF729F8642211492068FFF724F817
:10904000002038BD0F492068FFF71EF82468284625
:1090500006F006FB0C4902462046FFF75DF80020AB
:1090600038BD00BF000000001C97010810960108E1
:1090700078960108A0960108C4960108E0960108B8
:10908000FC96010834970108D48E0108012938B5EF
:1090900004461EDD50680021F8F7DCFDE06802F0B0
:1090A00005FB6422054628B90D492068FEF7ECFF50
:1090B000002038BD0B492068FEF7E6FF24682846EB
:1090C00006F0CEFA084902462046FFF725F80020B0
:1090D00038BD642205490068FEF7D6FF002038BD80
:1090E0008C97010870970108D48E010850970108E9
:1090F000012938B504461EDD50680021F8F7AAFDA5
:10910000E06802F0EFFA6422054628B90D492068AC
:10911000FEF7BAFF002038BD0B492068FEF7B4FF08
:109120002468284606F09CFA084902462046FEF7C5
:10913000F3FF002038BD642205490068FEF7A4FF54
:10914000002038BDE4970108C8970108D48E0108B3
:10915000A897010810B50446C06802F057FBB7EEA7
:10916000C07A0449206853EC172BFEF7D5FF002086
:1091700010BD00BF00980108012938B504461EDD66
:1091800050680021F8F766FDE06802F073FA642287
:10919000054628B90D492068FEF776FF002038BD46
:1091A0000B492068FEF770FF2468284606F058FA3D
:1091B000084902462046FEF7AFFF002038BD642272
:1091C00005490068FEF760FF002038BD609801087F
:1091D00044980108D48E010824980108012938B563
:1091E00004461BDD5068012106F06CF96422054637
:1091F00070B10E492068FEF747FF2468284606F044
:109200002FFA0B4902462046FEF786FF002038BDA4
:1092100008492068FEF738FF002038BD642206495F
:109220000068FEF731FF002038BD00BFAC98010890
:10923000D48E01089898010878980108012938B55A
:1092400004462DED028B28DD50680021F8F702FD61
:10925000A068B0EE408A02F047FB054688B1642260
:1092600012492068FEF710FF2468284606F0F8F936
:109270000F4902462046FEF74FFF0020BDEC028B4F
:1092800038BDB7EEC87A0B49206853EC172BFEF7B0
:1092900043FF0020BDEC028B38BD64220649006804
:1092A000FEF7F2FE0020BDEC028B38BD1C990108D0
:1092B000D48E0108F4980108C8980108012938B52E
:1092C00004462DED028B28DD50680021F8F7C2FC22
:1092D000A068B0EE408A02F005FB054688B1642222
:1092E00012492068FEF7D0FE2468284606F0B8F937
:1092F0000F4902462046FEF70FFF0020BDEC028B0F
:1093000038BDB7EEC87A0B49206853EC172BFEF72F
:1093100003FF0020BDEC028B38BD642206490068C3
:10932000FEF7B2FE0020BDEC028B38BD8C9901081F
:10933000D48E0108689901084099010830B583B0BE
:1093400004468068694602F0D9FA20BB64221B49B2
:109350002068FEF799FE009A19492068FEF7DCFEA6
:109360009DF8042017492068FEF7D6FE9DF80520D9
:1093700015492068FEF7D0FE9DF8062013492068A5
:10938000FEF7CAFE12499DF807202068FEF7C4FECA
:10939000002003B030BD054664220E492068FEF768
:1093A00073FE2468284606F05BF90B490246204606
:1093B000FEF7B2FE002003B030BD00BFCC9901081B
:1093C000E0990108009A0108209A0108409A0108D2
:1093D000609A0108AC990108D48E0108012938B5BA
:1093E00004462DED028B28DD50680021F8F732FC91
:1093F000A068B0EE408A02F07DFA054688B164228A
:1094000012492068FEF740FE2468284606F028F935
:109410000F4902462046FEF77FFE0020BDEC028B7E
:1094200038BDB7EEC87A0B49206853EC172BFEF70E
:1094300073FE0020BDEC028B38BD64220649006833
:10944000FEF722FE0020BDEC028B38BDD09A010849
:10945000D48E0108A89A0108809A0108012938B51C
:1094600004462DED028B28DD50680021F8F7F2FB51
:10947000A068B0EE408A02F031FA054688B1642255
:1094800012492068FEF700FE2468284606F0E8F836
:109490000F4902462046FEF73FFE0020BDEC028B3E
:1094A00038BDB7EEC87A0B49206853EC172BFEF78E
:1094B00033FE0020BDEC028B38BD642206490068F3
:1094C000FEF7E2FD0020BDEC028B38BD3C9B01089D
:1094D000D48E0108149B0108F49A01080129F8B5FB
:1094E00004461FDD5068FAF799FE0546C6B2032E02
:1094F00011D83146A06802F0D9F9074678BB15F0BB
:10950000FC0F2AD11E4B53F826201E492068FEF777
:1095100003FE0020F8BD64221B492068FEF7B4FD5D
:109520000020F8BD642219490068FEF7ADFD6422F1
:1095300017492068FEF7A8FD642216492068FEF747
:10954000A3FD642214492068FEF79EFD642213499E
:109550002068FEF799FD0020F8BD114AD5E7642286
:1095600010492068FEF790FD2468384606F078F828
:109570000D4902462046FEF7CFFD0020F8BD00BF92
:109580001CE10108149C0108EC9B0108649B010884
:10959000849B01089C9B0108B49B0108D09B010897
:1095A0005C9B0108389C0108D48E010838B504463C
:1095B000642210490068FEF767FDA06802F048F9D0
:1095C00030B964220C492068FEF75EFD002038BDEA
:1095D0000546642209492068FEF756FD246828469E
:1095E00006F03EF8064902462046FEF795FD0020AB
:1095F00038BD00BF589C01087C9C01089C9C010858
:10960000D48E01082DE9F04190B00446444F01A8E2
:10961000DFF8608105F0E0FF0646642241492068DA
:10962000414DFEF731FD4149002E0CBF3A464246FE
:109630002068FEF771FD64223D492068FEF724FD95
:109640003C492A682068FEF767FD3B496A68206844
:10965000FEF762FD3949AA6B2068FEF75DFD3849C7
:1096600005F108022068FEF757FD364905F118029A
:109670002068FEF751FD05F1280233492068FEF706
:109680004BFD6422002E39D0304E31492068FEF760
:1096900043FD019A2F4933462068FEF73DFD012323
:1096A000029A2D492068FEF737FD24490F9A206859
:1096B000FEF732FD01A805F04BFF054627492A4673
:1096C0002068FEF729FD264903AA2068FEF724FD3D
:1096D000244907AA2068FEF71FFD23490BAA20682A
:1096E000FEF71AFD019B2068B3420FD03A461F498E
:1096F000FEF712FD002010B0BDE8F0811C49206883
:10970000FEF7C2FC002010B0BDE8F081029B012BE7
:10971000ECD10F9BAB420CBF42463A46E7E700BF95
:10972000BC9C0108C09C010800001A08E09C0108CC
:10973000F09C0108049D0108189D0108289D01085E
:109740003C9D0108489D01085C9D01085754454E09
:10975000709D0108849D0108A89D0108C89D01080D
:109760000CA401081CA4010830A40108E89D01080C
:10977000F49D0108B89C01080129F0B5074683B0A3
:1097800034DD56680C463F4915463046FBF748FC29
:10979000002833D03C493046FBF742FC002838D043
:1097A0003A493046FBF73CFC002842D03849304665
:1097B000FBF736FCD0B9022C5DD0AB681C786F3C4F
:1097C00003D15C786E3C08BF9C78B4FA84F0400901
:1097D00005F0AAFE002842D12E4B2F4A2F493868A7
:1097E000002C08BF1A46FEF797FC04E064222C49BF
:1097F0003868FEF749FC002003B0F0BD05F078FEA4
:10980000642278B927493868FEF73EFC002003B08F
:10981000F0BD05F075FE6422E0B923493868FEF713
:1098200033FCE8E721493868FEF72EFC002003B03E
:10983000F0BD0DF1070005F069FEB0B99DF80740D5
:109840001B4B1C4A1C493868002C18BF1A46FEF7EF
:1098500063FCD0E719493868FEF716FCCBE76422B1
:1098600017493868FEF710FCC5E7642215493868C7
:10987000FEF70AFCBFE7642213493868FEF704FCD0
:10988000B9E700BF649E010874A90108F4AA0108A1
:109890001C9F01081C9E0108249E01083C9F010892
:1098A000309E01086C9E0108B09E0108909E010840
:1098B0000C9E0108149E0108E89E0108C89E01083C
:1098C000509F0108FC9E0108209F010870B592B0CE
:1098D0000446684605F046FD6422002830D11C4944
:1098E0002068FEF7D1FB0CAA1A492068FEF714FC89
:1098F0006A4619492068FEF70FFC04AA1749206838
:10990000FEF70AFC08AA16492068FEF705FC154E6A
:109910009DF84220144D1549002A0CBF32462A46B4
:109920002068FEF7F9FB9DF8432011492068002AC2
:109930000CBF32462A46FEF7EFFB002012B070BD86
:109940000C492068FEF7A0FB002012B070BD00BFDC
:109950009C9F0108B49F0108CC9F0108E49F010867
:10996000FC9F0108749F0108709F010814A0010862
:109970002CA001087C9F01080129F8B5074627DDC6
:1099800056680C461F4915463046FBF749FB80B91F
:10999000022C24D00A220146A868F8F789FF05F0B6
:1099A000C9FD642208BB18493868FEF76DFB00202A
:1099B000F8BD16493046FBF733FB48B905F0C2FD48
:1099C0006422C0B912493868FEF75EFB0020F8BD7A
:1099D000642210493868FEF757FB0020F8BD642068
:1099E00005F0A8FD64220028DDD00B493868FEF799
:1099F0004BFB0020F8BD09493868FEF745FB002005
:109A0000F8BD00BF649E010878A0010874A9010890
:109A1000CCA0010844A00108A4A00108ECA0010802
:109A200030B585B004468068694601F08BFF78BB8D
:109A3000642220492068FEF727FBDDED007A1E49ED
:109A4000B7EEE77A206853EC172BFEF765FBDDEDE8
:109A5000017A1A49B7EEE77A206853EC172BFEF724
:109A60005BFBDDED027A1649B7EEE77A206853EC2E
:109A7000172BFEF751FBDDED037A1249B7EEE77ABB
:109A8000206853EC172BFEF747FB002005B030BDD4
:109A9000054664220C492068FEF7F6FA2468284639
:109AA00005F0DEFD094902462046FEF735FB0020A1
:109AB00005B030BD34A101084CA1010864A1010822
:109AC0007CA1010898A1010814A10108D48E010805
:109AD00030B585B004468068694601F047FFD8B9C3
:109AE000642216492068FEF7CFFA009A14492068CC
:109AF000FEF712FB019A13492068FEF70DFB029A4C
:109B000011492068FEF708FB1049039A2068FEF708
:109B100003FB002005B030BD054664220C492068D7
:109B2000FEF7B2FA2468284605F09AFD0949024674
:109B30002046FEF7F1FA002005B030BDD4A101089F
:109B4000E8A1010800A2010818A2010830A201083A
:109B5000B4A10108D48E010830B583B004468068F2
:109B6000694601F0DFFED8B9642216492068FEF785
:109B70008BFADDED007A1449B7EEE77A206853ECF2
:109B8000172BFEF7C9FADDED017A1049B7EEE77A37
:109B9000206853EC172BFEF7BFFA002003B030BD4E
:109BA000054664220A492068FEF76EFA24682846B2
:109BB00005F056FD074902462046FEF7ADFA0020A3
:109BC00003B030BD68A201087CA2010894A201087C
:109BD0004CA20108D48E010830B5184C054685B05A
:109BE0000068236B64222BB91549FEF74DFA00205B
:109BF00005B030BD1349FEF747FAA2696369E16910
:109C0000009111492868FEF787FA226A636AA16AFF
:109C10000091E06A0D4901902868FEF77DFA2268FC
:109C20006368A16800912868E5680949019524697D
:109C30000294FEF771FA002005B030BD50080020F4
:109C4000B0A20108CCA20108E8A201080CA30108F7
:109C500044A30108042938B504460BD064221949ED
:109C60000068FEF711FA642217492068FEF70CFA23
:109C7000002038BD1546D2E90212686805F0CCFB19
:109C80006422C8B911492068FEF7FEF96A681049D4
:109C90002068FEF741FAAA680E492068FEF73CFAF0
:109CA000EA680D492068FEF737FA64220B492068FC
:109CB000FEF7EAF9002038BD09492068FEF7E4F90B
:109CC000002038BD80A30108ACA30108E8A3010867
:109CD00008A4010818A401082CA4010840A4010844
:109CE00088A40108022930B504462DED028B83B00B
:109CF00039DD154650680021F7F7ACFFA868002150
:109D0000F0EE408AF7F7A6FFB0EE408AA068B0EE0A
:109D1000680AF0EE480A01F0E3FD054690B16422BE
:109D200016492068FEF7B0F92468284605F098FC2B
:109D3000134902462046FEF7EFF9002003B0BDECC0
:109D4000028B30BDB7EEC87A2068B7EEE86A0D49DD
:109D50008DED007B53EC162BFEF7DEF9002003B0EF
:109D6000BDEC028B30BD642207490068FEF78CF918
:109D7000002003B0BDEC028B30BD00BF08A5010878
:109D8000D48E0108D4A40108ACA40108022938B576
:109D900004462DED028B2DDD506800211546F7F7A6
:109DA00059FFB0EE408A0021A868F7F753FFA0687A
:109DB000F0EE400AB0EE480A01F076FD6422054656
:109DC00080B111492068FEF75FF92468284605F044
:109DD00047FC0E4902462046FEF79EF90020BDECE6
:109DE000028B38BD0A492068FEF74EF90020BDEC11
:109DF000028B38BD642207490068FEF745F9002050
:109E0000BDEC028B38BD00BF7CA50108D48E0108D3
:109E100064A501082CA5010838B50446806801F046
:109E200015FD30B964220B492068FEF72DF900209A
:109E300038BD0546642208492068FEF725F92468E4
:109E4000284605F00DFC054902462046FEF764F958
:109E5000002038BD9CA50108B8A50108D48E0108D2
:109E600038B50446806801F0EBFC30B964220B4938
:109E70002068FEF709F9002038BD0546642208492C
:109E80002068FEF701F92468284605F0E9FB05493A
:109E900002462046FEF740F9002038BDDCA5010847
:109EA000F0A50108D48E010838B50446806801F099
:109EB000C3FC30B964220B492068FEF7E5F80020A6
:109EC00038BD0546642208492068FEF7DDF824689D
:109ED000284605F0C5FB054902462046FEF71CF959
:109EE000002038BD10A6010824A60108D48E010860
:109EF00038B50446806801F0A7FC30B964220B49EC
:109F00002068FEF7C1F8002038BD054664220849E4
:109F10002068FEF7B9F82468284605F0A1FB05493A
:109F200002462046FEF7F8F8002038BD40A601089A
:109F300064A60108D48E010838B50446806801F093
:109F400073FC30B964220B492068FEF79DF80020AD
:109F500038BD0546642208492068FEF795F8246854
:109F6000284605F07DFB054902462046FEF7D4F859
:109F7000002038BD8CA60108A8A60108D48E0108CF
:109F80002DE9F04127261549002507463346DFF81D
:109F9000508009E0651C731BB54205EB530212D8D3
:109FA00002EB420258F82210384605EB5304FBF747
:109FB00037F800280AD0EDDA2CB1661E731BB542C3
:109FC00005EB5302ECD90020BDE8F08104EB44041A
:109FD000034800EB8400BDE8F08100BFC0A6010883
:109FE0002CE10108002A18BF002930B585B02DD01A
:109FF000044658B3174B01200192E3604FF47A7383
:10A000008DF8080004F108000393C4E9001201A9C7
:10A0100000F04EF9054610B1284605B030BD01F0FC
:10A020003DFA05460028F7D101F018F90546002849
:10A03000F2D1D4E9021000F00BFC05460028EBD168
:10A04000642205492068FEF71FF8E5E70425284645
:10A0500005B030BD28060020D0A601082DE9F04F3C
:10A06000494FB1B00546DFF83881484E0AE00BF0A1
:10A07000AFF80120FDF7B2FC01F014FE02F046FB40
:10A0800003F0F0F801AB102202A92868FDF7CCFF1D
:10A090000028ECD1019B002BE9D00DF1080A044601
:10A0A00039681AF8012B0D2A8DF8032011D00A2ADD
:10A0B0000FD0082A15D07F2A13D07E294DD901341C
:10A0C000A342D4D91AF8012B39680D2A8DF8032040
:10A0D000EDD189B9642241462868FDF7D5FF019B7F
:10A0E000EDE70029EBD0013964222868396028495E
:10A0F000FDF7CAFF019BE2E7264B4FF000097F22E4
:10A1000010A803F801901946FAF79EFC314610A8F2
:10A110008DF8BF90FAF7EEFC0346D8B10DF1180B9D
:10A1200002E0B9F1090F0ADC4BF8043B314600208C
:10A1300009F10109FAF7DEFC03460028F1D1DDF848
:10A1400018B05846FFF71CFF98B14368494606AA65
:10A150002846984700233B60BCE70E4B5A54013118
:10A160000122286839600DF10301FDF78DFF019B85
:10A17000A5E75A4608492868FDF7CEFF642207493B
:10A180002868FDF781FFE5E7A0050020D8A60108B3
:10A19000F4A60108A4050020DCA60108588E0108D9
:10A1A000D0A6010861B32DE9F047044650B14268DA
:10A1B0003E4B134033B906680D460979C6F3471282
:10A1C000914201D0BDE8F08706F01F06FDF700FCC4
:10A1D0000746092E2DD0012E13D12379072BF1D953
:10A1E000A3682B62237B85F82430637B85F82530B8
:10A1F000A37B85F82630E37B85F82730E861E1E72B
:10A200007047142E08D12379072BDBD9A368EB62A2
:10A21000E368A8622B63D5E7152E30D0172ED1D175
:10A220002379072BCED9A3686B64E3682864AB64F9
:10A23000C8E72379072BC5D9D4F80890D4F80C8047
:10A24000EC68FDF7D5FBEB6D0646013403BB4FF020
:10A25000FF322A656B65AB65EE64012CEB6D38BF90
:10A2600001242A6E0133C5F81490C5F81880EB65F7
:10A270002F61EC60002AA5D0BDE8F0471047237994
:10A28000072B9FD9A368AB63E3686863EB6399E727
:10A29000E86C301AFDF7B2FBA8652B6D984200D22E
:10A2A00028656B6D9842D7D96865D5E700FFFF0038
:10A2B00000283AD0F8B5B1FA81F40D4664090029B6
:10A2C00031D00B68002B2ED00B793F2B2BD8184E9A
:10A2D0000746214664223046F8F79EFB2B79286812
:10A2E00032463371AB681349B3604FF0FF33F4600B
:10A2F00030603461F461346286F82440F465F464BB
:10A3000033657465B465FEF74BF92868FEF750F9BC
:10A31000297928682346490141F01F02FEF722FAF5
:10A3200020463E60F8BD0420F8BD0420704700BF01
:10A3300030070020A5A10008B8B14FF0000C8268DA
:10A3400000B5037985B04FF0040E00685B010291FF
:10A350006946ADF804E043F007038DF806C00093AA
:10A36000FEF724F805B05DF804FB0420704700BF39
:10A37000A8B100224FF0040C00B5037985B0006845
:10A380005B01029169468DF8062043F00703ADF8A2
:10A3900004C00093FEF70AF805B05DF804FB042042
:10A3A000704700BFB8B14FF0080C10B584B0037906
:10A3B0001446826802915B010021006843F00B03A0
:10A3C000ADF804C08DF80610694603940093FDF7BC
:10A3D000EDFF04B010BD0420704700BFD0B14FF0B6
:10A3E000080C826800B5017985B000684901ADF8B4
:10A3F00004C04FF0000C8DED020A41F00D01CDEDCF
:10A40000030A8DF806C000916946FDF7CFFF05B03D
:10A410005DF804FB0420704740B300B590F804C019
:10A4200085B0964600224FEA4C1C8DED020A8DF84D
:10A4300006204CF00C034FF0080C00931346826882
:10A4400061F3070341FA0CF1006861F30F234EFA40
:10A450000CF1ADF804C06EF3174361F31F63694656
:10A460000393FDF7A3FF05B05DF804FB04207047DC
:10A47000B8B110EE103A0021082210B5047984B06A
:10A4800000686401ADF804208DF806100A2244F03B
:10A490000E04CDE9023169460094FDF787FF04B050
:10A4A00010BD0420704700BFB0B10821002210EE9B
:10A4B000103A10B5047984B000686401ADF8041056
:10A4C00069468DF8062044F00E04CDE9023200946E
:10A4D000FDF76CFF04B010BD04207047D0B14FF001
:10A4E000080C826800B5017985B000684901ADF8B3
:10A4F00004C04FF0000C8DED020A41F00F01CDEDCC
:10A50000030A8DF806C000916946FDF74FFF05B0BC
:10A510005DF804FB04207047A8B10421002210B5A7
:10A52000047984B06401ADF804108DF80620694602
:10A53000826844F01A0400688DED020A0094FDF769
:10A5400035FF04B010BD0420704700BFD0B14FF0FC
:10A55000080C826800B5017985B000684901ADF842
:10A5600004C04FF0000C8DED020A41F01B01CDED4F
:10A57000030A8DF806C000916946FDF717FF05B084
:10A580005DF804FB04207047002856D02DE9F04701
:10A590000F46B1FA81F18AB04909002F3BD0037907
:10A5A000044682685B01ADF80C108DF80E1002A90C
:10A5B00043F0010300680293FDF7F8FE40BBA36877
:10A5C000DDF808800933092B05D940F2F1329342B6
:10A5D0002ED9642500E001254FF0000A42F20F79E0
:10A5E000564606A92068FDF751FF10B9069B434562
:10A5F00015D00196019B4B4505DC019B013301936E
:10A60000019B4B45F9DD0AF1010A5545E9D10220CC
:10A610000AB0BDE8F08704200AB0BDE8F0879DF8D5
:10A620001C30072BE5D9DDE90823C7E90023EFE754
:10A63000034AA2FB0323DD08CEE70420704700BFD6
:10A64000CDCCCCCCC8B1C1B138B5C569BDB190F8DD
:10A65000243014460B71036A0B6090F825304B715F
:10A6600090F826308B7190F82730CB711AB1FDF736
:10A67000AFF9401B2060002038BD042070470A203D
:10A6800038BD00BFC0B1B9B1F8B51746C268AAB1AC
:10A69000D0F814C08269C4680669C568AC42FAD1B2
:10A6A000C1F800C04A6003B11C601FB1FDF790F90A
:10A6B000801B38600020F8BD042070470A20F8BDD8
:10A6C00030B4029C70B109B1056D0D600AB1416DE5
:10A6D00011600BB1826D1A600CB1C36D2360002054
:10A6E00030BC7047042030BC704700BF30B100233D
:10A6F0004FF0FF32C365026543658365704700BF55
:10A7000000B10166704700BFA0B14FF0000C826835
:10A7100000B5037985B000685B016946ADF804C0F7
:10A7200043F018038DF806C00093FDF73FFE05B017
:10A730005DF804FB04207047A0B14FF0000C826864
:10A7400000B5037985B000685B016946ADF804C0C7
:10A7500043F002038DF806C00093FDF727FE05B015
:10A760005DF804FB0420704790B1002200B5037926
:10A7700085B000685B016946ADF8042043F0020330
:10A780008DF806200093FDF711FE05B05DF804FB7F
:10A790000420704768B110B5044684B00068FDF726
:10A7A000DFFE69462068FDF771FE0028F9D004B08D
:10A7B00010BD7047002A18BF002915D038B50446CF
:10A7C00070B11D46436B6BB1836B0B60C36B136041
:10A7D00025B1FDF7FDF8636BC01A2860002038BD75
:10A7E000042038BD0A2038BD04207047002A18BF55
:10A7F000002915D038B5044670B11D46036C6BB105
:10A80000436C0B60836C136025B1FDF7E1F8236C9A
:10A81000C01A2860002038BD042038BD0A2038BD89
:10A8200004207047094AD1F8A800136823F00103F7
:10A8300010B50C46136008B1FFF796FF0322022300
:10A8400084F8302084F8443010BD00BF0010004070
:10A850002DE9F04100284FD00E4600294CD0D0F809
:10A86000A83004468B422AD0B02200212046244F33
:10A87000F8F7D2F804F1B0084FF0FF332822002196
:10A880004046E761C4F8A860C4E90F33F8F7C4F89C
:10A890002822002104F1D800F8F7BEF800209FED2F
:10A8A000190A4146C4F8B870C4F8000184F80401DC
:10A8B00000F010FD054640B12846BDE8F08190F853
:10A8C000305015F00305CFD1F6E74046C4F8B87014
:10A8D00000F042FD05460028EED10B4B1C60FDF751
:10A8E0003BFE22460949FDF75FFE30460849FFF767
:10A8F00007FF2846BDE8F08104252846BDE8F08121
:10A900000000B443000000009C07002025A80008B8
:10A91000F9B0000838B504462DED028BD8B194ED9E
:10A920002E8A04F1B0050846B5EEC08A2946F1EE3C
:10A9300010FAD8BF9FED0A8A00F0CCFC10B1BDEC34
:10A94000028B38BD84ED2E8A2846BDEC028BBDE813
:10A95000384000F001BDBDEC028B042038BD00BFC3
:10A960000000B4432DE9F04160B30C4651B30546F5
:10A970000846164600F0F0FC864600BB95F83030DD
:10A98000022B24D0A44605F1B004BCE80F000FC48C
:10A99000D5ED2E7AF5EEC07ABCE80F00F1EE10FA94
:10A9A0000FC4D8BFDFED177A00239CE8030084E8CA
:10A9B0000300C5ED077A85F80431C5F8003170460B
:10A9C000BDE8F0814FF0040E7046BDE8F081EFF372
:10A9D000108772B6A44605F1D8044FF00108BCE810
:10A9E0000F000FC4BCE80F000FC4FB079CE8030076
:10A9F00084E80300C5F8006185F80481DFD462B6FD
:10AA0000DDE700BF0000B443D0F8A83070B586B0D1
:10AA1000002B00F0AE8090F830300446002B40F060
:10AA2000B180B03084F80431C4F8003100F094FCF7
:10AA3000002840F08F80D4ED2E7A0025D4F8A800AD
:10AA4000F5EEC07AA4F84450F1EE10FAD8BFDFED6D
:10AA5000897AC4ED077AFFF757FE0122D4F8A800DF
:10AA60001146FFF79FFC00287DD10290FCF7B0FF54
:10AA7000054615E0D4F8A800FFF7E4FD03460A20D8
:10AA800063B9029AB2F5FA7F08D29DF8173003F045
:10AA90000F011B09012901D1012B6ED0FCF79EFF8C
:10AAA000FCF796FF401B02AA04A9B0F5967FE1D3FC
:10AAB000022384F8443094ED2F7AB5EEC07AF1EE9B
:10AAC00010FA17DD9FED6C6AF0EE006ADFED6B7A2D
:10AAD000B3EE040AC7EE060AD4F8A80070EEA60A80
:10AAE000F4EE670AF1EE10FA77FEA00AFFF7F6FC23
:10AAF000002844D10821D4F8A800FFF71DFC68BB4A
:10AB00000090FCF765FF064612E0D4F8A800FFF7B6
:10AB100099FD05460A204DB9009BB3F5FA7F05D291
:10AB2000029A8ABB9DF80C10082936D0FCF756FF14
:10AB3000FCF74EFF801B6A4602A9B0F5FA7FE4D30A
:10AB40000121D4F8A800FFF7F7FB00230A2684F8B8
:10AB5000303000E00526304606B070BD00230B26DD
:10AB600084F83030F7E7072684F83050304606B0D6
:10AB700070BD0426304606B070BD22649BE70023FA
:10AB800084F830300326E6E70121D4F8A800FFF767
:10AB9000D3FB092684F83050DDE723640192FCF7EB
:10ABA00017FF054606E0FCF719FFFCF711FF401BF5
:10ABB000C72856D8002301AA04A9D4F8A800FFF793
:10ABC00061FD06460520002EEDD194ED077ADFEDFC
:10ABD0002C7ADDED055A67EE277A9FED2A6ADDEDC6
:10ABE000046A67EEA57AC4ED2B6A26EE877AC4ED77
:10ABF000066AF4EEC67AC4ED017A84ED007A84ED3B
:10AC0000057AF1EE10FA2AD59FED1F7AF4EEC77A95
:10AC1000F1EE10FA23DD9FED1D7A0123F0EE477A65
:10AC200084ED017A1A4A012184F832300023117030
:10AC30000022A36384F84530E26022626262A2626D
:10AC4000E2620022C4ED047AC4E90F33C4E924337C
:10AC5000022384F830300023C4E922237BE7334603
:10AC6000E0E70121D4F8A800FFF766FB002384F891
:10AC7000303070E70000B443E7FBA93D0000F0422C
:10AC800039FA8E3C8FC3E43A8FC3E4BA0000000067
:10AC900094070020104A002310B50446137008B131
:10ACA00080F83230D4F8A80060B1FFF773FD9FED53
:10ACB0000B0AD4F8A800FFF7F7FB0121D4F8A8008D
:10ACC000FFF756FB00224FF0FF3384F8302084F862
:10ACD0004520C4E90F3310BD940700200000000098
:10ACE00090F830309A0700D470472DE9F0412DEDEF
:10ACF000028B90F8043184B0044623B3EFF310863E
:10AD000072B600F1D80E00F1B00C0025BEE80F00BD
:10AD1000ACE80F00BEE80F00ACE80F009EE80300AF
:10AD2000F3078CE80300C4F8005184F804514CD5B3
:10AD3000D4ED2E7AF5EEC07AF1EE10FAD8BFDFED41
:10AD4000D37AC4ED077A4FF0FF36FCF751FE0023AB
:10AD5000054601AA02A9D4F8A8000196FFF792FCC3
:10AD600090B194F84530E6630133DBB2022B84F8EE
:10AD7000453004D90023C64A84F83230137004B039
:10AD8000BDEC028BBDE8F081019A4FF47A73D4F8E0
:10AD9000A41002FB03F3E263C9B9C4F8A030C4E90C
:10ADA00026330123C4F8A430322A28D994F8453038
:10ADB0000022B749013384F832200A7084F8453004
:10ADC00004B0BDEC028BBDE8F08162B6B0E7D4F808
:10ADD000980001318342D4F89C00C4F8A41038BF15
:10ADE000C4F898308342D4F8A00088BFC4F89C30DF
:10ADF0001844C4F8A000A7488142D5D9CDE70A2A53
:10AE000002D994F84530AFE7D4ED076AF5EEC06A91
:10AE1000F1EE10FA40F306819FED9F0AF3EE047AFB
:10AE200026EE800A20EE270A9DED026AD4ED067A0E
:10AE300094ED2B7A76EE677A9FED975A36EE477A45
:10AE4000DFF84C82DFED955A67EEA67A98F800306D
:10AE500027EE267A84ED066A67EE857A84ED007A1D
:10AE600067EEA57A002B00F00881D4ED020AF4EE1B
:10AE7000C07AF1EE10FA08DCB1EE400AF4EEC07AC6
:10AE8000F1EE10FA58BFB0EE670A94ED017ADFEDEB
:10AE9000831A70EE477A9FED821A84ED047A84ED6E
:10AEA000010A67EEA17A7F4FC4ED037A00F0A0FBA0
:10AEB000002384ED020A84F84530FCF789FD3B68E5
:10AEC0000646C31A642B0DD901AA02A9D4F8A8001A
:10AED000FFF7B8FB28B9019B2364029B002B40F0CD
:10AEE000EB803E6094F8321004F1B00094ED000A5B
:10AEF000003994ED021AD4ED010A18BF012184ED46
:10AF0000050A00F021F9D4ED2F0AF5EEC00AF1EEA2
:10AF100010FAD8BFDFED670A00F002F9DFED5F1A23
:10AF20009FED611AD4ED0A0A00F062FB94ED017AFC
:10AF3000DFED604AB0EE408A67EE006A9FED5B6A23
:10AF4000F4EEE46A66EE867AF1EE10FA6FD9D4ED8B
:10AF50000B5AB1EE654A84EE065AB5EEC05AF1EED0
:10AF600010FA72D9F4EEC56AF1EE10FA05DD85EE3D
:10AF7000078A27EE087A67EE067A75EEA77AF5EE6D
:10AF8000C07A0023F1EE10FAD4BFC4ED0B7AE3626D
:10AF9000B0EE480AD4F8A80084ED0A8A84ED098A44
:10AFA000FFF782FA0646002856D184F84400FCF7E1
:10AFB0001FFD401BFCF722FDD4F89410C4F890004C
:10AFC0000131D4E92232C4F894101B1842F1000276
:10AFD000C4F88830D4F88430C4F88C2083B1A26FD0
:10AFE00001332C499042E26F38BFA0679042D4F8F9
:10AFF000802088BFE0678B420244C4E9202304D943
:10B000000123C4E91E00C4E92003A36B002284EDE0
:10B01000088A013384F84520A36304B0BDEC028B99
:10B02000BDE8F0819FED220ADFED186AFCE6D4ED61
:10B030000B6AB8EE007A77EEA67AF4EEC77AF1EEF4
:10B0400010FA9CD584ED0B7AA2E727EE247AB0EEB5
:10B05000648A67EE067A90E72046FFF71BFE01231D
:10B06000032284F84460A36684F83020FCF7B0FC27
:10B07000236EE0660133236681E60123F0EE670A62
:10B08000C4ED027A88F80030F1E600BF0000B44356
:10B09000940700203F420F0039FA8E3C00007A44AA
:10B0A00000001643980700200000C8436F12833A3F
:10B0B000D853FB4200000000D4F8A83088F8000004
:10B0C00084F8320063B11846FFF764FB1FED070AEE
:10B0D000D4F8A800FFF7E8F9D4F8A800FFF744FB7C
:10B0E0004FF0FF330321002284F83010E36384F82B
:10B0F0004520236443E600BF044B186818B190F85C
:10B100003030022B00D07047FFF7EABD9C070020CB
:10B11000704700BF014B1868704700BF9C070020B4
:10B12000B4EEE00AF0EE407AF1EE10FA08DCB1EE8F
:10B13000600AB4EEE70AF1EE10FA30FE270A704713
:10B14000B0EE600A704700BF00297AD1D0ED026AE4
:10B15000DFED3D7AF5EEC06A9FED3C5A60EEA70A3E
:10B16000D0ED002A21EE271A90ED012AF1EE10FA17
:10B17000D0ED084AD0ED047A24EEA44AD0ED053A89
:10B1800098BFDFED336AF1EE633AC0EEA65A80EE67
:10B19000266A90ED090A82EEA67A81EE263AC2EE80
:10B1A000262A65EE856A36EE477A66EEA65A74EE72
:10B1B000255A23EE055AF5EEC05A67EEC57A9FED83
:10B1C000255A36EE626AF1EE10FAA8BFF1EEE54AB2
:10B1D000C6EEA45ADFED206A86FE266A87FE667AEE
:10B1E00037EE067AF0EEC74AF4EEC54AF1EE10FAF1
:10B1F00025EEA36A0FD4B4EE667AD0ED065A90ED30
:10B20000075A25EEC77AF1EE10FA06FE833A65EE8C
:10B21000436A76EE876A77EE867AB1EE407A77EE09
:10B22000A67AC0FE677AC7FE277AB4EEE70AF1EE87
:10B2300010FA08D4B4EEE77AF1EE10FA37FE270AD6
:10B2400070479FED050A7047DB2E6542DB0FC94052
:10B250000000B443BD3786350000000008B50B4838
:10B2600000F05EF908B9002008BD00F017F920B918
:10B27000064800F055F90028F5D000F073F9B02227
:10B2800001460248F9F7F4F8002008BDA0070020A5
:10B29000F0B500240E4D0646274606EB040EAC46DC
:10B2A0002C342C35BEE80F00ACE80F00BEE80F00D0
:10B2B000B02CACE80F009EE807008CE8070005F80A
:10B2C0001D7CEAD10248BDE8F04000F04FB900BF54
:10B2D000A0070020002936D0032834D8B5EEC00AD4
:10B2E000F1EE10FA24D9DFED197AB4EEE70AF1EEA7
:10B2F00010FA28DC4FF02C0C154B002281ED010ACE
:10B300000CFB0033DFF84CC00A6098691A69C1F879
:10B3100008C00861D3F820C0D869CA604A625A6A76
:10B320009B6A48610020C1F818C0CA610B6270476F
:10B33000074B2C2202FB003393ED050AB5EEC00A41
:10B34000F1EE10FACFD80420704700BF000061452D
:10B35000A00700200000B443002851D090ED007AEF
:10B36000D0ED017AB4EEE77AF1EE10FA48DA77EE32
:10B37000C77A9FED247AF4EEC77AF1EE10FA3FDC3B
:10B38000D0ED027AF5EEC07AF1EE10FA38D9F4EE8B
:10B39000C77AF1EE10FA33DCD0ED097AF5EEC07A17
:10B3A000F1EE10FA2CD9B3EE0E7AF4EEC77AF1EE84
:10B3B00010FA25DCD0ED047AF5EEC07AF1EE10FA41
:10B3C0001ED4D0ED057AF5EEC07AF1EE10FA17D45E
:10B3D000D0ED067AF5EEC07AF1EE10FA10D4D0ED89
:10B3E000077AF5EEC07AF1EE10FA09D4D0ED087ABA
:10B3F000F5EEC07AF1EE10FA94BF052000207047F8
:10B400000520704700006145002842D00329F0B5AF
:10B4100094BF002601268DB0002E37D1D0F8BC3065
:10B4200001AD1D4F0593AE46D0F8C03090ED2C7A9B
:10B430000793D0F8C430D0ED2D7A0893D0F8C830F7
:10B4400077EEC77A0993D0F8CC30CDED067A0A931F
:10B45000D0F8D0300B932C2303FB017494E80F0039
:10B46000A44685E80F00BEE80F00ACE80F00BEE878
:10B470000F00ACE80F009EE807008CE80700384694
:10B48000E6730DB0BDE8F04000F070B804200DB0D8
:10B49000F0BD0420704700BFA007002070B5B6B013
:10B4A000BC221D490DF11F0424F01F042046F8F7AB
:10B4B000DFFF2368022B21D002230025B022174989
:10B4C00004F10C002360A560F8F7D2FFBC212046F0
:10B4D0006560FDF7FDF903460F486360FDF79CF9D1
:10B4E00010B1012036B070BDC02221460A48FDF7D8
:10B4F000C9F9003818BF012036B070BD6668002554
:10B50000BC2120466560FDF7E3F986426660D3D131
:10B51000284636B070BD00BF00001C080CE30108CF
:10B5200070B5B0B00446BC220D4901A8F8F7A0FFE1
:10B53000019B022B02D0012030B070BD029E00257D
:10B54000BC2101A80295FDF7C3F98642F3D1B022D0
:10B5500004A92046F8F78CFF284630B070BD00BF24
:10B5600000001C08004870470CE3010870B5B6B035
:10B57000BC221E4905460DF11F0424F01F0420467D
:10B58000F8F776FF2368022B22D0022201232260E3
:10B59000B022294604F10C00A360F8F769FF0023EC
:10B5A000BC2120466360FDF793F903460F486360B2
:10B5B000FDF732F910B1012036B070BDC02221462E
:10B5C0000A48FDF75FF9003818BF012036B070BD9A
:10B5D00066680023BC2120466360FDF779F9864246
:10B5E0006660D2D1A3680133D2E700BF00001C0817
:10B5F000B5EEC01AF1EE10FA28D9F5EEC01AF1EE48
:10B6000010FA23D9F6EE007ADFED135AB7EE007A7E
:10B610009FED126A61EEA77AC7EE216A67EEA57AFE
:10B62000F4EEC17AF1EE10FA58BFF0EE417A67EE0F
:10B63000867A67EEA67AF4EEC77AF1EE10FA06DDA6
:10B640009FED077A60EE870A30EE800A704720EEA1
:10B65000270A37EE677AF5E76666663FDB0FC94073
:10B6600000000000FFF7D0B908B5FFF713FB00207A
:10B6700008BD00BF10B500F1B00E8AB00446EC461C
:10B68000BEE80F00ACE80F00BEE80F00ACE80F000A
:10B690009EE8030001228DED040A8CE80300694650
:10B6A0002046FFF75FF90AB010BD00BF10B500F1EA
:10B6B000B00E8AB00446EC46BEE80F00ACE80F00BE
:10B6C000BEE80F00ACE80F009EE8030002228DEDFB
:10B6D000050A8CE8030069462046FFF743F90AB0E3
:10B6E00010BD00BF10B500F1B00E8AB00446EC46A4
:10B6F000BEE80F00ACE80F00BEE80F00ACE80F009A
:10B700009EE8030010228CE80300694620468DED78
:10B71000080AFFF727F90AB010BD00BF10B500F105
:10B72000B00E8AB00446EC46BEE80F00ACE80F004D
:10B73000BEE80F00ACE80F009EE8030020228CE872
:10B740000300694620468DED090AFFF70BF90AB0A0
:10B7500010BD00BF10B500F1B00E8AB00446EC4633
:10B76000BEE80F00ACE80F00BEE80F00ACE80F0029
:10B770009EE8030008228DED070A8CE80300694665
:10B780002046FFF7EFF80AB010BD00BF10B500F17A
:10B79000B00E8AB00446EC46BEE80F00ACE80F00DD
:10B7A000BEE80F00ACE80F009EE8030004228DED18
:10B7B000060A8CE8030069462046FFF7D3F80AB072
:10B7C00010BD00BF10B500F1B00E8AB00446EC46C3
:10B7D000BEE80F00ACE80F00BEE80F00ACE80F00B9
:10B7E0009EE803004FF480728DED020A8CE803009E
:10B7F00069462046FFF7B6F80AB010BDFFF78AB8D1
:10B80000C9B2FFF701BE00BFFFF782BC08B5FFF762
:10B810007FFC90ED0B0A08BD00487047A007002090
:10B82000FFF778BCFFF79EB800B583B06946FEF716
:10B83000ABFE03B05DF804FB0821FEF77DBD00BF41
:10B840000121FEF779BD00BFFEF776BFFEF75CBFB2
:10B8500070B5032182B00446FEF76EFD08B102B058
:10B8600070BDFCF7B5F847F22F5605460BE0FCF724
:10B87000B5F869462046FEF787FE0028EFD19DF80F
:10B880000430012B0AD0FCF7A3F803464FF4FA70FA
:10B890005B1BB342EBD9022002B070BD009B002BB2
:10B8A00018BF072002B070BDFEF718BE032913D8D9
:10B8B000DFE801F00E0A060201220321FEF772BD45
:10B8C00001220221FEF76EBD01221146FEF76ABD7C
:10B8D00001220021FEF766BD04207047FEF71CBE62
:10B8E000FEF734BEFEF7C4BDDFED010AFEF776BDFC
:10B8F0000000000000221146FEF78EBD10B582B098
:10B900000C466946FEF740FE48B900999DF80420B0
:10B910009DF80730607121602271A071E37102B05F
:10B9200010BD00BF10B584B00C4601AB6A4602A939
:10B93000FEF7A8FE18B9029A039B2260636004B068
:10B9400010BD00BF30B583B00A1D0C46054601ABE3
:10B95000FEF74CFF38B901AB04F10C0204F1080109
:10B960002846FEF727FF03B030BD00BF0020086067
:10B9700048608860C8607047084BD3F8E8305A03C5
:10B980000AD5017841B1064AD3691B06FCD59162FC
:10B9900010F8011F0029F7D1704700BF004402587A
:10B9A00000480040FEE700BF1EF0040F0CBFEFF39D
:10B9B0000880EFF3098000F001B800BF0346374C60
:10B9C000374A01211D68374800B525609FB05D6882
:10B9D00065609D68A560DD68E5601D6925615D693C
:10B9E00065619D69DB69A561E361936A2362D36A3E
:10B9F0006362536BA362936BE3622163FFF7BCFF47
:10BA0000A26906A86369E16900912749F4F7BAFCC5
:10BA100006A8FFF7B1FF226A636AA16A0091E06A93
:10BA20002249019006A8F4F7ADFC06A8FFF7A4FF91
:10BA300022686368A1680091E0681D49019020694F
:10BA4000029006A8F4F79EFC06A8FFF795FF194898
:10BA5000FFF792FF184BD3F8E0309A0706D5174A44
:10BA6000136823F0030343F0010313600024144A16
:10BA7000114812490594059B934205D8059B013353
:10BA80000593059B9342F9D9D0F8E0309B07F1D597
:10BA90004B6983F001034B61ECE700BF50080020C5
:10BAA00000ED00E07CAE0108E8A201080CA301084B
:10BAB00044A3010894AE010800440258000402584F
:10BAC0007F841E00FEE700BFFEE700BFFEE700BF69
:10BAD000704700BF704700BF704700BF4FF0FF3096
:10BAE000704700BF4FF0FF30704700BF4FF0FF308E
:10BAF000704700BF4FF0FF30704700BF4FF0FF307E
:10BB0000704700BF4FF0FF30704700BF4FF0FF306D
:10BB1000704700BF4FF0FF30704700BF90F82D0016
:10BB2000642210F0010003D003490020FCF7ACBAF6
:10BB30000249FCF7A9BA00BFC0AE0108D8AE01089F
:10BB40002DE9F04196B007A803F046FD18B1424B2D
:10BB5000079A9A4255D0FCF7DBFA18B164223F49A4
:10BB6000FCF792FA3E496FF07F423E4BCDE904125A
:10BB70000693FCF7CDFA18B164223B49FCF784FA2E
:10BB800004AD05AE06AF394B4FF00008384C2946DE
:10BB900002933246374B2046CDF8008001933B4656
:10BBA00004F0F0FB3B4629463246204604F092FB67
:10BBB000204604F07BFC94F82D302046C3F380052A
:10BBC0005B070CD504F078FC94F82D00642210F08B
:10BBD000010012D028494046FCF756FA06E004F06E
:10BBE00079FC642225492846FCF74EFA244920486E
:10BBF00004F0A4FC16B0BDE8F0812249FCF744FA39
:10BC0000F4E7089B012BA6D107A803F0A1FC159B24
:10BC1000984208D0FCF77CFA0028A3D064221A4985
:10BC2000FCF732FA9EE704AD05AE09A806AF294637
:10BC30000AF0ACFA31460DA80AF0A8FA394611A864
:10BC40000AF0A4FAFCF764FA00289CD064220F4999
:10BC5000FCF71AFA97E700BF5754454E30AF01087A
:10BC60000A0001110A00010144AF010889540108CA
:10BC700088080020D5F90008C0AE010868AF0108A7
:10BC80001DBB0008D8AE010814AF0108F0AE0108D2
:10BC900008B503F09BFF0020FFF752FFBDE8084006
:10BCA00001F082BA38B5094DFBF792FE0446084808
:10BCB00003F06AFD2B68E31AB3F5FA7F00D238BDB2
:10BCC000034803F00BFE2C6038BD00BF8408002041
:10BCD00088080020002070470FB430B5144DA3B081
:10BCE0002C6874B127AB269A802102A80193F4F73F
:10BCF00057FF431E7E2B0FD923B0BDE8304004B060
:10BD00007047FCF705FA044628600028EAD123B002
:10BD1000BDE8304004B070470246642302A92046C3
:10BD2000FCF73AF923B0BDE8304004B0704700BFDB
:10BD3000C008002038B132B110B50446006808B11F
:10BD400023790BB910BD704792B2012308F0CAF8ED
:10BD50000246A0B1134994F914000B68904203F114
:10BD600001030B60EED0104B2275E41A0F49104806
:10BD7000E41004FB01F1BDE81040FFF7ADBF2068FF
:10BD800008F096FE02460028E4D10A4922690B68B1
:10BD900001322075013322610B60FBF719FE064B5F
:10BDA000186010BDD0080020DC080020ABAAAAAAA9
:10BDB00094AF0108D4080020C8080020002845D00E
:10BDC00070B50D460446164699B30021284605F085
:10BDD000FBFA0021284605F0FBFA0021284605F071
:10BDE0002FFB00222846114605F04CFB284606F0A2
:10BDF00077F910BB00222379226023B1144A13780B
:10BE00000BB1013B1370134A0023126823712361A5
:10BE10002375A260FBF7DCFD0F4BE0603246E41AAD
:10BE20000E490F48E41004FB01F1BDE87040FFF734
:10BE300053BF0568002DC8D1DCE7284605F072FF26
:10BE4000002223792260002BDDD0D7E7704700BFA6
:10BE5000D8080020D0010020DC080020ABAAAAAA44
:10BE6000BCAF0108014A0021FFF7A8BFECAF0108F1
:10BE70002DE9F0411646A8B09AB9424A0F46344619
:10BE800013461D791833A5B10134062CF9D1384673
:10BE900006F026F93C48FFF71FFF304628B0BDE802
:10BEA000F08111463948FFF717FF304628B0BDE84A
:10BEB000F08104EB440302EBC30842F83370344BC7
:10BEC0001B68C8F80830012388F80430FBF780FDB0
:10BED000414688F81450C8E90305384605F074FA5D
:10BEE0002C49384605F074FA2B49384605F0A8FA73
:10BEF00002222A49384605F0C5FA29492822381D68
:10BF00000B7801330B7069460AF0E6F93B8B6A4601
:10BF100021462448FFF7E0FED8F80830224A78216D
:10BF20000AA8F9F72FFA00F1A0036B4413F8783C44
:10BF300023BB9DF828307B2B1CD103F1E8430A9AE0
:10BF400003F5E60303F508539A4213D1A3F1E26324
:10BF50006FF48472A3F5DE3313440B9A9A4209D12D
:10BF60009DF83030222B05D102460AA94046FFF742
:10BF7000E1FE92E70D48FFF7AFFE8EE70C48FFF7B2
:10BF8000ABFE8AE7DC08002000B10108F8AF010829
:10BF9000D001002061C0000865BE0008D5BC0008C3
:10BFA000D80800201CB0010850B00108CCB001082E
:10BFB0008CB001082DE9F04F87B00B4600241146E4
:10BFC000E846264D4FF0CC32052710EB030C814696
:10BFD0004CF1000CA5FB0C6E2EF0030606EB9E0642
:10BFE000ACEB060C1E46B0EB0C0EAEFB050A63F183
:10BFF000000B02FB0EFE00F00103400805FB0BEBFB
:10C00000A3FB07E3D344A2461EEB0C0EB9F10A0FC3
:10C0100004F1010440EACB700EF1300E76F1000617
:10C020004FEA5B0308F801EB01D3172CCDD9182C8C
:10C0300002D14FF0160A17240AF1010A4B1E0DEB2C
:10C040000A021D1912F8010D03F8010FAB42F9D1D4
:10C0500000230B5507B0BDE8F08F00BFCDCCCCCC92
:10C060002DE9F047BEB0002A00F0B080568988461E
:10C070001446002E70D0D2F80490074609225E497B
:10C080004846F8F77BFF002871D004225B494846F8
:10C09000F8F774FF054600285ED1052E73D8FFF728
:10C0A00039F8002800F09B80FFF732F8002800F0F4
:10C0B000968004AED0F894903246D0E92201FFF782
:10C0C00079FF002D76D02B780D2B6ED94C49284660
:10C0D000F6F710F82F280DF1280A294628BF2F203F
:10C0E000054602465046F8F7C3F905F1F8030DEB93
:10C0F0000305002305F8D03C16ADFBF769FC334679
:10C10000404AA021CDF808A0CDE900902846F9F7D3
:10C1100039F900F1F8036B4413F8A03C002B67D108
:10C120009DF858307B2B3CD103F1F243169A03F56E
:10C13000E60303F508539A4233D1BDF85C2046F27A
:10C140006E339A422DD19DF85E30222B29D10246C2
:10C1500029463846FFF7EEFD4046218905F0BCF838
:10C16000204604F0EBFA00203EB0BDE8F08709F16C
:10C170000900F8F753F840F2DE33A0F10A029A42C0
:10C18000EAD8B860E8E709F10505FEF7C3FF08BB88
:10C1900004AE002000214FF000093246FFF70AFFED
:10C1A00091E71948FFF798FDDDE7184A42FA03F3D3
:10C1B000DB078BD416ADFBF70BFC3346144AA021EA
:10C1C000CDE900902846F9F7DDF8A2E7114AFFF71C
:10C1D000F5FDC8E7FEF79CFF0028D9D069E704AE5B
:10C1E000002000214FF000093246FFF7E3FEE1E7AF
:10C1F0000948FFF771FDB6E738B1010844B10108FD
:10C20000A0A001084CB1010804B20108FEDBFFFF49
:10C2100090B1010828B10108C8B101082DE9F04F1B
:10C22000ADF5097D1F90FBF7D3FB1590FEF772FF6C
:10C2300040B3FEF76DFF054620B3D0ED067A9FEDC3
:10C24000BE7AF0EEE76AF4EE476AF1EE10FA00F219
:10C250008A80DFEDBA6A9FEDBA7A67EEA67AF4EECD
:10C26000C77AF1EE10FA00F3BF819FEDB67AF4EED3
:10C27000C77AF1EE10FA40F12382B34B4FF0400A37
:10C280001693B5E10024B14D22AAA046A346A146CB
:10C29000A246264623461E941A94169419941B947B
:10C2A000CDE91C44CDE91744A948AA4F01680131E2
:10C2B0000160397800294CD000271C99A6480A91C2
:10C2C0001D991193199B0D9410931B9BCDE908B1F7
:10C2D0001E990E93159BCDE906911A99CDE904A1FB
:10C2E00016990391179902911899CDE900219B495C
:10C2F0009B4A002E0CBF0C460446002F18BF014677
:10C3000028A812914FF4C0710F94CDE90B58F9F79A
:10C3100039F8021E60DBB2F5C07F52D228AB9B5CBD
:10C32000002B64D1092A09DD9DF8A0307B2B05D1B3
:10C3300028AB134413F8013C0A2B3DD0894A8A48A4
:10C34000136801331360FFF7C7FC0DF5097DBDE8E5
:10C35000F08F01218548CDE920323970FFF7BCFC10
:10C36000DDE92032A8E74FF0000A5746CDF858A083
:10C37000D5ED007A9FED707AF0EEE76AF4EE476A49
:10C38000F1EE10FA3ED8F2EE046A9FED6D7A67EE98
:10C39000A67AF4EEC77AF1EE10FA00F32B819FED46
:10C3A000697AF4EEC77AF1EE10FA40F17581704BBC
:10C3B0004FF004091A932AE028A91F98FFF7BAFC46
:10C3C000C3E7684A6B48136801331360FFF784FCC6
:10C3D0000DF5097DBDE8F08F624A674813680133A7
:10C3E0001360FFF779FC0DF5097DBDE8F08F5D4A1C
:10C3F0006248136801331360FFF76EFC0DF5097D89
:10C40000BDE8F08F4FF000094F46CDF86890D5EDAC
:10C41000087A9FED497AF0EEE76AF4EE476AF1EEAA
:10C4200010FA18D8DFED456A9FED457A67EEA67AD7
:10C43000F4EEC77AF1EE10FA00F3E1809FED417A55
:10C44000F4EEC77AF1EE10FA40F111813E4B4FF055
:10C45000400B1E9304E04FF0000B5F46CDF878B020
:10C46000D5ED0A7A9FED347AF0EEE76AF4EE476A8A
:10C47000F1EE10FA18D8DFED316A9FED317A67EEF0
:10C48000A67AF4EEC77AF1EE10FA00F3BD809FEDC4
:10C490002D7AF4EEC77AF1EE10FA40F1D280402204
:10C4A000294BCDE91C2302E00023CDE91C33D5ED57
:10C4B000017A9FED217AF0EEE76AF4EE476AF1EE39
:10C4C00010FA16D8DFED1D6A9FED1D7A67EEA67A89
:10C4D000F4EEC77AF1EE10FA7FDC9FED1A7AF4EEF3
:10C4E000C77AF1EE10FA40F199804024DFF85880C5
:10C4F00002E00024A0462746D5ED0B7A9FED0E7A88
:10C50000F0EEE76AF4EE476AF1EE10FA3AD8DFEDA2
:10C510000B6A9FED0B7A67EEA67AF4EEC77AF1EE1E
:10C5200010FA5EDC9FED077AF4EEC77AF1EE10FAAE
:10C530006FD5134B1B9327E0FFFF7F7F00007A44EA
:10C54000E4FFFF4EE4FFFFCE683BDFFF48B2010887
:10C55000CC080020BC08002050B2010858B20108E5
:10C560009CB20108D008002028B4010860B201087C
:10C570009A3433F3D4B30108ACB30108FCB3010817
:10C58000000E008000231B93D5F8903022AA95F866
:10C5900032601893D5F89430003E2192179318BF5B
:10C5A0000126AB6E19932B6CD5E922012093FFF77E
:10C5B00001FD95F830100229DDE9203208D04B4DFD
:10C5C0004B48002908BF0546002F7FF476AE6BE686
:10C5D000484D002F7FF471AE66E64024DFF81C81E1
:10C5E0008AE7454B1B93CFE7444B4FF0400A169325
:10C5F0000127BDE6424B4FF004091A9307E73F4B72
:10C600004FF0400B1E932BE740213C4BCDE91C1310
:10C610004DE7FDEEE77ACDED1B7AB5E7FDEEE77A63
:10C62000384B17EE904A83FB04234FEAE478C8EBBB
:10C63000A3184FF47A7303FB1844002CB8BF64426C
:10C640005AE7FDEEE77A2F4A17EE903A82FB031283
:10C65000D917C1EBA21211461D924FF47A7202FB58
:10C66000113383EAE372A2EBE3721C921FE7FDEE43
:10C67000E77A244A17EE903A82FB0312D917C1EBEE
:10C68000A21211461E924FF47A7202FB113383EA12
:10C69000E37BABEBE37BE3E6FDEEE77A1A4A17EECA
:10C6A000903A82FB0312D917C1EBA2021A9202EB55
:10C6B0008202A3EB420383EAE379A9EBE379A6E6DE
:10C6C000FDEEE77A0F4A17EE903A82FB0312D91774
:10C6D000C1EBA212114616924FF47A7202FB11338B
:10C6E00083EAE37AAAEBE37A82E700BF38B2010873
:10C6F00040B201080C9E010800F2FF7F98C42000A0
:10C7000066CBCC0CD34D621067666666F8B5124BEB
:10C710001B7803B9F8BD114CFBF75AF9104F0646C8
:10C7200004F1900507E0D4E90223F31A93420DD2F5
:10C730001834AC42EED02379002BF9D021680029BF
:10C74000F1D13A462046FFF739FBF1E72046FFF7E3
:10C7500065FDE660ECE700BFD9080020DC0800209A
:10C7600050B4010870B5264D2978002934D1254BE5
:10C77000254A1960254B11602548264A1960264E26
:10C78000264B016011709022254831601970F6F730
:10C7900043F905F0D3FB044650B3437A42F2B82282
:10C7A000204943F00403437204F0ACFCC0B92046B6
:10C7B000FF2104F051FD0446F0B11B4904F05CFE7A
:10C7C0001A4A012342F2B8211268194834602B70CA
:10C7D000FFF782FA012070BD1648FFF77DFAF9E7EE
:10C7E000204605F07DFC1448FFF776FA002070BD66
:10C7F0001248FFF771FAF9E71148FFF76DFAF5E70C
:10C80000D9080020D0080020D4080020C808002043
:10C81000CC080020D8080020C4080020BC08002054
:10C82000DC080020BC11020871BE0008D001002005
:10C83000F8B4010860B40108B0B4010888B4010874
:10C84000D4B4010870B5144C144E04F1900502E004
:10C850001834AC420AD02379002BF9D02168204645
:10C8600018343246FFF7AAFAAC42F4D10C4C2068D7
:10C8700020B105F035FC50B900232360094B00249A
:10C8800009481C70FFF728FA084B1C7070BD20681F
:10C8900005F048FAF0E700BFDC08002038B50108D1
:10C8A000C4080020D908002044B50108BC080020B5
:10C8B000B0F57A7F044B28BF4FF47A700A2838BF4E
:10C8C0000A201860704700BFD0010020C0B10D4998
:10C8D0000D4A0E4B10B40E4C0978127824681B6870
:10C8E000017042700B490C4A09681268C0E90143A3
:10C8F0000A4B5DF8044B1B68C0E9031243617047A3
:10C90000704700BFD9080020D8080020D4080020B4
:10C91000D0010020D0080020CC080020C80800204A
:10C920002DE9F041244A002341F2E4000F46147837
:10C9300002444CB10133082BF9D1384605F0F2F925
:10C940006FF00C00BDE8F08141F2E402DFF878807E
:10C95000214602FB03F505EB08063046F6F75CF8C6
:10C9600006F5815341F2180248F805701C7041F237
:10C970000803B45441F20C02F45006F58753B45046
:10C98000012234711A70FBF723F841F21403314687
:10C99000F050384604F018FD3846084904F018FDF8
:10C9A0003846074904F04CFD38460422054904F096
:10C9B00069FD2046BDE8F081E01000249DCB000811
:10C9C0008DCB00084DCB0008000000240FB4144BA1
:10C9D0001B7830B5A3B023B923B0BDE8304004B014
:10C9E0007047104D2C6884B127AB269A802102A88D
:10C9F0000193F4F7D5F8431E7E2BEDD8024664234D
:10CA000002A92046FBF7C8FAE6E7FBF781FB0446DC
:10CA100028600028E8D123B0BDE8304004B070475A
:10CA20006C0900207009002070B504460D4631B332
:10CA300001F58053DE7C1EBB0122DA74B8B13146A9
:10CA400004F0C2FC3146204604F0DEFC31462046AC
:10CA500004F0BEFC3146204604F0F2FC204632468B
:10CA6000314604F00FFD204605F03AFB30BB284666
:10CA700041F2E4020021BDE87040F5F7CDBF00B9F6
:10CA800070BD04F0A1FC2946204604F0BDFC2946F7
:10CA9000204604F09DFC2946204604F0D1FC2046A7
:10CAA0002A46294604F0EEFC204605F019FB002832
:10CAB000E6D02046BDE8704005F034B9204605F0C8
:10CAC00031F9D4E770B5E4B0044613460D46194A6F
:10CAD000802104A8F8F756FC44B3B5F5C87F27D0E9
:10CAE000154E164BB5F5CA7F08BF1E4604A8F5F7CC
:10CAF00027FF13492B46134A029024A801914FF4B3
:10CB000080710096F8F73EFC012382B224A92046EA
:10CB100007F0E8F904A8F5F713FF012382B204A98E
:10CB2000204607F0DFF9204607F0C2FF64B070BD71
:10CB3000054EDBE794B5010864B5010888B5010826
:10CB400020B60108B4B501087CB50108D0B138B5EC
:10CB500004460D46FAF73CFF41F2883204F5805353
:10CB60005B69C01A904201D8002038BD064A2846A9
:10CB70004FF4CC71FFF7A6FF28462146FFF754FF7C
:10CB8000002038BD0020704734B6010820B141F2C2
:10CB9000E4020021F5F740BF704700BF2DE9F04FD8
:10CBA0000646C7B00C46002A00F08F801F46154687
:10CBB000002B40F0BD80002800F08C8006F58057E7
:10CBC000FAF706FFBE4B3A6978611340002B00F07C
:10CBD0008C802989204604F07FFB284603F0AEFDB7
:10CBE000BB7C002B40F099807B7C002B79D13B7C77
:10CBF000B988002B00F0B480BB68BA889A4270D321
:10CC0000012306F581550522AE4928467B74F8F7C5
:10CC1000B5F960B997F86030002B00F04582AA4959
:10CC200006F58350F8F7FCF9002840F03D82D7F86C
:10CC30000CA0BAF1000FC0F2558206F10408FB887F
:10CC4000984441F21809A1482A46B1444946FFF7E1
:10CC5000BDFE9F494846F8F7E3F9002800F0EF8150
:10CC600048469C49F8F7DCF9002840F01682B8F1F4
:10CC7000000F00F03B8298492846F8F7D1F90028C8
:10CC800000F0478295492846F8F7CAF9002800F0D5
:10CC90003A8293492846F8F7C3F9002800F02D821C
:10CCA00090492846F8F7BCF9002800F0538228463E
:10CCB0008D49F8F7B5F9002840F0318252464146D7
:10CCC000204602F0AFF8FB7C5BB931462046FFF707
:10CCD000ABFE06E02046118904F0FEFA284603F078
:10CCE0002DFD002047B0BDE8F08FB88840F2FF72FC
:10CCF0002989121A0B468A4202D213460122BA74BB
:10CD0000EBB901232046BB7404F0E6FA284603F091
:10CD100015FDBB7C002B3FF467AF2046734A40F201
:10CD20009D11FFF7CFFE31462046FFF77DFED8E785
:10CD3000104603F003FD384647B0BDE8F08F1FFAF8
:10CD400083F8311D002301444246284603F084FF46
:10CD5000BB88002243449BB2BB8033441A7138E73E
:10CD6000032906F10405BCD9994603392B4603E093
:10CD700009F101094945B4D013F8012B0D2AF7D167
:10CD80001A780A2AF4D15A780D2AF1D19A780A2A07
:10CD9000EED157492846F3F73FFD8046002800F0C2
:10CDA0004781421B20212846F7F712FB82460028C4
:10CDB00000F03E81A0EB050B0BF1FF33062B00F2D8
:10CDC000378141F218035A4629460AF1010AF01840
:10CDD0000390F7F74DFB06EB0B0241F218034FF0FF
:10CDE000000B2021504602F803B0A8EB0A02F7F727
:10CDF000EFFA002800F01C81A0EB0A02531E3E2B24
:10CE000000F21681514606F581500192F7F730FB8A
:10CE1000019A15FA89F508F1020309F1040932446F
:10CE2000AB4202F5815282F800B04FF0FF32A7F812
:10CE30000690FA6080F0F180A3461C46984606F5FD
:10CE4000835A14F8012B0D2A07D0A5420BD0234694
:10CE50001C4614F8012B0D2AF7D1A54203D32278E2
:10CE60000A2AF2D11C46B4EB080200F0C3803A2132
:10CE70004046F7F7ADFA30B90234A54240F2BA8025
:10CE8000A0462346E4E7411CA0EB0800A1420AD2D9
:10CE90000B4601E09C425FD0194613F8012B202A73
:10CEA000F8D0092AF6D00E2858D00928E4D108F184
:10CEB000FF3C08F10803DFF83CE0CDE901511DE03B
:10CEC00000FFFF0098B60108A0B6010864B701088A
:10CED00074B7010850B6010878B70108F0B7010827
:10CEE00098B70108A8B70108C4B701083CB6010803
:10CEF000A0A0010867B60108634578D01CF8012F8F
:10CF00001EF8010FA2F1410502F12009A0F1410133
:10CF100000F1200852B148B1192D98BF5FFA89F28B
:10CF2000192998BF5FFA88F08242E5D0121ADDE92C
:10CF30000151002AA0D1A4EB0108B8F17F0F76D8E7
:10CF400042465046F7F794FA06EB08034FF000020A
:10CF500003F583531A708FE72146A4E708F1FF3CDD
:10CF600008F10D00DFF83CE2CDE9015101E0604538
:10CF70003AD01CF8013F1EF8012BA3F1410503F143
:10CF80002009A2F1410102F1200853B14AB1192D43
:10CF900098BF5FFA89F3192998BF5FFA88F2934224
:10CFA000E5D09B1ADDE90151002B7FF465AFA4EBBE
:10CFB0000109B9F10F0F3AD80DF118084A46404659
:10CFC000F7F756FA4FF000030A2205A908F80930CE
:10CFD000002340460593F7F7D3F9059B434526D038
:10CFE000002824DBF86047E7DDE90151DFE7DDE9F0
:10CFF0000151A0E75C495C460398F8F711F890B935
:10D00000FA68002A67DBFB881344B3F5006FBFF4AE
:10D0100084AE0122BB603A74EFE553490398F7F7F9
:10D02000FFFF002857D000231A46FB60EBE75C4661
:10D030004E4A4FF4C8712046FFF744FD45E64C497F
:10D040002846F7F7EDFF002878D04A492846F7F739
:10D05000E7FF00286ED048492846F7F7E1FF00288F
:10D0600064D046492846F7F7DBFF002878D04449CA
:10D070002846F7F7D5FF002868D042492846F7F739
:10D08000CFFF00285ED040492846F7F7C9FF0028A7
:10D0900045D1204600F02EFC15E63C4A4FF4C871FD
:10D0A0002046FFF70FFD0EE62923394A4FF4807121
:10D0B00006A8F8F767F906A901238122204606F0A1
:10D0C00011FF012329223349204606F00BFF204699
:10D0D00007F0EEFCF7E5304A40F29B112046FFF7DF
:10D0E000F1FCF2E54FF0000AD046AAE52B4A4FF4D6
:10D0F000C8712046FFF7E6FCE5E55246414620466A
:10D1000001F028F9DFE552464146204600F0F8FEDE
:10D11000D9E552464146204600F0E2FCD3E5204ADC
:10D120004FF4CA712046FFF7CDFCCCE5204601F054
:10D1300081F8C8E5204600F05FFCC4E5204600F019
:10D14000E3FBC0E5204601F03DFEBCE5204601F0D2
:10D1500085FDB8E552464146204601F0D7FBB2E5D1
:10D16000204601F019FBAEE550B601088CB6010867
:10D1700078B7010888B7010898B70108A8B701086F
:10D18000B8B70108C4B701089CB6010800B8010887
:10D19000B4B6010838B7010874B60108E0B7010851
:10D1A000D4B7010858B6010870B51D4C23680BB1FF
:10D1B000012070BD1B4B41F2E4051B4E184641F2A5
:10D1C000E4020021F5F728FC03462B44B342F5D1D5
:10D1D00004F0B4FE2060F0B141F69072134903F000
:10D1E00091FF68B9FF21206804F036F810492060EB
:10D1F00004F042F941F690710E48FFF7E7FBD7E7DC
:10D2000001460D48FFF7E2FB206804F069FF0023A8
:10D210002360002070BD0948FFF7D8FBF9E700BF85
:10D22000740900200000002420870024BC1102089B
:10D2300021C9000850B8010834B8010814B8010821
:10D2400010B5064C206840B104F04AFF00230448A2
:10D250002360BDE81040FFF7B9BB10BD7409002082
:10D2600074B80108704700BF014B1870704700BFC9
:10D270006C09002028B1104B1B68003B18BF01232C
:10D28000037099B1002348F2207C30B50B4D41F278
:10D29000E40E1C46E85C734400B101346345F9D1E7
:10D2A0000C6012B1064B1B78137030BD1AB1044BE1
:10D2B0001B7813707047704774090020E010002439
:10D2C0006C090020002835D0C8292DE9F0410D4611
:10D2D000C4B0044617461E462DD0B1F5C87F2DD0E8
:10D2E000184B194AB1F5CA7F14BF9846904630468C
:10D2F000F5F726FB2B46154A4FF48071CDF80080D8
:10D30000CDE9017004A8F8F73DF804A982B2012321
:10D31000204606F0E7FD3046F5F712FB012382B206
:10D320003146204606F0DEFD204607F0C1FB44B042
:10D33000BDE8F0817047DFF81880D8E7DFF8148087
:10D34000D5E700BF64B5010888B50108B4B5010888
:10D350008CB801087CB5010830B5A1B004460D4673
:10D3600013468021054A6846F8F70CF86B46044AD4
:10D3700029462046FFF7A6FF21B030BD94B501082D
:10D3800020B60108F0EEC07A9FED217A10B5F4EED8
:10D39000477A82B0F1EE10FA33D8BDEEE77A17EE95
:10D3A000103AB8EEC77A37EEC77A4FF0000C012278
:10D3B0000CF1010C02EB820261454FEA4202F7D107
:10D3C00007EE902AF6EE006AF8EE677A67EE877A43
:10D3D00077EEA67AFCEEE77A17EE904AA24201D8E1
:10D3E000A41A0133B5EEC00ACDE90014F1EE10FA2B
:10D3F0004FF018014CBF074A074AF7F7C3FF02B0C6
:10D4000010BD9FED067A0023B0EE470ACDE700BFBE
:10D41000FFFF7F7F90B801089CB801080000000062
:10D420000FB430B5104DA3B02C688CB127AB0F4AA8
:10D43000802102A80193F3F7B3FB6423422202A9DF
:10D440002046FAF7A9FD23B0BDE8304004B070478C
:10D45000FAF75EFE044628600028E7D123B0BDE855
:10D46000304004B0704700BF78090020A8B8010818
:10D470002DE9F04F0568844683B00020954280F086
:10D4800006818046DFF880B3814614E0222869D007
:10D490003DD80938C0B2172800F2C4802BFA00F03A
:10D4A000C00740F1BF80DCF800500135AA42CCF83B
:10D4B000005040F2EB80485D002800F0E7803A28F9
:10D4C00000F03E81E2D97B2800F0108100F241811A
:10D4D0005B2800F00B815D2840F0A4800227DCF877
:10D4E0000460013E00F1888103EB061044680134BA
:10D4F00004D08468B4F1FF3F00F03F81013E103852
:10D50000741CF3D16FF0010003B0BDE8F08F2C283C
:10D5100040F08880DCF80800DCF80050441C05F17D
:10D520000105C3D00001185C01380128BED9DCF820
:10D530000440661EBAD403EB041403E0013E103C21
:10D54000701CB3D014F8100C01380128F6D854F828
:10D550000C0C0130F2D054F8080C0130EED1CCF8AC
:10D560000860A3E76F1CBA423846CCF8007052D965
:10D57000CA4606E0DCF8000001308242CCF8000028
:10D5800049D90C5C002C46D0222C00F010815C2C78
:10D59000F0D1441CA242EDD9CCF8004004EB0109C3
:10D5A0000E5D752E2AD85B2E40F2D880A6F15C0E57
:10D5B00001245FFA8EFE04FA0EFE914C1EEA040F5F
:10D5C00040F0D180752E19D1861C0630CDF804A00C
:10D5D000CCF80060B2421ED019F8014F24F0200EA2
:10D5E000A4F1300A002C00F00381AEF1410E0136A7
:10D5F000BEF1050F05D9BAF1090F02D9CCF80050D8
:10D6000080E78642CCF80060E4D18242DDF804A0D5
:10D61000CCF80000B5D8CCF800506FF0020003B091
:10D62000BDE8F08FDCF80040A2420DD9661E0E4422
:10D6300016F8010F40B13A2840D81F2800F2958013
:10D640000A2850D90D28D9D1DCF804003F2845D844
:10D65000471C03EB00160001CCF804704FF00807DC
:10D66000C6F80C801F54DCF80800C6E90154451CBC
:10D6700004D003EB0010C5680135C560254609F1EB
:10D680000109AA42CCF800503FF615AF4846DCF835
:10D6900004104A1E3FF538AF03EB011353F80C1C7E
:10D6A000013A013103D053F8081C0131B5D0511CA7
:10D6B000A3F11003F2D103B0BDE8F08F00F0DF0753
:10D6C00020385D2FC0D05E2898D80134A242CCF813
:10D6D0000040ADD1DCF804003F28B9D9CCF80050A7
:10D6E0004FF0FF3010E7082888D9ADE7DCF8046078
:10D6F0003F2EF5D8741C03EB06174FEA061ECCF834
:10D7000004404FF0FF34C7E90248DCF80840B4F1A8
:10D71000FF3F06D003EB041ADAF80C400134CAF8D4
:10D720000C407B2809F1010914BF0220012003F8F5
:10D730000E007D60DCF80050CCF808600135B5E6DD
:10D74000DCF80400DCF8005001380135CCF80800A2
:10D75000ACE67D287FF466AF0127C0E6222E02D01A
:10D760002F2E7FF44BAF023007E72038254FC0B291
:10D7700027FA00F0C707A8D566E790F800E0BE4595
:10D780007FF4C0AE0135CCF80840856003EB06108D
:10D7900004E0013E1038771C3FF485AE4468013444
:10D7A000F7D084680134F4D1CCF808607BE6DCF86B
:10D7B00004403F2C92D8661C03EB041524010AF1A7
:10D7C0000109CCF804604FF00406C5F80C801E5522
:10D7D000C5E90170DCF80800451C3FF464AE03EBBA
:10D7E0000010DCF80050C46801350134C4605DE607
:10D7F000DDF804A03046C0E601367FF454AE81E681
:10D8000041044401011000041300800070B538B3D6
:10D8100091F800C0BCF1040F18BFBCF1080F14BF91
:10D82000012400241CD11546D1E90126B61A002E88
:10D8300017DD711C8B4214D3811832462846F6F747
:10D8400017FE691EAC550E4411F8013FA3F14102C9
:10D850002033192A98BF0B70B142F5D1012400E0A2
:10D860000024204670BD00BF70B58AB038B102AE4A
:10D87000154620233246FFF7C9FF044618B9002495
:10D8800020460AB070BD002301A930460193F4F789
:10D89000E1F9019BB342F2D0F0EEC07A9FED057A38
:10D8A000F4EE477AF1EE10FAE9D8204685ED000A49
:10D8B0000AB070BDFFFF7F7F70B58AB038B102AE8D
:10D8C000154620233246FFF7A1FF044618B900246D
:10D8D00020460AB070BD00230A2201A930460193F8
:10D8E000F6F74EFD019BB342F1D0286020460AB006
:10D8F00070BD00BF024BC821024AFFF7E3BC00BF66
:10D90000BCE30108ECB801082DE9F04FADF6E40DD9
:10D910000546FDF785FF002854D004460EAE90ED75
:10D920002C0A14AF08A80221FFF72CFD0DF168089E
:10D9300094ED2D0A304602210DF18009FFF722FDFA
:10D9400094ED300A38460421FFF71CFD0DF1980ACA
:10D9500094ED310A404604210DF1B00BFFF712FDA2
:10D9600094ED320A48460221FFF70CFD94ED330A8C
:10D9700050460421FFF706FD94ED340A584606216F
:10D98000FFF700FD94ED2F0A32AC02212046FFF78D
:10D99000F9FC08AB144A4FF4006138A8CDF80880B0
:10D9A000CDE905B4CDE9039ACDE90067F7F7EAFCC4
:10D9B00038AB0E4AC8212846FFF784FC0DF6E40D6B
:10D9C000BDE8F08F0A4B80210A4A38A8F7F7DAFC45
:10D9D00038AB064A40F2F7112846FFF773FC0DF604
:10D9E000E40DBDE8F08F00BF0CB9010820B60108B6
:10D9F000F8B8010894B501082DE9F047ADF6B80D67
:10DA00008046FDF70DFF00284FD004460DF1400978
:10DA100090ED000A0DF1580A0AA80221FFF7B2FCA6
:10DA20001CAD94ED010A4846032122AEFFF7AAFC83
:10DA300094ED080A50460321FFF7A4FC94ED1C0A5C
:10DA400028460121FFF79EFC94ED1D0A3046012176
:10DA5000FFF798FC28AF00230222182138460193D3
:10DA600000921A4AF7F78EFC226E0AAB2EA8089293
:10DA7000A26E0792226D03950692154ACDE90467BE
:10DA800094F83010CDF804A002914FF40061CDF865
:10DA90000090F7F777FC2EAB0E4AC8214046FFF7FF
:10DAA00011FC0DF6B80DBDE8F0870B4B80210B4A39
:10DAB0002EA8F7F767FC2EAB064A40F2F711404656
:10DAC000FFF700FC0DF6B80DBDE8F0879CB8010823
:10DAD00090B9010820B60108F8B8010894B501080A
:10DAE0002DE9F04F82462DED028BADF2D44D002989
:10DAF0007DD0002A1546CCBF00250125002D76D10A
:10DB00004FF0FF3334AF4FF000094FF00008089397
:10DB100006A83B460E46CDE90689FFF7A9FCB0F101
:10DB2000000977DBFDF77CFE8346002800F0FE80CD
:10DB300000F1B00C0AACBCE80F000FC4BCE80F0049
:10DB40000FC49CE8030084E80300B9F1000F3BD048
:10DB50003C78012C38D1B9F1010F00F0F980A846CA
:10DB60009FEDB88ACDE902AB2301651C07EB0412D7
:10DB7000FB5C042B24D14D4580F2E68007EB051BAE
:10DB80008DED058AD2E90132A2EB030ABAF1070F43
:10DB900077D133445246AC4918460193F7F7EEF972
:10DBA000019B002858D1594605AA3046FFF75CFE74
:10DBB000002800F03B81059B48F00108A51C0E934E
:10DBC000A94529DD2C46CFE7A04BA14A802114A806
:10DBD000F7F7D8FB14AB9F4A4FF4C8715046FFF7D4
:10DBE00071FB0DF2D44DBDEC028BBDE8F08F9A4B6A
:10DBF0008021974A34A8F7F7C5FB34AB954A4FF418
:10DC0000C8715046FFF75EFB0DF2D44DBDEC028BA0
:10DC1000BDE8F08F914BD8E7DDE902ABB8F1000F1A
:10DC200000F0968042460AA95846FDF7FBFD002801
:10DC30006FD0062800F2F780894B53F82040894BBB
:10DC40008021834A14A8F7F79DFB14AB814A214633
:10DC50005046FFF737FBC4E7524618468249F7F7AC
:10DC60008DF90028AED1594605AA3046FFF7FCFDD4
:10DC7000002800F0DF80059B48F00208A51C0F93E8
:10DC80009EE7BAF10E0F14D15246F0187749F7F714
:10DC900075F9002896D1594605AA3046FFF7E4FDEC
:10DCA000002800F0CB80059B48F00408A51C1093C9
:10DCB00086E7BAF10C0F4DD1334452466C491846F1
:10DCC0000193F7F75BF9019B68B9594605AA3046FD
:10DCD000FFF7CAFD002800F0E580059B48F0080822
:10DCE000A51C11936CE7524618466249F7F746F9AE
:10DCF00000287FF467AF594605AA3046FFF7B4FD08
:10DD0000002800F0D780059B48F02008A51C0D9343
:10DD100056E74346584A602114A8F7F733FB14AB83
:10DD20004C4AC8215046FFF7CDFA5AE7534B8021A1
:10DD3000474A14A8F7F726FB14AB464A40F2F711FE
:10DD40005046FFF7BFFA4CE7DDF808A04C4B3CE724
:10DD50004C4B3AE7BAF1090F15D15246F0184A492F
:10DD6000F7F70CF900287FF42DAF594605AA304685
:10DD7000FFF77AFD002800F09980059B48F0100815
:10DD8000A51C12931CE7BAF1060F1BD15246F018DE
:10DD90003E49F7F7F3F800287FF414AF594605AA77
:10DDA0003046FFF761FD002800F088809DED057A80
:10DDB00048F04008DDED0A7AA51C77EE877ACDEDB4
:10DDC0000B7AFDE6BAF1080F14D15246F01830492B
:10DDD000F7F7D4F800287FF4F5AE594605AA304687
:10DDE000FFF742FD00286DD0059B48F04008A51CB8
:10DDF0000B93E5E6BAF10A0F7FF4E4AE5246F01851
:10DE00002449F7F7BBF800287FF4DCAE594605AA91
:10DE10003046FFF729FD00285DD0059B48F08008BB
:10DE2000A51C0A93CCE64FF4FA7408E7DDF808A0C5
:10DE3000194BCAE6DDF808A0184BC6E6DDF808A0C5
:10DE4000174BC2E60000000088BA010860BA01085A
:10DE500094B5010820B6010830BA010840BA01089B
:10DE6000441002082CBB010898BA0108A8BA01089E
:10DE7000C0BA010800BD010844BB0108F8B8010898
:10DE800070BA010854BA0108D8BA0108FCBA0108EE
:10DE90000CBB010820BB010880BA010890BA010838
:10DEA000A0BA0108DDF808A00F4B8EE6DDF808A047
:10DEB0000E4B8AE6DDF808A00D4B86E6DDF808A0DB
:10DEC0000C4B82E6DDF808A04FF4C8710A4A5046B0
:10DED000FFF742FA85E6DDF808A04FF4C871074A5B
:10DEE0005046FFF739FA7CE6B8BA0108D0BA010803
:10DEF000E4BA0108F4BA010804BB010818BB010820
:10DF00002DE9F04F81462DED028BADF2FC4D00293D
:10DF100000F0ED80002A1446CCBF00240124002C20
:10DF200040F0E5803EAE4FF0FF354FF0000A4FF075
:10DF3000000B08A8334688460A95CDE908ABFFF7E1
:10DF400097FA071EC0F2F280FDF76AFC002800F085
:10DF50000781012F079540F3EF80214601240590AA
:10DF600004910291CDF80C902301651C06EB04127C
:10DF7000F35C042B50D1BD4280F2DA8006EB051A27
:10DF8000D2E90132A2EB0309B9F1060F46D108EB41
:10DF9000030B4A468D495846F6F7F0FF38BB514609
:10DFA000202340460CAAFFF731FC002800F0E68051
:10DFB0000C9B874A934200F08F800C9B854A9342CA
:10DFC00000F0A880DDF80C90834B844A80211EA8C5
:10DFD000F7F7D8F91EAB824A4FF4C8714846FFF7ED
:10DFE00071F90DF2FC4DBDEC028BBDE8F08F4A4695
:10DFF00058467C49F6F7C2FF80B9514607AA404609
:10E00000FFF75AFC002800F0D280079B032B00F298
:10E01000D2800123A51C0293AF4201DD2C46A3E769
:10E020000299049B81F00104DDF814B0DDF80C9036
:10E03000002B14BF002404F00104002C7CD131B368
:10E040000BF1B00514AC9FED680A0FCD0FC49DED28
:10E05000168AB5EEC08A0FCDF1EE10FA0FC495E81E
:10E060000300D8BF9FED618A84E80300079814A9D4
:10E07000FDF730F9002840F08580FF2214A95846AA
:10E080008DED168AFDF7CEFB002857D10124049BA5
:10E09000012B79D0049B022B00F09180544D554800
:10E0A0009BF83010002C18BF2846534A534B009061
:10E0B0001EA8022908BF1346514A8021F7F762F9CA
:10E0C0001EAB474AC8214846FFF7FCF80DF2FC4D4D
:10E0D000BDEC028BBDE8F08FBDF83430742B7FF4BB
:10E0E0006CAFA51C0123AF42049397DC98E7454B26
:10E0F00080213A4A3EA8F7F745F93EAB384A4FF43B
:10E10000C8714846FFF7DEF80DF2FC4DBDEC028BFE
:10E11000BDE8F08F9DF83430002B7FF453AFA51C81
:10E120000223AF4204933FF779AF79E7364B4CE7D0
:10E13000DDF80C90354B48E7354B46E7062842D8CA
:10E14000344B53F82040344B8021244A1EA8F7F763
:10E1500019F91EAB224A21464846FFF7B3F840E7BB
:10E160002E4B80211D4A1EA8F7F70CF91EAB1C4A46
:10E1700040F2F7114846FFF7A5F832E7DDF80C90BA
:10E18000274B22E7274B20E75846FDF76BFA00287C
:10E1900084D0254B8021114A1EA8F7F7F3F81EAB57
:10E1A0000F4A4FF4FA714846FFF78CF819E7DDF88B
:10E1B0000C901E4B09E7DDF80C901D4B05E7584607
:10E1C000FDF752FA6AE74FF4FA74BCE7A0BB010806
:10E1D0007374617273746F7094BB010894B5010815
:10E1E00020B60108B0BB01080000B4420000B443EF
:10E1F00050B2010858B2010860BB010868BB0108B1
:10E2000000BC010830BA010840BA010870BA010820
:10E2100070BB010844100208E0BB0108F8B801080F
:10E2200084BB0108D0BB0108F0BB0108A8BB0108F2
:10E23000B8BB01082DE9F043ADF6541D5B233D4CFE
:10E240008046002540F2FF760DF25117DFF800916D
:10E25000ADF8503194ED060A04210AA8FFF792F8B0
:10E2600094ED070A042110A8FFF78CF894ED080A32
:10E27000022116A8FFF786F894ED090A04211CA8CC
:10E28000FFF780F894ED050A012122A8FFF77AF83C
:10E2900094ED040A022128A8FFF774F894ED0A0A05
:10E2A00006212EA8FFF76EF82EAB314638460793AD
:10E2B00028AB214A069322AB05931CAB049316AB03
:10E2C000039310AB02930AABCDE900431B4B2C34F4
:10E2D000032D08BF4B4608932B46F7F753F88642A9
:10E2E00005F101050744A6EB000612D9042DB1D1B2
:10E2F000134A38463146F7F745F8012E09D054AB9A
:10E30000104AC8214046FEF7DDFF0DF6541DBDE85A
:10E31000F0830D4B80210D4A34A8F7F733F834AB66
:10E32000084A4FF4FA714046FEF7CCFF0DF6541D33
:10E33000BDE8F083A007002034BC010830BC010810
:10E34000D4BC010820B60108C0BC010894B501087E
:10E3500004A50108002918BF002A2DE9F04F8346C3
:10E36000ADF2DC4DD4BF4FF0010A4FF0000A40F38C
:10E37000F88036AF4FF000094FF0FF344FF000083F
:10E380003B460EA80D461094CDE90E89FFF770F8B4
:10E39000B0F10009C0F20A81FDF742FA002800F04E
:10E3A000AE8100234FF08242B9F1010F069407932A
:10E3B000089309930A93904B0C920B938F4BCDE9E2
:10E3C00012AACDE914AA0D9340F30381012405900C
:10E3D000CDF808B0CDE903AA230104F1010B07EB46
:10E3E0000412F95C042918D1D94540F3008107EBE8
:10E3F0000B18D2E90102121A052A4DD1284480498E
:10E40000F6F7BCFD58B9414606AA2846FFF754FA6C
:10E41000002800F0DC8004F1020BCB4501DA5C46F9
:10E42000DAE7069C059E032CDDF808B000F2D180E7
:10E43000039B002B00F012812C22724BD6ED2D7A1B
:10E4400002FB0433D6F8C42096ED2C7AD6F8C0101F
:10E45000DA6177EEC77AD6F8C820D6F8CC00996191
:10E460001A62D6F8BC10D6F8D020C3ED057A5862EF
:10E4700019619A625846644B644AC821FEF722FF2C
:10E480006048FCF705FF002878D061480DF2DC4DAC
:10E49000BDE8F04FFEF7C4BF042A11D128445D49FE
:10E4A000F6F76CFD0028BAD14146102312AA28467F
:10E4B000FFF7ACF90028AED1DDF808B0564B76E096
:10E4C000072A23D12E18554901923046F6F756FDFA
:10E4D000019A50B9414607AA2846FFF7C5F9002816
:10E4E00099D1DDF808B04E4B61E030464D49F6F762
:10E4F00045FD002893D1414608AA2846FFF7B4F904
:10E50000002888D1DDF808B0474B50E00E2A11D121
:10E5100028444649F6F732FD002880D1414609AA31
:10E520002846FFF7A1F900287FF475AFDDF808B0A1
:10E530003F4B3CE00C2A40F0F0802E183D49019200
:10E540003046F6F71BFD019AE0B941460AAA284673
:10E55000FFF78AF900287FF45EAFDDF808B0364B8C
:10E5600025E0364B8021364A36A8F6F70BFF36AB4E
:10E57000264A4FF4C8715846FEF7A4FE0DF2DC4D52
:10E58000BDE8F08F2F4930460192F6F7F7FC019A6B
:10E5900008BB41460CAA2846FFF766F982460028C8
:10E5A0007FF439AFDDF808B0274B00E0274B244A51
:10E5B000802116A8F6F7E6FE16AB144A4FF4C87190
:10E5C0005846FEF77FFE0DF2DC4DBDE8F08FDDF81A
:10E5D00008B01F4BEBE730461E49F6F7CFFC00288A
:10E5E0007FF41DAF012304F1020B039315E7DDF85F
:10E5F00008B0194BDBE700BF0000B4426F12833A4A
:10E60000E0BC0108A007002030BD010820B60108C9
:10E61000A8B80108F0BC0108E8BC010888BA0108E4
:10E6200080BA010898BA010890BA0108A8BA01088E
:10E63000A0BA0108C0BA0108B8BA010830BA010886
:10E6400094B5010800BD0108F8BC010840BA0108F2
:10E65000D8BC010810BD010870BA0108DDED077AC9
:10E66000F5EEC07AF1EE10FA47D49DED087AB5EEDA
:10E67000C07AF1EE10FA40D4DDED096AF5EEC06A19
:10E68000F1EE10FA39D49DED0A6AB5EEC06AF1EEEA
:10E6900010FA32D4DDED0B5AF5EEC05AF1EE10FA55
:10E6A0002BD9344E2C2303FB0463C3ED067A83ED90
:10E6B000077AC3ED086A83ED096AC3ED055ABAF11A
:10E6C000000F01D00C9A1A61049B23B12C230D9AE0
:10E6D00003FB04639A6212A8F4F732F90546002896
:10E6E0003FF4C8AE2C23024612A903FB0466304651
:10E6F000F5F7BEFE00237355BCE61F4B57E71F4BD3
:10E7000080211F4A16A8F6F73DFE16AB1D4A40F2BF
:10E71000F7115846FEF7D6FD30E7062A12D12844F5
:10E720001949F6F72BFC00287FF479AE41460BAA75
:10E730002846FFF799F800287FF46DAEDDF808B0A1
:10E74000124B34E7092A7FF46AAE28441049F6F7E1
:10E7500015FC00287FF463AE41460DAA2846FFF75A
:10E7600083F8049000287FF456AEDDF808B0094B1A
:10E770001DE700BFA007002020BD0108F8B8010870
:10E7800094B5010820B60108FCBA0108F4BA0108E2
:10E79000D8BA0108D0BA01082DE9F047ADF5367DA9
:10E7A0000546FDF73DF8002849D0D0F8A840002CD8
:10E7B00034D020460AA9FDF7A1F8A0B106281ED83A
:10E7C000494B53F82040494B494A802136A8F6F777
:10E7D000D9FD36AB474A21462846FEF773FD0DF5B5
:10E7E000367DBDE8F0870CA92046FDF79BF848B1BF
:10E7F000062826D83C4B53F820403F4BE4E74FF423
:10E80000FA74E0E720460EA9FDF79CF8E0B106286F
:10E8100067D8354B53F82040384BD5E7384B344A4E
:10E82000802136A8F6F7AEFD36AB324A40F2F7113A
:10E830002846FEF747FD0DF5367DBDE8F087314BE4
:10E84000EDE74FF4FA74D8E712AC18AE9DED0C0A60
:10E850001EAF20460621FEF795FD0DF190089DEDB7
:10E860000D0A304606210DF1A809FEF78BFD9DED3E
:10E870000E0A38460221FEF785FD0DF1C00A9DED16
:10E880000F0A40460221FEF77DFD9DED100A484625
:10E890000121FEF777FD9DED110A50460121FEF79B
:10E8A00071FD9DF82F209DF82E309DF82D009DF8CC
:10E8B0002C10CDE90232CDE900100A9B4FF4007113
:10E8C000114A36A8CDE9089ACDE90678CDE9044683
:10E8D000F6F758FD36AB074AC8212846FEF7F2FC8A
:10E8E0007DE74FF4FA7497E74410020854BD01081D
:10E8F00094B5010820B601086CBD010884BD01086B
:10E9000040BD0108F8B801089CBD0108002918BFE6
:10E91000002A2DE9F04F8146ADF2C44DD4BF4FF02F
:10E9200001084FF0000840F3C6804FF0FF3330ADD0
:10E930004FF0000A4FF0000B069304A82B460E463A
:10E94000CDE904ABFEF794FD071EC0F2C580FCF7CD
:10E9500067FF002800F0EC80D0F8A8300193002B6E
:10E9600000F0F480202241460DEB0200F4F754F849
:10E970000023012F039340F3D5800124DFF8D8A2B0
:10E98000CDF80090220104F1010905EB0411AA5C05
:10E99000042A1AD14F4540F3B08005EB091BD1E999
:10E9A0000102121A062A72D130445146F6F7E6FAED
:10E9B00068B92023594630460DEB0302FEF726FFC7
:10E9C000002800F0C98004F10209B94501DA4C467B
:10E9D000D8E79DF82030DDF80090002B00F0A280F1
:10E9E000824908A8F6F71CFB002800F08A808049BD
:10E9F00008A8F6F715FB002800F0AA807D4908A8B2
:10EA0000F6F70EFB002800F0AB807B4908A8F6F76C
:10EA100007FB002800F08880784908A8F6F700FB7B
:10EA2000002800F0A180764908A8F6F7F9FA002836
:10EA300000F09E80734908A8F6F7F2FA002840F02B
:10EA40009B80B8F1000F00F0B380DDED037AFCEE9F
:10EA5000E77ACDED007A9DF80010032900F2AA8034
:10EA60000198FCF723FF00284FD0062857D8664BA3
:10EA700053F82040654B8021654A10A8F6F782FCC8
:10EA800010AB644A21464846FEF71CFC20E0052AEC
:10EA90009DD130446049F6F771FA002897D1594664
:10EAA00003AA3046FEF7E0FE804600288BD1DDF851
:10EAB00000905A4B11E05A4B8021554A30A8F6F786
:10EAC00061FC30AB534A4FF4C8714846FEF7FAFB7D
:10EAD0000DF2C44DBDE8F08F524B4D4A802110A875
:10EAE000F6F750FC10AB4B4A4FF4C8714846FEF79E
:10EAF000E9FB0DF2C44DBDE8F08FDDF800904A4B04
:10EB0000EBE70198FCF790FEADE7484BC821414A7E
:10EB100048460DF2C44DBDE8F04FFEF7D3BB4FF4AD
:10EB2000FA74A7E7424BD8E70198FCF78DFE9AE705
:10EB3000404B374A802110A8F6F724FC10AB354A29
:10EB400040F2F7114846FEF7BDFBC1E73A4BF0E74C
:10EB50000198FCF771FE86E7DDF80090374BBCE7C3
:10EB60000198FCF76DFE7EE70198FCF76FFE7AE7EF
:10EB70000198FCF76DFE76E7314908A8F6F750FAE0
:10EB800040B9B8F1000F13D09DED030A0198FCF7CE
:10EB9000A9FE68E72B4908A8F6F742FAB0B9B8F120
:10EBA000000F09D09DED030A0198FCF79DFE5AE77E
:10EBB000254B92E7254B90E7234A4FF4C87148460E
:10EBC0000DF2C44DBDE8F04FFEF7C6BB08A82049C2
:10EBD000F6F726FA40B9B8F1000FEDD09DED030A23
:10EBE0000198FCF787FE3EE71A4AE6E7C8BA010833
:10EBF00078BE010880BE010888BE010890BE0108E9
:10EC000098BE0108A4BE010844100208FCBE010819
:10EC100094B5010820B6010860BE010858BE01087D
:10EC200030BA010840BA010870BA010830BD0108C5
:10EC300068BE0108F8B8010840BD010884BB01089E
:10EC4000D0BE0108DCBE0108B0BE0108C0BE01088C
:10EC5000ECBE010894BB0108A0BB01082DE9F047F8
:10EC6000ADF5387D0546FCF7DBFD002849D0D0F82E
:10EC7000A840002C34D020460CA9FCF777FEA0B1A8
:10EC800006281ED8464B53F82040464B464A802162
:10EC900038A8F6F777FB38AB444A21462846FEF7FA
:10ECA00011FB0DF5387DBDE8F0870AA92046FCF779
:10ECB00039FE48B1062826D8394B53F820403C4B42
:10ECC000E4E74FF4FA74E0E7204610A9FCF73AFEB7
:10ECD000E0B1062861D8324B53F82040354BD5E7D8
:10ECE000354B314A802138A8F6F74CFB38AB2F4A18
:10ECF00040F2F7112846FEF7E5FA0DF5387DBDE83C
:10ED0000F0872E4BEDE74FF4FA74D8E714AC1AAE47
:10ED10009DED0A0A20AF20460621FEF733FB0DF1D8
:10ED200098089DED0B0A304606210DF1B009FEF75B
:10ED300029FB9DED100A38460221FEF723FB0DF159
:10ED4000C80A9DED110A40460221FEF71BFB9DED0E
:10ED5000120A48460121FEF715FB9DED130A5046A5
:10ED60000121FEF70FFB0F990C9BDDE90D02CDE9A8
:10ED7000079ACDE9012100904FF40071104A38A89C
:10ED8000CDE90578CDE90346F6F7FCFA38AB074A3A
:10ED9000C8212846FEF796FA83E74FF4FA749DE7F8
:10EDA0004410020814BF010894B5010820B60108F8
:10EDB00028BF01083CBF010840BD0108F8B80108A0
:10EDC00054BF010810B5CCB0044606A8FDF77EFD7F
:10EDD0000B989DF8181005900A980E4A049009980F
:10EDE0000D4B03900898002918BF13460B4A4FF4A7
:10EDF00080710290079801909DF8190000900CA86E
:10EE0000F6F7C0FA0CAB064AC8212046FEF75AFABC
:10EE10004CB010BD50B2010858B201081CC0010826
:10EE200020B60108002918BF002A2DE9F04F8346BB
:10EE3000ADF2B44DD4BF0126002677DD4FF0FF338D
:10EE40002CAD4FF000084FF00009069304A82B46A4
:10EE50000F46CDE90489FEF70BFBB0F1000AC0F2C2
:10EE60008D80BAF1010FCDE90866CDE90A6640F35D
:10EE7000998064230124DFF874910093CDF804B0E5
:10EE8000220104F1010B05EB0411AA5C042A18D13C
:10EE9000DA4560DD05EB0B18D1E90102121A062AEA
:10EEA00013D138444946F6F769F860B9102308AA27
:10EEB00041463846FEF7AAFC0646002876D004F103
:10EEC000020BDA4515DD5C46DAE70B2AFBD1384444
:10EED0003849F6F753F80028F5D14146384603AAD9
:10EEE000FEF7EAFC00284BD0039B002B48DB009385
:10EEF000E5E7DDF804B0002E54D02F4908A8F6F756
:10EF00008FF820B32D4908A8F6F78AF800284BD1CE
:10EF100000F018FB002837D1294BC821294A584650
:10EF20000DF2B44DBDE8F04FFEF7CCB9264B802171
:10EF3000264A2CA8F6F726FA2CAB224A4FF4C871C1
:10EF40005846FEF7BFF90DF2B44DBDE8F08F0098BA
:10EF500000F0F0FADEE7DDF804B01D4B1B4A80211B
:10EF60000CA8F6F70FFA0CAB164A4FF4C8715846C6
:10EF7000FEF7A8F90DF2B44DBDE8F08F154BEDE7A3
:10EF8000DDF804B0144BE9E7144B80210F4A0CA8BC
:10EF9000F6F7F8F90CAB0B4A4FF4FA715846FEF746
:10EFA00091F9D0E70E4BD9E70E4BD7E7DDF804B067
:10EFB0000D4BD3E7B8C00108649E010874A901088D
:10EFC00030BD010820B6010830BA010894B5010827
:10EFD00070BA010840BA0108B0C00108C4C00108F5
:10EFE00068BE010894BB010884BB0108A0BB0108EE
:10EFF000F0B5144697B0BBB1FCB123891B2B02D8E6
:10F00000002017B0F0BD1421204601F03FFB00287E
:10F01000F6D163684AF6AF729988914215D01421EF
:10F02000204601F003FBEBE72A4B40F245122A4948
:10F030002A48F6F741FB002CDFD1264B4FF4A37290
:10F0400027492648F6F738FBD7E7264ADD88108897
:10F0500000F0CCFD8542E2D1234D244E2B88244A7A
:10F06000013312882B80338893422BD3214F386889
:10F07000B0B164222049F9F707F832882B8832B3FF
:10F08000D11A642000FB01F191FBF2F1009102A87A
:10F090001A49F1F777F9642202A93868F8F7F4FF02
:10F0A000174D1848296806F075F81748296806F0C2
:10F0B00071F8286818B101F051FF00232B60134B41
:10F0C00000221A60204601F039FB012099E7114621
:10F0D000DCE700BFD8C00108ECC00108FCC0010893
:10F0E00024C101088C090020820900208409002025
:10F0F000800900208809002030C101084CC10108A6
:10F100007C09002099F1000809F200089409002008
:10F110002DE9F0414FF4207207460E4622202821A7
:10F1200001F07CFB90B34289044603899A4204D0E3
:10F130002046BDE8F04101F001BB0568002DF7D184
:10F14000134B0822D0F804801888A8F8002001305A
:10F1500080B218800F4BC8F8023000F047FD2B46F4
:10F1600008F10702A8F8060002F8013F0133202B3E
:10F17000FAD12821404600F079FD03463246384650
:10F180002146A8F8023001F0BDFED1E7BDE8F081CC
:10F190008C0900200000AFAF10B50446E0B1124B5F
:10F1A00020461968FFF7B4FF104A114913880988EF
:10F1B00001339BB299421380224606D90D494FF480
:10F1C0007A70BDE8104005F0C7BF0B494FF47A7064
:10F1D000BDE8104005F0C0BF084B4FF4C0720849AD
:10F1E0000848F6F769FADAE7940900208409002054
:10F1F0008009002099F1000809F20008D8C0010830
:10F2000080C10108FCC0010810B5194C96B02068F7
:10F2100098B164221749F8F737FF174A174B12883D
:10F220001B88F2B91146009102A81549F1F7AAF816
:10F23000642202A92068F8F727FF124C12482168BF
:10F2400005F0A8FF1148216805F0A4FF206818B157
:10F2500001F084FE002323600D4B00221A6016B0DB
:10F2600010BDD11A642000FB01F191FBF2F1DAE745
:10F270008809002030C1010884090020820900208B
:10F280004CC101087C09002099F1000809F200082E
:10F290009409002070B5224C05462248216805F0EB
:10F2A00079FF2148216805F075FF206818B101F049
:10F2B00055FE002323601D4E00233360FDB11C4A20
:10F2C000002329681B48116032601B491B4A0380D8
:10F2D00001200B80138001F059FE2060B8B100229C
:10F2E000174901F089FD1749206801F077FD226870
:10F2F0000C494FF47A70BDE8704005F02DBF124BF9
:10F3000040F2CB1211491248F6F7D6F9D7E70E4B67
:10F310004FF4CA720F490E48F6F7CEF92068DEE7BF
:10F320007C09002099F1000809F2000894090020E6
:10F33000900900208C090020840900208209002007
:10F34000F1EF0008BC110208D8C00108C4C10108CF
:10F35000FCC001089CC10108014B1880704700BF28
:10F3600080090020002846D030B5044687B02348E5
:10F3700007F014F8224A034610212046214DF6F7E3
:10F3800001F8214807F00AF8102103461C4A6018CA
:10F39000F5F7F8FF1D4807F001F8194A0346102158
:10F3A00004F12000F5F7EEFF95F82B30184A1221F2
:10F3B000049304F1300095F82A30039395F829302E
:10F3C000029395F82830019395F82730009395F82B
:10F3D0002630F5F7D7FF95F82D300022C3F38001D2
:10F3E00003F00103104684F8442084F8421084F8A6
:10F3F000433007B030BD0420704700BF8C080020A8
:10F40000D8C1010888080020900800209408002036
:10F41000DCC1010800000000002A18BF002948D004
:10F42000F0B5B0FA80F795B004467F0900283DD0CA
:10F430000D4601A9164606F0A9FE002836D028463A
:10F4400002A906F0A3FE88B3304603A906F09EFE8B
:10F4500060B303AB02AA01A9194800F03BFF39468B
:10F4600025220DF12700F3F7D7FA214606A812A3AB
:10F47000D3E90023CDE904230F22F5F7E5FA294665
:10F480000F220AA8F5F7E0FA0F2231460EA8F5F789
:10F49000DBFA04A800F05CF8034604A8129300F01D
:10F4A00063F880F00100C0B215B0F0BD042015B0C3
:10F4B000F0BD0420704700BF5754454E01000000C6
:10F4C0008808002090B110B582B00C4601A906F062
:10F4D0005DFE40B1A0B2FFF73FFF01A8FFF7DAFEE3
:10F4E000002002B010BD042002B010BD04207047FF
:10F4F00008B5FDF759FE80F00100C0B208BD00BF9D
:10F5000008B5FDF79DFE002008BD00BF50B100B555
:10F5100083B00DF1030201A9FDF7ACFE002003B09A
:10F520005DF804FB0420704708B5FDF79DFE002040
:10F5300008BD00BF08B5FDF7BBF9FDF713F90020C2
:10F5400008BD00BF08B5FDF77DF9002008BD00BF6C
:10F5500048B1431E00F13701002013F8012F8B4200
:10F5600080EA0200F9D17047F0B59FB005466022ED
:10F5700000210DF11F0626F01F063046F3F74CFA66
:10F58000D5B1374606F1FF3C06F1370E00240FCD0A
:10F590000FC70FCD0FC70FCD0FC795E8070087E83E
:10F5A00007001CF8013FF44584EA0304F9D1094837
:10F5B000B463F9F731F910B100201FB0F0BD60223B
:10F5C00031460448F9F75EF9B0FA80F040091FB0FF
:10F5D000F0BD00BF00001A0820B11F4B1F4A196878
:10F5E000914201D00020704730B5024603F130054A
:10F5F0001C68103353F80CEC103253F808CC53F855
:10F60000041CAB4242F8104C42F80CEC42F808CC17
:10F6100042F8041CECD11C6859689B681460516066
:10F62000936000224368C275012B80F8272080F880
:10F6300037200ED1431E00F1370C13F8011F63452C
:10F6400082EA0102F9D1806B801AB0FA80F0400999
:10F6500030BD002030BD00BF00001A085754454E91
:10F660000B2804D8034B53F8200000B17047024820
:10F67000704700BF70100208FCC10108032803D8BE
:10F68000024B53F820007047014870476010020891
:10F690000CC201080020704730B58DB00C463022F6
:10F6A00000216846F3F7B8F904B3616863892268FA
:10F6B000CDE900138AB103AB012055685189126866
:10F6C00043F8043C0C3343E903513AB101300428B8
:10F6D000F3D16FF00B000DB030BD104600EB4000D1
:10F6E0000CAA002302EB800040F8283C06491422B3
:10F6F000238906484B60C1F808D04C6308F0DAFC57
:10F7000000200DB030BD00BFB8090020F009002076
:10F710000146064808B500F065FD054B1A78012A38
:10F7200000D008BD00221A7008BD00BFC01002083A
:10F73000A00A0020024808B508F0DCFE002008BD41
:10F74000F00900208446064808B513460A4661467B
:10F7500008F098FD003818BF0120404208BD00BFE6
:10F76000F00900208446064808B513460A4661465B
:10F7700008F0B6FD003818BF0120404208BD00BFA8
:10F78000F009002007F05CBB2DE9F0410E4E82B07D
:10F790000E4F05464FF000083378CDF8048013B1C2
:10F7A00002B0BDE8F08101A9384608F0E1FC019CF7
:10F7B00029462046002CF3D02B6998470028EBD02F
:10F7C000204600F0BBFFE5E7A00A0020F00900207A
:10F7D00010B500238EB03C4C86200A930221D4F849
:10F7E000E0300B2243F00103C4F8E030D4F8E030FD
:10F7F00003F001030193019BD4F8E03043F00203CE
:10F80000C4F8E030D4F8E03003F002030293029B26
:10F81000D4F8E03043F00403C4F8E030D4F8E0302A
:10F8200003F004030393039BD4F8E03043F0400358
:10F83000C4F8E030D4F8E0300C9203F04003CDE996
:10F8400008010221049321480B9108A9049B07F0A9
:10F85000C5FB4FF4205308A91D48089307F0BEFBD1
:10F860004FF4005308A91B48089307F0B7FB322355
:10F8700008A91948089307F0B1FBD4F8D83043F42D
:10F880000043C4F8D830D4F8D83003F400430593CB
:10F89000059BD4F8D83043F48033C4F8D830D4F87A
:10F8A000D83003F480330693069BD4F8D83043F461
:10F8B0000033C4F8D830D4F8D83003F400330793B9
:10F8C000079B0EB010BD00BF004402580000025854
:10F8D00000180258000402580008025870B5A6B07B
:10F8E0000546642200210DA8F3F796F864223049FA
:10F8F0000020F8F7C9FB2F4808F0A8FF2E49024660
:10F9000004466846F0F73EFD322269460020F8F7CB
:10F91000BBFB95F82D2029496846C2F38002F0F719
:10F9200031FD694632220020F8F7AEFB95F82D3004
:10F93000590726D5012C2BDD5A0720D4023C032C75
:10F940001DD81F4A0DA91F4B52F824601E4853F8BA
:10F95000244008F0F7FC0DA91B48CDE9126408F01B
:10F96000BBFD194808F040FB6422E0B91749F8F7DD
:10F970008BFB284600F0A0FD284600F0B9FD26B01C
:10F9800070BD9A08D307FAD4012CD7DC26B070BD1D
:10F990000D4808F061FB284600F09CFD284600F069
:10F9A000BFFD26B070BD0A490020F8F76DFBE0E707
:10F9B000C0C2010898090020F0C2010808C301086C
:10F9C000B0100208A0100208F009002020C30108AE
:10F9D00034C3010830B5044687B0002878D0404BC6
:10F9E00047F273403F496422A361E08500206161D2
:10F9F0003D49F8F749FB03A8F8F726F83B480221F0
:10FA0000DDE903238DF804108DF80520120A8DF826
:10FA100007301B0A8DF806208DF8083001AB344AF8
:10FA20000599C0E90023334B334A8DF809100121B1
:10FA300003614FF47A730172C260436108F090FD74
:10FA400094F82D300620019ABDF8081043F00A03FF
:10FA5000C4F8262040F2DC5284F82C006185274847
:10FA6000A28484F82D3000F057FB254B342200216E
:10FA70001846F2F7D1FF034621204FF440322149C6
:10FA800043F8040C20481A6108F092FE64221F49D2
:10FA90000020F8F7F9FA1C4808F0A4FE054670B9F2
:10FAA00064221B49F8F7F0FA2046FFF717FF64229B
:10FAB00018492846F8F7E8FA002007B030BD20467C
:10FAC00000F02EFD204600F005FD002007B030BDFF
:10FAD000114B40F2531211491148F5F7EDFD7EE745
:10FAE00099F60008695C010878C30108F009002054
:10FAF000008002400000003060000030C0100208AA
:10FB0000BC090020D40100209809002098C30108F6
:10FB1000B4C30108E0C3010850C3010868C3010869
:10FB2000FCC0010830B5044683B0124800F03AFB2F
:10FB3000034690B100F1200500210F4A4FF47A707E
:10FB400025601A61412201900846009500F04EFDA3
:10FB50000A4B00221A7003B030BD084D4FF0010C63
:10FB600064220749206085F800C003B0BDE830403A
:10FB7000F8F78ABAC010020811F70008A00A00209E
:10FB800000C4010830B40025A2F1200422F8163C7C
:10FB900042F8205C22F8185C026862B10A681460BE
:10FBA0000C6002682AB11189194411811268002A77
:10FBB000F9D130BC70470460F2E700BFF7F708BF27
:10FBC00072B60020704700BF62B6704708B500F0FB
:10FBD00053F800F0BBFA00F07BFB05F02DFB01F0C1
:10FBE00067FABDE8084005F09DBA00BF40BA80B290
:10FBF000704700BF00BA704730B54FF0000E00F0FC
:10FC00000105714505DD25B110F8013B013963F3AC
:10FC10001F2E012927DD023900234C0804F1010CB5
:10FC200000EB4C0C30F8022B60451344FAD1C4EBC6
:10FC3000C47401EB4401012905D19CF8002062F352
:10FC4000070E1FFA8EFE9E441FFA8EF303EB1E432F
:10FC500098B200EB134025B10302C0F307209BB21A
:10FC6000184380B230BD84460023E4E708B5FFF7AF
:10FC7000C3FFC04380B208BD10B40A4B4FF420410B
:10FC8000094C0020094A23604FF0A024196008495C
:10FC9000187101200A600749107114605DF8044B67
:10FCA0000B60704700400030C80A002000E00030C0
:10FCB000C40A0020C00A0020002800F0A7808307A3
:10FCC0002DE9F041044677D1514EA0F10805326884
:10FCD000AA425FD84F4F00F10C033968994259D3BB
:10FCE00010F8043C002B00F08C8030F8060C34F83F
:10FCF000083CB0F5204F5AD8B3F5204F57D8A5EBA4
:10FD0000020C1FFA8CFC844502D0105A60454ED17B
:10FD10001A44914202D05288624548D1DFF81C81D2
:10FD2000002204F8042CD8F80020AA4288BFC8F8A2
:10FD30000050A94245D9326813449D4213D0197925
:10FD400089B939688B420ED0D8F800108B421B88D5
:10FD500008BFC8F80050B3F5204F24F8083C02D083
:10FD60001344A91A598034F8061C53189D420FD029
:10FD7000187968B9D8F80000854208BFC8F8003083
:10FD800034F8083CB3F5204F535201D01A44518047
:10FD9000BDE8F081204B40F2722220492048F5F75F
:10FDA0008BFCFFF70DFFBDE8F041FFF70DBF1A4BCD
:10FDB0004FF422721B49F1E7174B40F266221A49B1
:10FDC000ECE7154B40F2D31218491548F5F774FCCF
:10FDD00014F8043C33B1104B4FF4EA721449104844
:10FDE000F5F76AFC34F8083CB3F5204FA3D90A4B69
:10FDF00040F2D7120F490A48F5F75EFC34F8083C88
:10FE000099E7054B40F27F220B49C7E7704700BFD7
:10FE1000C80A0020C40A002020C4010860C40108E8
:10FE2000FCC00108A4C401083CC40108D8C40108EE
:10FE3000F4C4010810C501087CC40108C00A0020F0
:10FE4000CB1C23F003039BB20C2B2DE9F0411D4684
:10FE500038BF0C258D426CD3B3F5204F69D83F4F86
:10FE600004463B68834236D83D4A1268824232D902
:10FE7000A4F1080634F8081CF61AA1F10802B6B27B
:10FE8000921B92B295424DD822D003EB010898F80C
:10FE90000430002B32D005F11403934218D80835F2
:10FEA000B1F5204F3544ADB24ED03B682D485A19BC
:10FEB0000768974288BF026000201071595356802E
:10FEC00024F8085C5A5BB2F5204F01D013445D80E2
:10FED0002046BDE8F081244B4FF431722349244879
:10FEE000F5F7EAFB3B68A34203D81D4A1268A24219
:10FEF000BED8FFF765FEFFF767FEE9E7B1F5204FD3
:10FF00001AD0083517493B6835440868B8F80070BE
:10FF1000ADB2404503EB050208BF0A600021117134
:10FF20005F53CCE7104B40F2D72212491048F5F747
:10FF3000C3FB0020BDE8F0810B4B4FF43A720E4931
:10FF40000B48F5F7B9FBDCE70B4940F20932064BE9
:10FF50000748F5F7B1FB34F8081CA6E7C80A0020EB
:10FF6000C40A0020C00A002020C401083CC50108C2
:10FF7000FCC0010854C5010874C50108002863D0FD
:10FF8000C31C23F003039BB20C2B2DE9F0479846CA
:10FF900038BF4FF00C08804523D3B3F5204F94BFF2
:10FFA00000220122EAB9414FC8F5204EDFF81CA11A
:10FFB000D7F800C0DAF80000ACEB000399B2714545
:10FFC0000B460ED26FF0070944181D46435AA9EBA1
:10FFD00001022679194616B91A44424504D29E45B3
:10FFE000F2D80020BDE8F08708F1140108F10808F4
:10FFF0008A420ED2012323712D4B644519683BD0F0
:020000040801F1
:10000000A044414530D3A3071FD104F10800BDE847
:10001000F08705EB08091FFA89F9B9F5204F37D0A9
:1000200000EB09020021117120F8093001235580ED
:10003000A4F80090237130F80930B3F5204FDBD0DD
:100040001844A0F80290D7E770471A4B40F2AE323E
:1000500019491A48F5F730FB164B4FF46C721849E2
:100060001648F5F729FBD0E7124B4FF46B72154990
:100070001248F5F721FBC6E7DAF80000234603E053
:100080001B8803441A790AB18B42F9D13B60B7E768
:10009000084B40F27A320C490848F5F70DFB2388EB
:1000A000DAF80000D7F800C0BAE700BFC00A0020A5
:1000B000C40A002020C40108B8C50108FCC001081A
:1000C000E8C5010888C5010874C50108C80A0020F0
:1000D00038B50446FFF774FDA3681C688CB122682C
:1000E00005461A60A30704D12846FFF76DFD204698
:1000F00038BD064B4FF48C7205490648F5F7DCFA1B
:10010000F2E7FFF761FD204638BD00BF0CC60108CD
:100110002CC60108FCC0010830B400214488D0E995
:10012000013529607CB10333B0F800C00A4623F0E2
:10013000030300E003460132196003EB0C0019468B
:10014000A242F7D12B6030BC704700BFF0B5124D12
:100150000424124B0027124E05F1280E033355F8E4
:10016000042B376023F003036CB10021B2F800C008
:100170000A4600E003460132196003EB0C00194601
:10018000A242F7D13360AE4504D02A68D2E90136E5
:100190005488E3E7F0BD00BFCC100208607F002068
:1001A0005C7F002008B1FFF793BF10B50446044BF5
:1001B0004FF49E7203490448F5F77EFA204610BDBD
:1001C0000CC6010850C60108FCC00108092804D863
:1001D000034B53F82000FFF77BBF0020704700BFA0
:1001E000CC100208C0B170B50C4661B18B07054652
:1001F0000AD1FFF7E5FCAB681A6822601C60BDE815
:100200007040FFF7E1BC70BD074B4FF4B672074971
:100210000748F5F751FAECE7034B40F29512054910
:100220000348F5F749BA00BF0CC6010864C60108C7
:10023000FCC0010850C6010891B1092810D838B592
:100240000C4B0C4653F820508B070AD1FFF7B8FC33
:10025000AB681A6822601C60BDE83840FFF7B4BC88
:100260007047054B4FF4B67204490548F5F724FA78
:10027000ECE700BFCC1002080CC6010864C60108F8
:10028000FCC001086FF00B00704700BF10B50446BA
:1002900050B194F82D3003F00502052A03D16268AD
:1002A0000AB11B0708D410BD064B4FF46272064911
:1002B0000648F5F701FAECE7211D2046BDE810409D
:1002C00005F080BD84C60108A4C60108FCC0010871
:1002D000704700BFF0B500291E46294B0C4683B07D
:1002E000054614BF0C461C46002A31D017466EB393
:1002F00023686BB100213B68AA689342EA6818BF83
:10030000AB603368934218BFEB6029B103B0F0BD16
:100310006A68FAB90121EEE76B6822689A42F5D063
:1003200001A96846CDE9003201F0CCFF01A9684679
:1003300005F08EF801A9684600F040FE236801210F
:1003400028466B60FFF7A2FF03B0F0BD0C4ECFE76D
:100350001F46CCE701A96846CDE9002301F0B2FFB2
:1003600001A9684605F074F801A9684600F026FE68
:100370002368012128466B60FFF788FFCAE700BFAA
:10038000BC1102082DE9F84F0B9C002C7AD00646D0
:10039000002877D000296CD0002A65D0002B66D0C9
:1003A0000A98DFF8F8B030620C9830610020C6E996
:1003B0000100F060B08486F82D00F0613348706170
:1003C0009BF8000086F830003046FFF783FF304688
:1003D000A047002856D196F83030DFF8C490DFF8F7
:1003E000C480DFF8C4A02A4FFF2B02D1002386F877
:1003F0003030D9F80040002C41D0002507E094F8B7
:10040000303096F83020934213D02468F4B1A642DD
:1004100014D00135FF2DF2DD43464FF4CF721D4954
:100420003846F5F749F994F8303096F83020934281
:10043000EBD10133DBB286F83030D5E743464FF4D9
:10044000CE7251463846F5F737F9E2E7D9F8004061
:10045000FE2A12D0531CDBB2346030468BF80030D9
:10046000C9F80060BDE8F88F0B4A002B98D10A4B01
:1004700096E70949002A91D1F6E70023ECE796F8C0
:100480003020E5E70020BDE8F88F00BF85020108B5
:10049000FCC00108DCC60108BC110208D37F0020A3
:1004A000D87F002084C60108C8C60108014B186027
:1004B000704700BFD47F002018B190F82D20D107DD
:1004C00000D5704742F00102032180F82D20FFF78C
:1004D000DDBE00BF48B190F82D20D10705D522F030
:1004E0000101130780F82D1000D4704705F02CBAD5
:1004F000A0B110B590F82D3004465A0700D510BDB4
:1005000043F00403032180F82D30FFF7BFFEE369B9
:10051000002BF4D02046BDE810401847704700BFBC
:1005200050B190F82D20510706D522F00402C16980
:1005300080F82D2001B10847704700BF00B1C161AC
:10054000704700BF024658B1064B186810B907E063
:10055000006830B190F830300133DBB29342F7D10C
:1005600070477047D87F002008B5FFF729FB094B7B
:1005700000221A70FFF728FB074B186810B908E033
:10058000C06830B1436F002BFAD0BDE8084001F0DD
:10059000C3BE08BDDC7F0020EC7F002070B522F0D8
:1005A000400300251446064661F30F05012B61F355
:1005B0001F450CD10820FFF709FE38B100230122A6
:1005C00046608560036004734373C28170BD044B51
:1005D0004FF4A67203490448F5F76EF8EAE700BF46
:1005E0000CC701082CC70108FCC0010830B4033057
:1005F0000024BDF80CC061F30F0420F00300029D3D
:1006000061F31F44014461450DD805B10544002143
:100610005D6002251846196001219C605D731A73A4
:10062000D98130BC7047002030BC704710B5F0B1A4
:10063000B1F5803F0BD2C1B18AB2038913449BB29A
:100640009A4204D890F90CC0BCF1000F01DB0120E4
:1006500010BD446800F1100C611A6145F7D3B0F881
:100660000AC04160624403814281002010BD044BF6
:100670004FF4F27203490448F5F71EF80120E7E74A
:100680000CC7010824C10108FCC0010810B588B1DD
:10069000B1F5803F15D259B18AB243899A4210D838
:1006A00044689B1A0C44018943818B1A446003817E
:1006B000002010BD044B4FF4147204490448F4F7B1
:1006C000FBFF012010BD00BF0CC7010824C10108B9
:1006D000FCC00108002919DB034610B5C8B199B167
:1006E00088B21A89024492B2904219D893F90CC088
:1006F0005C68BCF1000FA4EB010113DBB3F80AC086
:10070000596060441A815881002010BD4942FFF7AA
:10071000BDBF074B4FF4F27206490748F4F7CCFF10
:10072000012010BD03F1100C6145E7D2F8E700BFCE
:100730000CC7010824C10108FCC001082DE9F843D9
:100740000546002855D00026DFF8C080DFF8C890A5
:100750002C4F08E02B69002B3DD0284698470136E6
:10076000F6B2FCB12546FFF72BFAAB7B0446E3B1AA
:10077000013B2046DCB2AC73FFF726FA94B96A7BE2
:100780002C6892072B7BE5D403F00F03022B1DD0BE
:10079000012B29D093B901362846FFF78DFAF6B21E
:1007A000002CDFD13046BDE8F883434640F2F52205
:1007B00049463846F4F780FFAB7BD9E7434640F221
:1007C000133211493846F4F777FFC8E72946092064
:1007D000FFF732FDC3E70D4B40F203320C490948E5
:1007E000F4F76AFF2B69B8E729460820FFF724FDD4
:1007F000B5E7064B4FF4387206492E460148F4F728
:100800005BFFCFE7FCC001087CC701080CC70108EB
:1008100058C7010824C1010840C70108B2F5C17FCB
:100820002DE9F84388463ED00ED822F04003012B34
:1008300034D03B4B40F229123A493B48F4F73CFF95
:1008400000242046BDE8F883B2F5207FF1D1C31C17
:10085000CA1C054622F0030223F0030313449BB293
:1008600003F11000934280B2EAD38242E8D8FFF746
:1008700085FB04460028E4D0002143192B480A4692
:100880001333E060204668F30F0223F0030368F39C
:100890001F42C4E90013A260BDE8F8830020BDE850
:1008A000F843FFF77BBE00218146214D0C460E46E2
:1008B00009E03860A8EB03034FF000091FFA83F842
:1008C000B8F1000FBDD009200F46FFF77FFC09F1FA
:1008D00003020146B0B122F0030300EB0902A0F8C5
:1008E0000880C3F5C063133206609BB222F0030296
:1008F000C5604345426028BF43464381002CD8D1A0
:100900000446D7E7FFF75CF90A4B01221A70FFF79C
:100910005BF9002C94D02046FFF710FF90E700BF52
:100920000CC7010890C70108FCC001088000010045
:1009300082000100DC7F002070B504460D460028CF
:100940003AD02289AA421FD963899D420DD9A91A9A
:1009500089B20A44EB1A22819DB22468002C3BD054
:100960006389AB4201D22289F3E70026227B65F33B
:100970000F06120765F31F4607D02068A66008B16E
:10098000FFF7DCFE0023236070BDAB42F5D0637B34
:100990009B07F2D4636820461B1BE91889B2FFF756
:1009A0004FFA88B1A042E8D0104B40F2C112104972
:1009B0001048F4F781FEE0E70C4B4FF4CD720E497E
:1009C0000C48F4F779FEBCE7084B40F2BF120B4924
:1009D0000848F4F771FEE7E7044B40F2B11208490A
:1009E0000448F4F769FE6389FFDE00BF0CC7010805
:1009F000F8C70108FCC00108ACC70108DCC7010842
:100A0000C4C70108034630B1002001301B6880B222
:100A1000002BFAD17047704758B110B50446FFF764
:100A2000CFF8A37B0133A373FFF7CEF8A37B0BB101
:100A300010BD7047044B40F2463204490448BDE8FB
:100A40001040F4F739BE00BF0CC7010814C80108F4
:100A5000FCC0010800282FD038B50D46B1B188423E
:100A600004462AD0236822898BB1228929890A4425
:100A700022811C461B68002BF7D1228963899A4288
:100A800008D122892B8925601A44228138BD6389C7
:100A90009342F7D00D4B40F267320D490D48F4F701
:100AA0000BFE2368002BECD0084B4FF45A720A4916
:100AB0000848F4F701FEE4E77047044B40F25F3268
:100AC00006490448F4F7F8FDCCE700BF0CC701085D
:100AD00044C80108FCC0010874C8010828C80108FE
:100AE00010B50C46FFF7B6FF44B1FFF769F8A37BDA
:100AF0000133A373FFF768F8A37B03B110BD044B68
:100B000040F2463203490448BDE81040F4F7D4BD32
:100B10000CC7010814C80108FCC00108002900F036
:100B200087802DE9F84F98460B890C46164693426C
:100B30007AD3B0FA80F705467F09002874D002897D
:100B400008EB06039A426FDBDFF8F4A0DFF8F490BD
:100B50006A896389A2EB08026868DB1B616840440C
:100B60009A42394428BF1A46B24228BF32469346B9
:100B7000F3F77EFC6B89D844A6EB0B065F44434534
:100B8000B6B23AD36389BB422ED39F421FD26A8941
:100B900090453AD022899A4215D01DB16B892A8995
:100BA0009A4204D0002ED3D13046BDE8F88F2B688E
:100BB000002BF7D06FF00500BDE8F88F61890027A2
:100BC00022899142EBD12368002BE6D0F2E7321E56
:100BD000246818BF012204B932BB6B8943451DD07C
:100BE000002CEBD12746DAE7534640F2FB3212499C
:100BF0004846F4F761FD6389C7E7534640F2FA328D
:100C00000E494846F4F758FDBCE7321E18BF0122D2
:100C10002D6805B942B91CB9A046BEE70027F7E721
:100C200063894FF00008B5E76FF00F00BDE8F88F5B
:100C30006FF00F00704700BF9CC8010884C801080E
:100C40000CC70108FCC0010819B100230A89FFF78D
:100C500065BF6FF00F0070472DE9F04158B3B1FA4E
:100C600081F68846760931B30546174622B926E053
:100C700093B22D68E7B1DDB108EB0600B5F80AC004
:100C80001BB19C45A3EB0C02F2D9ACEB03046968E1
:100C9000A4B21944BC4228BF3C46224626443C1B11
:100CA000F3F7E6FBB6B20023A7B22D68002FE2D11E
:100CB0003046BDE8F08100263046BDE8F08116469A
:100CC000F6E700BF38B514460A462189FFF7A6FDAE
:100CD000054628B1002322892146FFF71FFF08B9E6
:100CE000284638BD044B40F24C5204490448F4F7FE
:100CF000E3FC284638BD00BF0CC70108B8C801088E
:100D0000FCC001082DE9F84F2E4F804639687869FC
:100D100005F020FAD8F804305D7A2B4B1C68002CC3
:100D20004ED081460020064604E0E3682646002BAC
:100D300035D01C46237CAB42F7D1227A216832B1F0
:100D40007B6893F830300133DBB29A42EDD1B9F1D0
:100D5000000F26D00029E8D1637CDB0703D5626849
:100D60003B699A42E1D1D4F814A0BAF1000FDCD06B
:100D7000164B42462146A069D8F804B0D047B0B916
:100D8000D8F804305B4505D0114BC02211491248F8
:100D9000F4F792FCE36802202646002BC9D1BDE897
:100DA000F88F0029D8D07B699942BED1D4E72EB103
:100DB0000549E2680B68F2600C60E3600120EEE731
:100DC0002046ECE7A80A0020E07F0020B80A0020B7
:100DD000CCC80108E8C80108FCC00108024638B1C7
:100DE000B1FA81F35B0919B10968184611607047BF
:100DF0006FF00500704700BFC0E90512704700BFE3
:100E00002DE9F04385B0DDF83080002866D09146AA
:100E1000002A63D01F46002B60D0B8FA88F35B0924
:100E2000B8F1000F5AD090F811C00E4604461CF0DD
:100E300002052AD10A894FF6EB739A4258D8142139
:100E40003046FFF7F3FB80B329464FF4207222208F
:100E5000FFF7E4FC054600284AD03389002B39D13E
:100E600002974A46237C414628460193A37A009381
:100E7000E37A05F05DF9AE42044612D02846FFF74A
:100E80005DFC204605B0BDE8F0834A89132A25D9C8
:100E9000414630461A460093CDE9013705F048F93E
:100EA0000446204605B0BDE8F08314213046FFF724
:100EB000EDFBB0B902974A46237C41463046019388
:100EC000A57AE37A009505F033F90446204605B08B
:100ED000BDE8F0833146FFF703FEC1E76FF005047C
:100EE000DFE7054B40F2E31204490548F4F7E4FB61
:100EF0004FF0FF34D5E700BFCCC8010834C9010862
:100F0000FCC0010838B3F0B5154683B0EAB1044619
:100F1000007A0E4690B1FFF715FB0346C3B1226875
:100F20008AB102F0F002E02A0DD027462A46314667
:100F300020460097FFF764FF03B0F0BD104604F0B1
:100F400057FF0346EAE71F1DF0E76FF00500F3E7E0
:100F50006FF00300F0E76FF0050070470A4A0146A2
:100F6000136883420AD033B11A46DB681BB18B4247
:100F7000FAD1CB68D3600020FFF75EB9C3680020C8
:100F80001360FFF759B900BFE07F002010B5044699
:100F90000020FFF71BF968B10023074AFF21836097
:100FA0000361036043604361836113680474C17229
:100FB0001060C36010BD00BFE07F002010B1026868
:100FC00001B102B970470B68002BFBD0084B1B68BE
:100FD000002BF7D010B400E002681C68944201D1E5
:100FE0000A681A60DB68002BF6D15DF8044B704785
:100FF000E07F002070B4124E4FF48040114D4FF648
:10100000FF7C31880131104C89B2614508BF4FF433
:10101000404123681B6813B90BE0DB684BB1DA8AE7
:101020008A42FAD1013880B20028EBD1318070BCFD
:1010300070470434AC42ECD10846318070BC704734
:10104000EC0100207C1102086C11020810B5044666
:10105000F8B1237D042B05D0072B0DD0032B01D035
:10106000002010BD204603F0B5FB48B905232046FB
:10107000237503F01DFDF3E7204603F0ABFB30B111
:10108000431CEED1638B43F008036383E8E7092335
:10109000EDE7044B4FF4CE7203490448F4F70CFB20
:1010A000D7E700BF5CC9010878C90108FCC0010886
:1010B00008B5EFF79BFC024B024A0343138008BDBF
:1010C00000C0FFFFEC01002010B5037D0446012B9A
:1010D00005D021460220BDE81040FFF7ADB8064913
:1010E000D422064B0648F4F7E7FA21460220BDE871
:1010F0001040FFF7A1B800BF84C901085CC901080E
:10110000FCC001080029F8B51F4B0E4614BF0E465F
:101110001E46002834D0037D074673BB2AB31B4903
:1011200001F110000B681B6813B90FE0DB686BB1AD
:10113000B3F816C09445F9D11C6824B13568AC42A7
:1011400001D0002DF2D16FF00700F8BD04318142CB
:10115000E8D1336803B13B600D4BFA821A681F6017
:10116000FA6003F0BFFF0020F8BDFFF743FF02461F
:101170000028EED16FF00100F8BD6FF00500F8BD5A
:101180006FF00F00F8BD00BFBC1102086C1102081F
:10119000F47F002070B504461646002849D0037D30
:1011A000002B33D10320FFF711F80546002844D067
:1011B0002269E38A02610122C3820275627D42755F
:1011C000A26882602268026063B11D4A1368A3426C
:1011D00027D02BB1D968A14226D00B46002BF9D1DC
:1011E0000023E360237D012B14D021460220FFF76A
:1011F00023F8144B14491A68A961EA601D6003F0D2
:1012000071FF002306B13370284670BD6FF00E03E6
:101210000025F7E70D4BD4220D490E48F4F74CFAA0
:10122000E3E7E3681360DBE7E268DA600023E3608A
:10123000D8E705466FF00F03E4E74FF0FF33E1E72F
:10124000F47F0020F07F00202D1D01085CC90108FB
:1012500084C90108FCC001080022FFF79BBF00BF42
:1012600038B5044618B3228D41F6844CE36AB4F8CD
:1012700032E0616AD01AE645084494BFA0EB0E053F
:10128000A0EB0C05002D01DB628538BD5D1A16D47C
:10129000B5F5803F03D2AAB20020628538BD0A4B63
:1012A00040F2BA3209490A48F4F706FAF3E7064B66
:1012B00040F2AA3207490648F4F7FEF9D3E70022C4
:1012C0001046628538BD00BF5CC90108BCC9010871
:1012D000FCC0010898C9010850B338B5037D054624
:1012E0000C46012B1CD02B8D191989B28B4203D8C7
:1012F00043F60813994201D943F608112846298577
:10130000FFF7AEFF40F64163984200D838BD6B8BC3
:10131000284643F002036B83BDE8384003F0C8BBA6
:10132000044B40F2D63204490448F4F7C5F9DAE731
:10133000704700BF5CC90108D8C90108FCC001089A
:1013400070B138B5044625462468686808B1FFF7CF
:10135000F5F929460420FEF76FFF002CF3D138BDC4
:10136000704700BF58B110B50446406808B1FFF798
:10137000E5F921460420BDE81040FEF75DBF704747
:1013800038B5054688B10420FEF720FF044650B169
:1013900068682968AA68EB68606021606068A2607C
:1013A000E360FFF739FB204638BD044B40F286620C
:1013B00003490448F4F780F9E5E700BF5CC9010878
:1013C00000CA0108FCC0010800B10161704700BFFC
:1013D00040B138B5037D04460D46012B03D0C4F857
:1013E000845038BD7047054B4FF4FD6204490548F1
:1013F000F4F762F9C4F8845038BD00BF5CC9010835
:101400001CCA0108FCC0010840B138B5037D044680
:101410000D46012B03D0C4F8805038BD7047054BF2
:1014200040F2FC7204490548F4F746F9C4F88050CC
:1014300038BD00BF5CC9010844CA0108FCC00108EE
:1014400040B138B5037D04460D46012B03D0C4F8E6
:10145000905038BD7047054B40F6160204490548C8
:10146000F4F72AF9C4F8905038BD00BF5CC90108F0
:101470006CCA0108FCC0010818B1037D012B08BF2C
:101480008161704750B170B5037D0E460446154624
:10149000012B04D0C4F88C60657770BD7047054B94
:1014A00040F6480204490548F4F706F9C4F88C6090
:1014B000657770BD5CC9010894CA0108FCC00108C9
:1014C000002841D070B5037D05460A2B01D0012BC1
:1014D00000D870BD806F18B1FFF730F90023AB67FB
:1014E0006C6F64B126462468706808B1FFF726F96E
:1014F00031460420FEF7A0FE002CF3D16C674FF6B6
:10150000FF73EC6E2B865CB126462468706808B1C8
:10151000FFF714F931460420FEF78EFE002CF3D1BC
:101520002C6F5CB126462468706808B1FFF706F995
:1015300031460420FEF780FE002CF3D10023C5E9DC
:101540001B33A5F8683070BD704700BF2DE9F04F20
:10155000AE4D87B0AE4E2B68DFF8E0B201332B60A2
:10156000337801333370AB4B1C68002C5DD00027FF
:10157000B946237D002B00F00981012B00F0118179
:101580000A2B00F019813278A37F934200F020816A
:10159000237DA277022B94F8422000F09C800B2A36
:1015A00040F2C5804FF00108062B00F0DE80627A21
:1015B000120740F19480042B02D0072B40F08F805B
:1015C000D4F89400944B954A03442968A2FB032362
:1015D000226A8A1AB2EB531F40F29781676F002F7D
:1015E00000F0298208F101084FF0010A5FFA88F83B
:1015F000B4F9403003EB4303B2EB430F7ED2237DBB
:10160000032B00F08E80092B30D0B8F1000F32D1BF
:10161000237F627F0133E768DBB29A42237740F28F
:10162000DD80A1463C46002CA3D17D4F3C68D4B15F
:101630000026DFF808A2DFF80892DFF8F081237DAA
:101640000A2B06D0534640F2A55249464046F4F7CD
:1016500033F82B68226A9B1AF02B00F23B81264656
:10166000E468002CEBD107B0BDE8F08F2B68226A4C
:101670009B1AF02BC9D92046D4F89070FFF720FFB1
:10168000644B1B68B9F1000F00F07E81A34200F0AB
:10169000B181E368C9F80C30BAF1000F40F047811E
:1016A000237D012BD4E903A800F0538121460220B9
:1016B000FEF7C2FD5B4C002323703FB16FF00C01BD
:1016C0004046B8472378002B7FF44DAF5446002C9A
:1016D0007FF44FAFA9E7052A29D94FF00108676FBA
:1016E000002F51D0236A4FF0000A2A68D21AB4F9A9
:1016F000403003EB4303B2EB430F80D305943C46E9
:101700003F68606808B1FFF719F821460420FEF72A
:1017100093FD002FF3D1059C237D6767032B7FF496
:1017200072AF2B68226A9B1A282BA4D86DE794F815
:101730009980B8F1000F00F08580236F33B15B46CC
:101740004FF49B6238493948F3F7B6FFE36E002B3C
:1017500000F0748194F89A300B2B40F20181237DC4
:101760004FF00108062B7FF422AF638BD906B6D564
:101770002B68226A9B1A282BB1D908F10108676FE0
:101780005FFA88F8002FADD1BA4638E75B4640F2E1
:10179000C24227492548F3F78FFF237D012B7FF4B1
:1017A000EFAE5B4640F2C34222492048F3F784FF84
:1017B000237D0A2B7FF4E7AE5B4640F2C4421E490C
:1017C0001A48F3F779FF3278A37F93427FF4E0AEB3
:1017D000A146E468002C7FF4CCAE26E7DFF8449005
:1017E000D4F88C3084F81C8089F8008053B12146ED
:1017F0002069984799F80030002B7FF4B4AE002898
:101800007FF40FAF204603F053F90AE7F87F00207A
:10181000E47F0020EC7F0020B84C0A00D34D62101A
:10182000E87F0020E67F002038CB0108FCC00108DB
:10183000B4CA0108E0CA01080CCB01085CC9010860
:10184000FCCB0108B4F9302047F6FE7091B281421A
:1018500002D801310AB22286B4F9401091423FF712
:10186000A3AE204602F0E8FF002840F0EF80227D82
:10187000022A14D094F84220B4F93C100C2AB4F98E
:101880003E3028BF0C2203EBE1037F498A5C934082
:1018900047F6FF729342A8BF1346A4F84030638E08
:1018A0002046B4F84810A4F848305B009AB2B4F867
:1018B00060308B4228BF0B465B08934238BF13460B
:1018C000A4F84A3000232386A4F86A3003F0C2FA51
:1018D000237D69E62046FFF7F3FD002E00F092809D
:1018E0003B68A34200F0BF80D4F80CB0C6F80CB03F
:1018F000237D012B00F0988021465C460220FEF7F4
:101900009BFC002C7FF49BAEADE694F89B305F49C6
:1019100001FB03005E4BA3FB0030B2EB501F5DD810
:10192000676F002F00F09D804FF0000A60E6238B68
:101930002046626A216D0293E38A0193231D00937E
:10194000234603F03BF8237D012BD4E903A87FF461
:10195000ADAE5B46D4224F494F48F3F7ADFEA5E646
:1019600094F899304D4A1A4494F8983012F8012CA2
:10197000934216D20133DBB2934284F8983010D2EE
:10198000237D4FF000080FE6A34206D05B4640F2ED
:10199000755243494048F3F78FFEE368414A1360AC
:1019A0007AE6B4F8607037B9204603F0C5FA40B162
:1019B000B846237DF8E53946204602F08BFD002825
:1019C00059D094F899304FF00008062B84F898808D
:1019D0009CBF013384F89930237DE5E5204603F070
:1019E00085FA00287FF47BAE94F89B30013384F8AD
:1019F0009B3074E62C4B40F271522C492648F3F789
:101A00005BFE46E63B68A34206D0274B40F2B75246
:101A100027492148F3F750FE237DD4F80CB0012B61
:101A2000C7F800B07FF468AF1F4BD42219491A4899
:101A3000F3F742FE60E74FF0010A1CE61A4B40F252
:101A4000D9421C491448F3F737FE83E6237D216F02
:101A50001A4600297FF4A8ADE16E00297FF408AF93
:101A6000A2E5BA46D1E5104B40F2B35212490A48FA
:101A7000F3F722FE38E7204603F01AF80028A0D139
:101A80008046237D90E500BF84110208F824010000
:101A9000D34D621084C90108FCC001087C11020802
:101AA000D0CB0108EC7F00205CC90108A4CB010861
:101AB00054CC01086CCB01082CCC010838B5054684
:101AC0000C4600294AD0002D51D02B68A34232D0B9
:101AD0002BB1DA68A2423ED01346002BF9D1002385
:101AE0002046E360FFF7ECFC237D0A2B2DD0012B71
:101AF0001DD0638BDA0721D4E36E33B1204B40F65F
:101B00009D0220492048F3F7D7FD236F33B11C4BCA
:101B100040F69E021D491C48F3F7CEFD636F33B1BA
:101B2000174B4FF40A621A491748F3F7C5FD002313
:101B30002375E38238BDE3682B60D0E743F00203EE
:101B40002046638302F0B4FF237D012BEFD0E36EC8
:101B5000002BD3D1D9E7E268DA60C0E7084B40F642
:101B60008D020C490848F3F7A7FD002DADD1044BB9
:101B700040F68E0208490448F3F79EFDA5E700BF32
:101B80005CC90108B8CC0108FCC00108D0CC010830
:101B9000ECCC01087CCC010898CC0108002800F0AE
:101BA000A8802DE9F04F037D87B005460E46012B36
:101BB00000F086800A2B00F08E802A6DD5F824B0C4
:101BC000D5F89070D5F81090B5F816800592002BD6
:101BD00043D1B8F1000F4BD14FF0000846462C6FAF
:101BE00064B1A2462468DAF8040008B1FEF7A6FD45
:101BF00051460420FEF720FB002CF2D1EC6E64B1BC
:101C0000A2462468DAF8040008B1FEF797FD5146B1
:101C10000420FEF711FB002CF2D16C6F64B1A246D8
:101C20002468DAF8040008B1FEF788FD5146042064
:101C3000FEF702FB002CF2D14EBB2B7D012B35D0E1
:101C400029460220FEF7F8FA7FB16FF00C014846F2
:101C50003B4607B0BDE8F04F184729462948FFF733
:101C60002DFF294B01221A70B9E707B0BDE8F08FAC
:101C7000264A1368AB4220D033B1DA68AA4201D0B9
:101C80001346F9E7EA68DA600023EB60A4E7CDF8D1
:101C900004805A462B8B2846059902932B1D0093EE
:101CA0002B4602F08BFE2B7D012BC9D1184BD42281
:101CB00018491948F3F700FDC2E7EB681360E3E742
:101CC000134B4FF4107215491348F3F7F5FC2B7DB5
:101CD0000A2B7FF472AF29461148FFF7EFFE2B7DE8
:101CE000012B07D02946022007B0BDE8F04FFEF7D0
:101CF000A3BA7047064BD42206490748F3F7DCFC29
:101D0000F0E700BFEC7F0020E67F0020F47F00209A
:101D10005CC9010884C90108FCC0010804CD0108A0
:101D2000E87F00200121FFF739BF00BF10B50C4646
:101D300031B120460121FFF731FF6FF00C0010BDDB
:101D4000064B4FF4447206490648F3F7B5FC2046AB
:101D50000121FFF723FF6FF00C0010BD5CC90108E3
:101D600038CD0108FCC0010838B505460C4660B105
:101D700054B1226820462B68E4689A42F8D10121C8
:101D8000FFF70CFF002CF4D138BD044B40F60A12CB
:101D900003490448F3F790FCEAE700BF5CC9010877
:101DA00058CD0108FCC00108104B1968E9B1104B6F
:101DB0004FF0000C0246604610B41C6801E0C96890
:101DC00059B10B7D9342FAD10B6AE31A9C45F6D8C0
:101DD0000846C9689C460029F3D118B15DF8044B48
:101DE000FFF7DCBE5DF8044B70477047EC7F0020C6
:101DF000F87F0020F8B506460220FEF7E7F9044612
:101E000018B39C2200212046F0F706FE424B4349BE
:101E100043F608101A68424B09782262A362FF2336
:101E2000404AA4F86400A1773F484049A2644FF0BB
:101E30000612E3723E4B6675C4F88400C4F8941031
:101E4000C4F83E2023632046F8BD3A4F3D685DB19B
:101E50002846ED68438B1A07F9D523F0080343831E
:101E6000FFF7F4F8002DF3D1334B1B6883B12A4AF6
:101E7000002110681A6A821A914201D81C46114644
:101E8000DB68002BF6D11CB101212046FFF786FE4E
:101E90000220FEF79BF904460028B2D10920FFF783
:101EA00083FF0220FEF792F904460028A9D10820FA
:101EB000FFF77AFF0220FEF789F904460028A0D137
:101EC000330626D4EEB133465A1E3B68D2B2C3B1B4
:101ED000114900250F6805E0186A3D1A0A461C469C
:101EE000DB684BB1597D8A42F6D8F9D1186AA7EB65
:101EF000000C6545F4D8F0E71CB101212046FFF73E
:101F00004DFE0220FEF762F9044600287FF479AF07
:101F100099E77F23D8E700BFF87F0020E47F002007
:101F20000839083901000839FD20010800DD6D007D
:101F3000FFFF1802EC7F0020E87F00204020FFF721
:101F400059BF00BF30B5044685B00D46002800F0EB
:101F50008A80237D1DB1042B22D0072B20D0012B9A
:101F60003ED0022B0BD0002B5ED1E38A002B61D137
:101F700021460220FEF760F9002005B030BD214661
:101F80004B48FFF79BFD0121237D4A4A8B4211708C
:101F9000EED1494BD42249494948F3F78DFBE7E795
:101FA000A36F002B3BD0638BDB066CD5218B201DF0
:101FB000E28A2346CDE90121626A216D0090204624
:101FC00002F0FCFC2046FFF77BFA394A1368A34273
:101FD0003AD0002B3AD0DA68A24251D01346F8E743
:101FE0003849002001F10C0551F8043F1B6833B15A
:101FF000DA6F944208BFD867DB68002BF8D18D42B6
:10200000F2D121463048FFF759FD237D012B45D001
:1020100021460320FEF710F9002005B030BD228DC7
:1020200043F608139A42BED1204605B0BDE83040C1
:10203000FFF70CB8254A1368A34236D0EBB1DA6833
:10204000A24218D01346F9E7E3681360204B002042
:10205000184A01211B68E060A34211701BD0237D48
:10206000012B85D195E7144B4FF4AF7219491448F1
:10207000F3F722FB6DE7E268DA600023E36077E7BD
:10208000E268DA60E2E70C4B4FF4B27212490C4896
:10209000F3F712FB8AE701F06BFD6DE7064BDF22D9
:1020A0000E490748F3F708FBB2E7E3681360E4E77B
:1020B000EC7F0020E67F00205CC9010884C901088C
:1020C000FCC001086C110208F07F0020F47F0020A2
:1020D000FC7F00208CCD0108ACCD0108C8CD0108E3
:1020E00048B1037D012B03D0438B43F0100343839E
:1020F0000121FFF727BF6FF00F007047C9B10846F5
:1021000010B514463AB11189FFF7E6F82046FEF7FC
:1021100015FB002010BD002BFBD10B7D012B03D044
:102120004B8B43F010034B830121BDE81040FFF7B8
:1021300009BF6FF00F00704788B3F8B5856F0023B3
:10214000D0F8846004466F7B836756B101462A4607
:102150000069B04758B10D301ED06FF00400A5677C
:10216000F8BD2989FFF7B8F82846FEF7E7FABB065D
:1021700010D5238D43F60812934201D001332385F5
:10218000D4F8845035B10023214620691A46A84767
:102190000D3001D00020F8BD6FF00C00F8BD6FF0DD
:1021A0000F0070472DE9F0411C4D0027DFF87480C7
:1021B0002B781B4E01332B70D8F80040B4B1A37FAD
:1021C0002A78934214D0638BA277D90719D41A07BF
:1021D00010D4A36F2046E468002BEFD03770FFF7D0
:1021E000ABFF3378002BE7D1002CE8D1BDE8F081BC
:1021F000E468E3E723F0080320466383FEF726FF45
:10220000E7E743F002032046638302F051FC638B4F
:1022100023F003039BB26383D9E700BFE47F002070
:10222000E67F0020EC7F002008B5FFF7BBFF064AE1
:1022300013780133DBB21370DB0700D408BDBDE8AF
:102240000840FFF783B900BFE57F002008B530B133
:10225000074B084A186812681044186008BD064BFE
:1022600040F6B90205490648F3F726FAF0E700BF41
:10227000E8010020F87F00205CC90108E4CD0108D6
:10228000FCC0010838B505460C4662B14CB1A38CC0
:102290003BB1282B38BF2823283B9BB29D4228BF47
:1022A0001D46284638BD044B40F6CF02034904487A
:1022B000F3F702FAEAE700BF5CC9010800CE0108A3
:1022C000FCC0010808B338B50368044603B938BD3B
:1022D0000E4B0D461968FFF747FD0D4B2046196858
:1022E000FFF742FD002DF2D02B68002BEFD0094BF9
:1022F0001B68002BEBD019682268914201D12A6833
:102300001A60DB68002BF6D138BD7047EC7F0020E7
:10231000F47F0020F07F002070B5446F6CB106465A
:1023200025462468686808B1FEF708FA29460420A3
:10233000FDF782FF002CF3D1746770BDF8B5054638
:102340000C4690B3EB689889FDF750FCC20726D481
:102350001E4E05E027682046FFF704F83C460FB301
:10236000E1682B89376848683B44B4F808C01A1AFA
:10237000A2EB0C02002A0DDB8889FDF737FCC307AE
:10238000E8D5EB6801209F89FDF730FCEB68074337
:102390009F81DFE7C31A002B0FDB2C60F8BD2046BE
:1023A000FEF7CEFF00242C60F8BD094B40F22C4212
:1023B00008490948F3F780F9C4E7C11B686889B286
:1023C0002981FEF7B9FA2C60F8BD00BF108000200B
:1023D00028CE010848CE0108FCC001080D4B10B5FD
:1023E0001B78044613F0100000D110BD638BDB0690
:1023F00006D4D4F890301BB16FF00E0120699847D5
:1024000021460548FFF75AFB2046FEF75DFE0120F6
:1024100010BD00BF04800020EC7F0020002953D0B5
:102420002DE9F84F82460C469046284E284FE36827
:1024300035685868FDF7DEFBE3688146B4F808B0FC
:102440009889A5EB0905FDF7D1FB10F00300A5EB7A
:102450000B0518BF01202D1A002D32DBD4E90050E6
:10246000FEF7D0FABAF86630814698421FD819496B
:10247000A3EB0903228920460C88AAF866301319B9
:102480002C460B80FEF76EFFBAF8663013B158EA9F
:10249000050302D0002DCAD106E00F4B40F26E4278
:1024A0000E490B48F3F708F90020BDE8F88F0A4BF6
:1024B00040F264420A493846F3F7FEF8BAF866304B
:1024C000D5E72046BDE8F88F002070470C8000203B
:1024D000FCC001080880002028CE010898CE010821
:1024E00070CE01082DE9F84F037D0446032B40F21E
:1024F000C180A64BA64E1A783368D0065DD4A54F8E
:102500003988336859B9626A991A002968DB218DC4
:10251000013A0A44D31A002B62DBBDE8F88F207D14
:10252000626A0628F0D8A2EB0308981AB8F10105F0
:1025300000F1428100F1FF3C1CEB010F00F13C81F6
:10254000DFF87092D9F80450002D00F074834FF634
:10255000FE73984500F20982D9F804301FFA88F812
:102560001A894245C0F0F681B9F80830A2EB08029A
:10257000A3EB080392B2A9F808306B8998450AD9F1
:102580000021A8EB030369812A812D681FFA83F8D3
:102590006B894345F5D341462846FEF777F8636AD1
:1025A000D9F80C2033605360238D002B40F0138248
:1025B0002046BDE8F84F02F049BAD4E9151E764D21
:1025C000C81AB4F860C02A68002813DB99420DD0FD
:1025D00096451CD171490968C9898C4517D20CE010
:1025E000638B43F002036383BDE8F88FAEEB020117
:1025F0000029EDDA69490968C989B4F86200A4F8CC
:1026000060108842C4E9153238BFA4F86210606CCB
:10261000811A002936DB5F4F3988002900F0A98034
:10262000606B00283FF47BAFA36B9B1A002BBFF6B7
:1026300067AFB4F93C2080B2594BC2F3CF011D887B
:102640006B1A1B1A9BB21A4413F4004F12B2A287E2
:1026500002D0491B084483B2B4F93E10A1EBA1019A
:102660000B449BB203EBE202E3870023A4F8402073
:10267000636345E74B4B4FF491624B494B48F3F78B
:102680001BF836E7C343D34200F12381236D9B1A25
:10269000002BC0F21E81638B5F0709D523F0040372
:1026A0006383B4F84A30A4F848300023A4F86A30B1
:1026B000B4F93C10E38F626403EBE103A4F840300B
:1026C0000023A4F84230237D032B1ED9101AB4F83E
:1026D0004A30B4F8482080B2934240F26D81638B57
:1026E00013F4006F638E0CBF0221012113FB01F371
:1026F0009BB2834294BFD11811188BB29A4240F218
:1027000092824FF6FF73A4F848302046D4E91B218B
:10271000FFF784FEE16E024620672046FFF77EFE4B
:10272000226FE066B2FA82F35B095B4223860023E4
:102730002377002800F021811D4B1988B4F86430FC
:102740000B44A4F86430638B190540F1C580002A5E
:1027500000F04E82D3685868FDF74CFAE36CC01A5B
:102760000028C0F2B980638B0A4F23F400636383AF
:10277000B3E0F444A16DB4F860E07144614500F049
:10278000B780606B00287FF44FAFBCE60580002067
:1027900010800020068000200C8000202080002077
:1027A000F87F002028CE0108B8CE0108FCC001083F
:1027B00008800020248000200028C0F29480218D11
:1027C000E9423FF5F5AE934200F00381D4F87480FE
:1027D000B8F1000F00F02A82D8F80C0042689A4243
:1027E00000F0CE80991A0029C0F27582D8F8005006
:1027F00003F1FF3CA5B1E86842689A4200F0C3804B
:10280000D8F80C104968ACEB0101002903DBD11AA0
:10281000012940F18680A846D8F80050002DEAD161
:10282000D21A002ABFF6C4AE8089FDF7DFF9C107CE
:102830003FF5BEAEB048FEF7A3FDC8F80000002883
:102840003FF4B6AED8F80C30B8F808205B683168B1
:102850001A448A1A002AC0F2AC823A88636A9B1A28
:10286000228D13445B1A002BBFF6A2AED8F80030BD
:10287000DB689889FDF7BAF9C207D8F8003000F193
:10288000A282218D32685868891A626A114489B21D
:102890001981FEF751F8D8F800301D89DB68988956
:1028A000FDF7A4F910F00303316818BF0123228D4E
:1028B0002B449BB219443B80636A134499423FF412
:1028C00077AE8E4B4FF4E1628D498E48F2F7F4FEFD
:1028D0006EE6204602F0BAF88B4F606B00283FF49A
:1028E0000FAE2A68A0E6638B43F0020363835FE6C2
:1028F000218E09043FF545AF90427FF442AF94F832
:102900004310FF2900F0F2810131C9B2032984F894
:10291000431000F2EB817FF434AF204602F014F84C
:10292000DBE77548FEF72CFD074600283FF440AE74
:10293000D8F80C3032685968B8F808300B44D31A0C
:10294000002BC0F22B8229463846C8F80070FFF7EA
:10295000F5FC2DE6694B40F29D526C496948F2F74F
:10296000ABFED9F804301A89FEE5644B40F29B5265
:1029700067496448F2F7A0FEEEE5A4F86800DBE6DC
:1029800045464FF000085C482B8902899A427FF641
:102990000FAE2B68002B3FF40BAEFEF7F1FC0028C6
:1029A0003FF406AEB8F1000F00F00182C8F8000055
:1029B0002946FFF7C3FCFBE5B4F86A100B189BB27D
:1029C000994200F225819A4240F22481A4F86A30AB
:1029D0009BE6DFF82491D9F80C30B9F808509889B3
:1029E000FDF704F910F00300228D18BF01202B1809
:1029F0009BB29A423B80C0F03481636F002B4FD072
:102A0000D9F80C309889FDF7F1F8C20745D4656F05
:102A10003A88316855B9AFE1D5F800802846FEF70D
:102A2000A1FC4546B8F1000F00F0A481E8683A889F
:102A3000D6F800E02B89D0F804C002EB0E01634405
:102A4000CB1A002BC0F25E818089FDF7CFF8C30757
:102A5000E2D5D9F80C309889FDF7C8F88007DBD4A7
:102A6000D9F80C300120B3F80C80FDF7BFF8D9F885
:102A70000C3048EA0000B9F80880988180B2FDF770
:102A8000B5F810F0030318BF01239844A7F800809D
:102A9000C2E703686367FEF765FC606F0028F8D142
:102AA0003A8831681144238D61629342C0F0CF802F
:102AB0009B1A20462385FEF7D3FBD9F804301A89E8
:102AC00022B1144A13600023C9F80430D9F80C303D
:102AD0009889FDF78BF8C20704D50F4A137843F0A5
:102AE00020031370656F002D79D0DFF81090DFF8A8
:102AF0002C80044F47E000BF2480002028CE01082E
:102B000004CF0108FCC0010806800020F4CE0108B3
:102B1000E4CE0108008000200480002098CF010846
:102B2000EB68B5F808A09889FDF760F810F003008D
:102B3000238D18BF012050441B1A20462385FEF721
:102B40008FFB69680B893BB1A84B1868002844D0FB
:102B5000FDF780FF00236B60EB689889FDF746F86E
:102B6000C30709D5A24A217D1378042943F0200325
:102B7000137001D1072323752B6828466367FEF77E
:102B8000F1FB656F5DB3EA68616A53688B4226D1D9
:102B900033609089B5F808A0FDF728F8636A10F053
:102BA0000300B5F808B018BF01209A44EB68504400
:102BB000B4F828A060629889FDF718F810F00300B7
:102BC00018BF012058448245AAD24B4640F23162D8
:102BD00041463846F2F770FDA2E71960BAE7638B09
:102BE000D80730D523F0010343F00203638394E454
:102BF00048B1C3685868FCF7FDFFE36CC31A002BAB
:102C0000FFF66AAE638B23F400637A4F638364E656
:102C10004FF6FF739B1AA4F86A30638E13449BB27D
:102C20009A423FF66EADA4F848306EE57248FEF762
:102C3000A7FB6067BCE4714B40F29A52704971483F
:102C4000F2F73AFD83E443F00103638365E46B4BE1
:102C500040F20D626C496B48F2F72EFD238D3A88E5
:102C600026E7D9F80C309889FCF7C0FFC507D9F8DA
:102C70000C3000F183809889238DA9F80830FCF787
:102C8000B5FF8007B9F8081003D5013989B2A9F852
:102C90000810D9F80400FDF74FFED9F80C30B9F848
:102CA00008509889FCF7A2FF10F00303326818BFA0
:102CB0000123616A2B449BB23B801344228D0A445A
:102CC00093423FF49AAE4D4B40F2D1524F494D489A
:102CD000F2F7F2FC91E64848FEF752FB00283FF479
:102CE00067AC41466067FFF729FB61E4B4F8482010
:102CF000638E13449BB29A4201D94FF6FF73A4F836
:102D000048300AE6ACEB0103002B01DB6567CAE63D
:102D1000ACEB0E0CD9F80C30A9F808C09889FCF778
:102D200065FF810704D5B9F80830013BA9F80830E0
:102D3000B9F80810D9F80400FDF7FEFDD9F80C30F9
:102D4000B9F808809889FCF751FF10F0030318BF09
:102D5000012308EB0302EB6892B23A8059683368AA
:102D600013448B42D2D0254B40F2026228492548B9
:102D7000F2F7A2FC3A8831681144C7E79D892846DA
:102D800025F47C55FCF732FF00F03E00FCF72EFFE7
:102D9000D9F80C302843988180B26DE7521AD8F8E0
:102DA000040091B2A8F80810FDF7C6FDCBE56067F6
:102DB000FEE5CB1AD8F8040099B2A8F80810FDF780
:102DC000BBFD316849E5DB689D89284625F47C55C3
:102DD000FCF70CFF00F03E00FCF708FFD8F80030CD
:102DE00040EA0502D9688A814BE500BF00800020D7
:102DF00004800020068000202480002028CE0108C6
:102E0000D4CE0108FCC0010878CF010804CF010826
:102E10003CCF01082DE9F0410446002800F08980EC
:102E2000504B1D88002D36D04F4B00224F4E186856
:102E300011464F4B4F4FB3F800C032808E468D4243
:102E40001FFA8EF801F1010340F283809BB2C0B1FA
:102E5000C445A3EB0C0214D8013AD2B2825C012A19
:102E600014D0022A19D0AAB108B163454DD2414A03
:102E7000126813441B7D012B71D90B4499B20122B6
:102E8000DCE73A687244127D012AEAD10EF1010EA4
:102E90001946D4E73380BDE8F0818A1C92B208B1AC
:102EA00063452DD2DFF8CCE0DEF800E073441B7DF3
:102EB000042B52D1531CAB424FDACB1C04319BB2D2
:102EC00089B200283DD0944524D8A2EB0C029C4541
:102ED000D2B2825C4FEA022226D9DFF898E0DEF80F
:102EE00000E09E449EF81430134340F2B35840F281
:102EF000B45E5A1E92B2424588BF73466386BEE7EF
:102F0000A3EB0C03DBB2C35CD2E7A3EB0C03DBB295
:102F1000C35CB0E7DFF85CE09C45DEF800E072449B
:102F2000127D4FEA0222D8D8A3EB0C03DBB2C35CBC
:102F3000DAE7114B40F28D7210491148F2F7BCFBF1
:102F40006EE7DFF830E0DEF800E07244127D120236
:102F5000C7E7002A9FD031809DE732809BE702318E
:102F6000318098E71E800020188000201480002007
:102F70001C8000202080002028CE0108BCCF010842
:102F8000FCC001082DE9F04F044687B0002800F08E
:102F9000D58063896D4E6268132B326005D8204658
:102FA00007B0BDE8F04FFDF7C9BB694F39687869D4
:102FB00003F0D0F805460028F1D17B6903F0F00357
:102FC000E02BECD033689889FCF710FE810A01F001
:102FD000FC011329E3D923898B42E0D3A1F1140327
:102FE0006289DFF8A0919BB2DFF89C818A42A9F840
:102FF0000030C8F8005080F0A2812368002B00F058
:10300000BF8214212046FDF741FB6589514B2046C4
:10301000B9F800A029461D80FDF738FBAAEB050989
:1030200020681FFA89F943894B45B8D3436849465C
:10303000C8F80030FDF72AFB238962892B44A3EBF3
:103040000A039BB22381002A40F0A18222681289E0
:103050009A4205D0404BE02240494148F2F72CFB10
:1030600035682888FCF7C2FD288035686888FCF739
:10307000BDFD688035686868FCF7BCFD394B686049
:1030800035681860A868FCF7B5FD374BA86035684F
:103090001860E889FCF7AAFD3368E8819889FCF795
:1030A000A5FD324900F03F0322890B70810740F0F3
:1030B0004C812F4B05931A802E4B1D68002D00F07C
:1030C000EC804FF00008DFF890A0DFF8C0B0DFF828
:1030D000909017E00A2B21D0012B28D02A7A32B108
:1030E0007B6893F830300133DBB29A4204D1336805
:1030F000298B1A8891424BD0EB68A846002B00F030
:10310000CC801D462B7D002BE4D15346FB22594633
:103110004846F2F7D1FA2B7D0A2BDDD15346FC222B
:1031200015494846F2F7C8FA2B7D012BD6D15346F4
:10313000FD2212494846F2F7BFFACFE7064B832239
:103140000F490748F2F7B8FA23E700BF20800020B4
:10315000A80A00201C80002028CE01080CD00108FD
:10316000FCC00108108000200C8000200580002099
:1031700006800020EC7F002054D0010880D0010898
:10318000D8CF01081E800020188000202CD0010814
:103190005B88EA8A9A42AFD16A683B699A42ABD1AE
:1031A0002A687B699A42A7D1EB68AB4200F0E283C0
:1031B000B8F1000F09D0714AC8F80C3013681560D7
:1031C000EB60EB68AB4200F0E28300236C4FDFF86A
:1031D000CC81DFF8CC91DFF8CCA13B60C8F800309F
:1031E00089F80030AAF80030664B22891B783A81B2
:1031F000190732687C60FA6003D5627B42F00102F5
:103200006273AA6F002A00F0B2812846FEF794FF8D
:103210000D3000F0AF81AB6F23B1059B1B88002BF5
:1032200040F0A881574B584C1B7825605A0740F155
:103230005281297D022900F02883544B1A686B6A59
:10324000934200F03484D11A002907DB9B1A2A8D9F
:10325000DA4203D46B8B43F002036B8399F800309E
:103260001A0740F19C81D5F890301BB16FF00D0129
:103270002869984741482946FEF720FC2846FDF773
:1032800023FF002578682560C8F8005010B1FDF7CD
:1032900055FA7D6007B0BDE8F08F3D4B1D68002DED
:1032A0005CD0DFF80481DFF804A1DFF8049102E0CC
:1032B000ED68002D52D02B7D0A2B434605D040F2FD
:1032C0001F1251464846F2F7F7F92A7A32B17B6865
:1032D00093F830300133DBB29A42E9D13368298B5D
:1032E0001A889142E4D15A88EB8A9342E0D1686807
:1032F0003A699042DCD128687A699042D8D1214A53
:10330000107842073FF54BAE059A8707168840F1C3
:10331000D9831E4A686A1268171A002F04DB801AC4
:103320002F8DF84240F1D583002E3FF438AE6B8BE1
:10333000284643F002036B8301F0BAFB2FE6154ADF
:1033400020461380FDF7A2F98AE6531C12499BB26E
:1033500005919A420B807FF6AFAE20E6DFF85480ED
:10336000D6F800C0D8F80020002A00F068817868FC
:103370001546D7F814E00021924623E0EC7F0020A8
:103380002480002005800020FC7F00201080002089
:10339000E87F00201C8000200680002000800020A4
:1033A000048000200880002028CE010800D10108F8
:1033B000FCC00108F07F0020EB6829461D46002B69
:1033C00000F03D812A7A2AB190F830300133DBB227
:1033D0009A42F1D1B5F81690BCF802309945EBD17C
:1033E0002B680BB17345E7D1524621B1EB68C8F8A1
:1033F0000050CB60EA60B24B1B785A073FF5CFAD67
:1034000013F0100840F05A829B077FF5C8AD687D25
:10341000FEF7F0FC8146002800F09B823168D7E976
:103420000432074647F8042B4360A64B1A680B7812
:103430004978013243EA0123E98A42620383032384
:10344000C182C2620375FEF701FF9E4BC9F85000AE
:103450001A682B69013AC9F84400C9F85C00C9F838
:103460007C50C9F81030C9E915206B7A964A03F0F0
:103470000C0389F809302B7A89F808301368C2F8F0
:103480000090C9F80C3001F02DFE904B0122484607
:103490001A70FFF7BFFC33683846B9F83250DA8942
:1034A000434662F30F0362F31F43C9F8603002F032
:1034B0009FFC3A4601462846FEF7E4FE1221A9F891
:1034C0003200484601F0DAF8002840F04D824846C4
:1034D00001F0EEFA63E59B076A8B04D52B7D023B76
:1034E000012B00F2E781D00602D4794B1B682B62D6
:1034F0004FF0000B2846A5F89AB0FFF78BFC704BF5
:103500001A782B7D910740F1B480991E01293FF66E
:10351000A5AE032B00F0128202F01203122B06D18B
:103520006B6C6C49013309688B4200F06D82D206E6
:103530007FF594AE059A33681188624A188812683C
:103540000A4464490968029028465B880193624BEB
:103550000093043301F032FA95F84230052B3FF620
:103560007DAE002328462B8601F092FC76E65B4C6C
:1035700025605BE66B8D002B00F09881574C80E650
:10358000574BC22257495848F2F796F839E5544B41
:10359000DF2256495448F2F78FF8238956E5BAF8E6
:1035A00000205AB1D5F880302BB1294628699847B8
:1035B0000D303FF466AE0023AAF800302846FEF72F
:1035C0000DFF00287FF45DAED8F80020FAB1AB6F94
:1035D00043B14FF4F372424B45494348F2F76CF85C
:1035E000D8F800206B8B13F0100340F08981D5F8D8
:1035F0008460002E00F09C8129462869B04710F1B4
:103600000D0F3FF43EAE10B1D8F80030AB6799F81B
:1036100000309B0607D5AB6F002B00F05C815A7B16
:1036200042F020025A73002328462360FEF7D6FE9C
:1036300000287FF426AE284601F03AFA21E6BCF8CD
:103640000C00FCF7D3FA40073FF5A9AC059A3368A4
:1036500011881C4A1D88126878680A441D49096847
:1036600002955B8801931C4B0093043301F0C6F96B
:1036700095E4023B072B3FF6F1AD01A151F823F091
:103680002F350108D5370108A1360108A3370108F5
:103690006D370108A136010827370108F536010802
:1036A0002846FEF71FFF99F8003099067FF5D6AD42
:1036B0006B8B43F002036B8307232B75CEE500BFB2
:1036C0000580002010800020EC7F0020E67F002095
:1036D000F87F00200C800020B80A0020FC7F00202A
:1036E00028CE0108F0CF0108FCC0010800D0010875
:1036F0009CD101082846FEF7F5FEA94B1B78D90698
:103700007FF5ACADA74B296D1A6899F8003091424E
:103710007FF4A4ADEA6E002A7FF4A0AD43F010035D
:1037200089F800309AE52846FEF7DCFE9C4B1B78B2
:10373000D8067FF593AD9B4B2A6D1B689A427FF4A8
:103740008DADEB6E002B7FF489AD2846FDF7B8FEFA
:10375000954B1B68AB4200F08980002B00F08980FC
:10376000DA68AA4200F04D811346F6E72846FEF7D4
:10377000B9FE99F800309E067FF570AD6B8B284638
:1037800043F002036B83FDF79BFE874B1B68AB4244
:103790006CD0002B6DD0DA68AA4200F0328113465B
:1037A000F7E72846FEF79EFE99F8003013F0200F49
:1037B0007B4B00F0AC801A786B8BD20643F002038F
:1037C00004D5784A296D1268914243D06B8308234F
:1037D0002B7543E5D3067FF541AD724B19686B6CD1
:1037E000DB43CB4200F1F0802B6D5B1A002BC0F263
:1037F000EB8004232B75EB6F002B00F084809B691A
:10380000002B00F07781002229462869984703465B
:10381000002840F06B812846FEF764FEBAF80030BD
:1038200013B1013BAAF80030698E41F21C134A0023
:1038300088009A42164638BF1E46B6EB810F40F20A
:10384000DC8083B2A5F8483099F8003098067FF5FF
:1038500005AD2DE7EA6E002AB8D16B832846FDF747
:103860002FFE514B1B68AB4240F0BF80EB684E4AC5
:1038700013604E4B0A222A751A681D60EA60012205
:103880004B4B1A7001F02EFCE8E4464B2A6D1B6886
:103890009A427FF4E3AC99F8003043F0080389F8CA
:1038A00000306B8B23F001036B83D7E4284601F0D3
:1038B000CDF863E642F002026A83CFE4059B1A88E2
:1038C0003C4B1B681A44374B1968BCF80030029314
:1038D000BCF80230C6E62B8D43F60812934201D0A5
:1038E00001332B85D5F88460002E3FF49CAE002375
:1038F000294628691A46B0470D307FF494AEC0E4DB
:103900001046FCF71BFF2846FEF70CFAB9E41B78BB
:10391000DB067FF5A3AC234B2A6D1B689A427FF42C
:103920009DACEB6E002B7FF499AC06232B7595E4D0
:10393000334630462946FEF7E1FB60E61D4B1A6828
:103940006B6A013B93427FF489AC284600F0B8FFD4
:1039500084E4AB69002B3FF422AB01464FF0FF3209
:1039600028699847FFF71BBB41464846FEF716F902
:10397000FFF715BB104B40F20D1210491048F1F73C
:103980009BFEB8F1000F3FF41CACEB6813E40A4B4C
:1039900040F215120B490A48F1F78EFE15E400BFFC
:1039A000058000200C800020EC7F0020E87F0020B4
:1039B000E67F00201080002028CE0108A8D0010852
:1039C000FCC00108D4D00108059A336810885E4A0B
:1039D000126802441888029028465B8801935B4B6A
:1039E0000093043300F0EAFF38E4002B3FF441AFCA
:1039F000DA68AA4205D01346F7E79A4288BF93B225
:103A000020E7EA68DA6034E76B645A464E4B306868
:103A10001B68B5F832B0591C013B6962E962C18983
:103A20006B65042361F30F02EE182B7561F31F42DF
:103A300030462A6602F0DCF9324601465846FEF767
:103A400021FC41F21C134100024668868000994225
:103A50000E4638BF1E46B6EB820F68D983B2A5F872
:103A60004830B5F86630002B59D0B5F866302E6F67
:103A7000013BA5F86630002E4CD033682B673046EA
:103A8000FDF770FC2B6F002B41D0002385F84230EE
:103A90002B86D5F88830002B3FF4DCAB002229467A
:103AA000286998470D307FF4D5ABFFF7EABB0029B2
:103AB0007FF4F1AE264B40F23B3226492648F1F71F
:103AC000FBFDE8E6C1077FF52FAC244B1B682B629A
:103AD0002AE40291324422492846096801931B4B8B
:103AE0000093043300F06AFFFFF759BA0D333FF437
:103AF000C8AB08E7164B4FF46E721A491648F1F737
:103B0000DBFDEB6F9B69002B7FF47DAEFBE64FF096
:103B1000FF33BDE7EE6E76B13368EB66AFE70C4B73
:103B200040F2773210490C48F1F7C6FD9DE7994203
:103B300088BF8BB293E7064B40F27F320B490648B1
:103B4000F1F7BAFDE8E700BF10800020B80A0020B6
:103B500028CE010830D10108FCC00108F87F002000
:103B60000C8000207CD1010850D1010868D10108E7
:103B7000024A137843F0100313707047048000204A
:103B80002DE9F84F00260A9F0C46814661F30F0687
:103B9000154698469DF82CA061F31F469DF830B05D
:103BA000002F33D0AC420ED21AF0020F08D004F22C
:103BB000B75121F00301A94228BF294689B203E089
:103BC0007B8B5B0618D5214648464FF42072FCF7E4
:103BD00025FE054668B1036833B1104B4FF4877278
:103BE0000F491048F1F768FD6B891B1BA8F80030DE
:103BF000AE602846BDE8F88FBBF1000FD7D0FB6E52
:103C0000002BD4D13B6F002BD1D1DCE7034BEC224E
:103C100005490448F1F750FDC4E700BFB8D10108D9
:103C2000F8D10108FCC00108D8D101082DE9F047FE
:103C30000E469DF820A0904699460746002847D09A
:103C4000002E4DD04FEA8A050420FCF7BFFA044647
:103C500005F00405002851D080F80AA0002332891D
:103C60004660AA4203602BD3521B304614212281A6
:103C7000FCF7DCFC0646002839D16368AD02F88AFF
:103C8000D3F804A005F5A045C4F80CA0FBF7AEFFDF
:103C9000AAF80000388BE768FBF7A8FF7880484651
:103CA000E768FBF7A7FF786048EA0500E768FBF7DD
:103CB0009DFFE368B88120469E74DE74BDE8F087FE
:103CC000B322104B10491148F1F7F6FC3289CBE7CB
:103CD0000C4BA6220E490D48F1F7EEFC002EB1D197
:103CE000084BA7220B490948F1F7E6FCAAE7204652
:103CF000FDF738FB00242046BDE8F0873046FCF78E
:103D00001DFDF7E7B8D1010850D20108FCC0010839
:103D10000CD201082CD2010814312DE9F04789B2E8
:103D20000646174622204FF420721C46BDF820A0FC
:103D30009DF82490BDF82880FCF770FD054600B37F
:103D40004389132B20D920466C68FBF74FFF208056
:103D50005046FBF74BFF676060803046FBF74AFF39
:103D6000034649F4A040A360FBF740FF03464046EA
:103D7000A381FBF73BFF0023E08123746374A374EA
:103D8000E3742846BDE8F087034B40F227720349ED
:103D90000348F1F791FCD6E7B8D1010868D20108D1
:103DA000FCC0010870B50D4684B00446164690B1BB
:103DB000608D102332462946CDE90130208BE38AFD
:103DC0000090606AFFF7A8FF18B1628D636A134420
:103DD000E36204B070BD044B40F2467203490448EC
:103DE000F1F76AFCE4E700BFB8D1010898D20108F6
:103DF000FCC00108F0B5044685B00D4617461E46C6
:103E000011B34CB3207AA8B9304601F0F1FFA8B144
:103E1000E37AA47A0094062402903246019439464B
:103E2000284602F085F904462846FCF787FC204620
:103E300005B0F0BDFCF786FB0028E9D128466FF0FD
:103E40000304FCF77BFCF2E7074B40F28A72074958
:103E50000748F1F731FCD4E7304601F0C9FF0028EC
:103E6000ECD0FF23D6E700BFB8D10108C0D20108CB
:103E7000FCC001082DE9F04184B005460C461E4601
:103E8000BDF82880BDF82C7092B1D6B12846FBF75A
:103E9000B1FE40F639010246204614240291434601
:103EA000002100970194FFF737FF04B0BDE8F081CF
:103EB000084B40F2C47208490848F1F7FDFB002E98
:103EC000E4D1044B40F2C57205490448F1F7F4FB14
:103ED000DCE700BFB8D10108ECD20108FCC0010842
:103EE00008D301082DE9F04F002491B00791099300
:103EF000ADF83E40002800F0B682B0F8623091463E
:103F0000428E80465B08934228BF1346A34218BFE7
:103F10001A460592002900F0A682037D9A1E022A05
:103F200002D9072B40F04D82B9F1000F5BD0B8F8F1
:103F300064304B45C0F09082B8F86650272D00F2EF
:103F40008B82D8F87030002D43D0D8F86C70002BDD
:103F500000F0DB81002F00F0C6813B463F68002F58
:103F6000FBD19C7A0B93A4001B89059904F00404EF
:103F70001A199142C0F2EB81059AA2EB040BABEB4C
:103F8000030BB8F868301FFA8BFB0A93ADF83E308C
:103F900083B35B4500F2CB810A9B4B451C4628BF8F
:103FA0004C465C4528BF5C461B1B9BB2ADF83E30BF
:103FB00043B1A14506D0AE4B40F20322AD49AE4815
:103FC000F1F77AFBABEB040B0B9E0A941FFA8BFB09
:103FD00011E0002B00F08281A54B40F25B12A74953
:103FE000A548F1F769FBD8F86C70B8F86650002F57
:103FF000B3D178E10A9E0A9B4B453BD2BBF1000F3F
:1040000038D00B9A12890D92002A00F07A81A9EB20
:104010000306099B5E45A8BF5E46D907B4B200F10E
:10402000D3810B9B5A6813461268002AFBD10C926D
:104030001A7B3F2A06D85A895B681344079A9A422A
:1040400000F0BA81012221460020FCF7E7FB0C902A
:10405000002800F02382079B0A990B444360FCF779
:10406000D1FC43199DB200230D930A9B0B9E191995
:104070008CB203E000230A9C0C930D93A14540F2FF
:104080008380099B002703F00103BB4608933FE0B0
:10409000BDF83E30002B40F0D28001225146362040
:1040A000FCF7BCFB002800F0F180079A0021069085
:1040B000224442604FF420723620FCF7AFFB069B8F
:1040C0000646002800F04D811946FCF7C3FC304637
:1040D000FCF798FC284485B2282D49D800223146A7
:1040E00040460092D8F85C302344FFF79FFD064617
:1040F000002800F0CB80BBF1000F3ED0002F00F075
:10410000A680A2443E601FFA8AF4A1453BD93746F7
:10411000A9EB040A059B1FFA8AFA9A4528BF9A461A
:10412000089B1FFA8AFA002BB2D0099B5146059AC8
:104130003620CDE90083BBFA8BF35B0902930DF1C6
:104140003E03FFF71DFD0646002800F09F804389CF
:104150005345C0F08480079B524670681919F0F7E8
:1041600087F93046FCF74EFC284485B2282DB5D996
:1041700030465F46FCF7E2FA89E0A24483461FFA24
:104180008AF4A145C3D85F460A9BBDF83EA0002B28
:1041900000F0EC800B9B5C68D4B12389DDF828B07B
:1041A00021685B44238131B10C46238921685B443B
:1041B00023810029F8D163895A4660680799184419
:1041C000F0F756F9638921685B4463810029EBD1DC
:1041D0000B9A0A99138919440C9B1181A8F868A0BD
:1041E000002B00F00A810B9CDDF830A0606851467E
:1041F000FCF730FCBAF808202389134423810B9B79
:104200001F60D8F85C30A8F866504B44C8F85C30A2
:10421000B8F86430A3EB0903A8F8643025B1D8F8E6
:104220007030002B00F0BB802EB1F3681BB1099AEF
:10423000920740F1AC80002011B0BDE8F08F0C4B2C
:104240004FF41D720E490C48F1F736FA25E7084B7A
:1042500040F2AE220B490848F1F72EFA51E7044B21
:1042600040F2692208490448F1F726FA73E700BFD3
:10427000B8D10108CCD30108FCC0010860D3010803
:1042800088D4010898D4010848D401085F46B8F8DA
:104290001A3043F08003A8F81A300C9B13B118466B
:1042A000FCF74CFA17B13846FDF74AF8B8F8663013
:1042B00023B94FF0FF3011B0BDE8F08FD8F870305F
:1042C000002BF6D1D8F86C30002BF2D1774B40F2AE
:1042D0002A3277497748F1F7EFF9EAE7D8F86C30F6
:1042E000002B7FF479AEB8F8683043BBB9F1000F0A
:1042F00000F0CB8000231C460D930A93CDE90B33CD
:10430000BFE60D9B0A9C0C93BBE6002F7FF425AE05
:10431000664B4FF4AC7268496648F1F7CDF9D8F8AE
:104320006C70B8F86650002F7FF417AEDBE75F4B78
:1043300040F2FB1261495F48F1F7BEF92CE65B4B96
:1043400040F24D225E495B48F1F7B6F9CEE7574B94
:1043500040F2E9125B495748F1F7AEF90B9B1B8914
:104360000AE618465F46FCF7E9F990E70C9BA8F8C7
:1043700068A0002B61D00B9B002B7FF434AF4B4B1C
:1043800040F2E32250494B48F1F796F92BE79C891C
:104390000820FBF72BFCF36804439C814BE7D8F81B
:1043A0006C30002B7FF440AF404B40F21532404957
:1043B0004048F1F781F937E70A9B002B5DD10D9456
:1043C00053E66FF00A0037E7CDE9008301235A4630
:1043D0002146002002930DF13E03FFF7D1FB034677
:1043E0000C9000285AD00A981E460799224601448C
:1043F0005868F0F73DF8304631E60D9B002B3FF44E
:10440000FEAE0B9B5968E9B10A68002A44D00D9CA6
:1044100000E002460B89106823440B8111460028F6
:10442000F7D113890D990B44138153890B445381A0
:104430000B9A13890B441381E1E60D9BB3B10B9BDF
:10444000002BDED1194B40F2E92220491948F1F73F
:1044500033F90B9B5968D7E7B8F81A3043F080035B
:10446000A8F81A3025E76FF00F00E5E60B9B002B4C
:104470007FF4C5AEC8F86C70C3E60C4B4FF40D72F8
:1044800013490C48F1F718F999E7BDF83E304E464C
:104490004F46A8F86830EDE70A46C2E7B8F81A3088
:1044A00043F08003A8F81A3000E700BFB8D1010834
:1044B0001CD50108FCC0010824D30108ACD30108B5
:1044C00018D4010894D30108ACD40108E4D401083D
:1044D000ECD301082DE9F04F064683B00C460028C6
:1044E00000F0A780F56E002D00F0AE80002C00F0EB
:1044F000AE80B5F80880A04578D9738EA3427ED3EC
:1045000095F80AA0A8EB04094FF4207236204FEA70
:104510008A0B1FFA89F90BF0040B0BEB090189B226
:10452000FCF77CF90746002800F08E8068682A892D
:10453000038979689B1A4A46594423449BB2FCF785
:104540008BFB48457DD1EB689889FBF74FFB10F05A
:10455000080B5FFA80F94DD109F03F0919F0010FFE
:1045600003D009F0FE094BF0010BEB685868FBF72C
:1045700041FB394623185A463046CDF800A0FFF7D4
:1045800055FB074600285FD06868A4EB0804FCF7D9
:1045900039FA6A68B6F86630A4B211891B1A104657
:1045A0002144A6F8663089B2FCF7C6F92B89484643
:1045B0001C44EB682C819C89FBF718FBEB680443D7
:1045C00068689C81FCF71EFAB6F866300344786888
:1045D000A6F86630FCF716FAB6F8663018442B6871
:1045E000A6F866003B602F603B68FBB1002003B07B
:1045F000BDE8F08F09F037094FF0080BAEE7194B13
:1046000040F25E3218491948F1F756F8B5F80880BB
:10461000B8F1000F7FF474AF124B40F25F321449CF
:104620001248F1F749F8B5F8088069E7A6F868304C
:10463000DCE70C4B40F24E320E490C48F1F73CF8E7
:1046400050E73846FCF77AF84FF0FF30CFE7054BDC
:1046500040F2563208490548F1F72EF86FF0050090
:10466000C5E700BFB8D1010884D50108FCC0010826
:1046700094D501083CD5010860D501082DE9F04327
:1046800011F0030783B00E46044650D0002877D0BF
:10469000C6F340084FF4207236204FEA8809494695
:1046A000FCF7BCF8054600287DD043894B4536D33E
:1046B0002946CDF800803246E36D2046FFF7B6FA72
:1046C000054600286FD0C3689A0743D12B89002B79
:1046D0004AD1E36E002B51D01A461B68002BFBD148
:1046E00015600023A4F8683047B1E36D0133E3653A
:1046F000F30703D5638B43F0200363836868FCF7FB
:1047000081F9B4F86630184480B2A4F8660010B19C
:10471000236F002B3CD0002003B0BDE8F083254B75
:1047200040F23D4224492548F0F7C6FFC0E7214B3F
:1047300040F2134222492148F0F7BEFF04B34FF480
:10474000207239463620FCF769F8054600282AD041
:10475000B846ADE7174B40F246421A491748F0F702
:10476000ABFF2B89002BB4D0124B40F247421649C5
:104770001248F0F7A1FFE36E002BADD1E566B0E77C
:104780000C4B40F2154211490C48F0F795FF7FE7BA
:10479000E36E002BBFD1074B40F269420C4907483A
:1047A000F0F78AFFB7E7638B4FF0FF3043F08003E9
:1047B0006383B1E7B8D101081CD60108FCC0010829
:1047C000A4D5010858D6010870D60108FCD5010807
:1047D0009CD60108F8B5064688B1F46E4CB1254662
:1047E0002468002CFBD1EB689889FBF7FFF943079D
:1047F0000DD030460121BDE8F840FFF73FBF0B4B1D
:1048000040F2EF320A490B48F0F756FFE5E7EB6854
:1048100001209F89FBF7EAF9738BEA68074343F0AD
:104820002003204697817383F8BD00BFB8D10108EB
:10483000C4D60108FCC00108F8B50546002831D0EF
:104840002A6F32B11368144653B163689B7B012B06
:1048500002D06FF00500F8BD24682368002BF4D166
:1048600063689B7B012BF4D16B8B0027E96E43F4CB
:10487000006321606B83E368C5E91B275868FBF779
:10488000B9F9E368064624899889FBF7AFF903462E
:104890002644384613F003036F6318BF01233344E3
:1048A000EB64F8BD034B40F2676203490348F0F73D
:1048B00003FFC5E7B8D10108E0D60108FCC0010834
:1048C000F8B50746002831D03E6F4EB373689B7B26
:1048D000012B25D1326807F16C05FB6E3A671BB9D5
:1048E0000FE02D682B6863B1DB685868FBF782F92D
:1048F000F36804465868FBF77DF9241A002CF0DBB6
:104900002B6833602E6033686BB197F84230FF2B11
:1049100002D0013387F84230002318467B63F8BD8C
:104920006FF00500F8BDA7F86830EEE7034B40F2E2
:10493000C56203490348F0F7BFFEC5E7B8D10108D7
:1049400004D70108FCC0010810B5044640B3236F2A
:1049500013B1638B5B0700D510BD2046FFF7B0FF96
:104960000028F9D1B4F86010B4F84830628E99424A
:104970004FEA420028BF19464B08B0EB510FA4F88C
:104980004A3002D983B2A4F84A30618B024441F024
:10499000040113440022A4F848306183228610BD2C
:1049A000034B40F2FD6203490348F0F785FECEE772
:1049B000B8D101081CD70108FCC0010870B582B04D
:1049C0001C460D468446BDF81C301146069E2846FE
:1049D00000932246BDF82030654601933346FFF729
:1049E00049FA40B1014633462246284602B0BDE8A6
:1049F0007040FFF7FFB902B070BD00BFF0B585B0E1
:104A00008C461F4611460A9EBDF82C30BDF830205A
:104A1000C8B104466046CDE9003233463A46FFF756
:104A200029FA054678B10294002306243246394615
:104A3000CDE90034FF2301F07BFB284605B0BDE83B
:104A4000F040FBF77BBE05B0F0BD00BF10B50446DB
:104A5000C8B1206DFBF7CEF8002102462046FFF7D3
:104A6000A1F90146B8B1231D22462046FFF7C2F93D
:104A7000638B20B923F003039BB2638310BD43F023
:104A80000303638310BD074B4FF4036206490748D5
:104A9000F0F712FEDDE7638B6FF0010043F00303D4
:104AA000EBE700BFB8D101083CD70108FCC0010802
:104AB0002DE9F04F044685B0002800F0A581237D44
:104AC000012B00F05581B14B1B68A34231D0E56E3C
:104AD000B4F84870B4F8606025B3207A04F1040893
:104AE000002840F09981404601F082F98346BBF1ED
:104AF000000F00F0A581236813B9DBF804302360B0
:104B0000EB68B742586828BF3746FBF773F82B8924
:104B1000626C9B1A0344BB420FD9B4F86030BB42AD
:104B200000F04281628B900700F12A8122F080021E
:104B30006283002005B0BDE8F08F002384F899302F
:104B4000236F002B00F0408199461B68002BFBD19E
:104B50005E46A6E0236F5BB1628B12F0440F07D173
:104B6000E06E002800F0F2800368002B00F0E9807E
:104B7000237DD5F80CA0022B0AD0BAF80CA0102087
:104B8000FBF734F84AEA0000D5F80CA0AAF80C00AC
:104B90006B689B7B012B53D1606AFBF72BF8CAF83B
:104BA0000800608DD5F80CA0FBF720F8628D636AD1
:104BB000AAF80E001344D5F80CA0E362AB7ADA072A
:104BC00000F1AE800AF1140BB4F93030002B01DA99
:104BD00000232386636B002B00F097806868002217
:104BE00043684189AAEB0303C0F804A09BB2C91A29
:104BF00041810189CB1A03818AF810208AF811209B
:104C0000AB7A13F0010F0CBF142318239A44D34539
:104C100007D05F4B4FF4C4625E495F48F0F74CFD2C
:104C2000686806230296424621460193A37A0093C0
:104C3000E37A01F07DFA002840F0F880D5F80CA066
:104C40002B68E366237D022B03D0638B23F00303E1
:104C50006383DAF80400FAF7CDFFEB688246B5F813
:104C600008B09889FAF7C2FF10F00303DA44226D06
:104C700018BF01235344B5F808A0D21A002AB8BFC0
:104C80002365EB689889FAF7B1FF830723D1BAF15E
:104C9000000F20D12846FCF765FBE56E002D00F0E3
:104CA000CA80EB685868FAF7A5FF636CC01A2B89B5
:104CB0001844B84200F2B480EB689889FAF796FF7E
:104CC00041077FF547AF324B40F23A523349324801
:104CD000F0F7F2FC3EE700232B60236F93B1EB6803
:104CE0005868FAF787FFD9F80C3082465868FAF707
:104CF00081FFAAEB000ABAF1000F67DBC9F8005088
:104D0000A946CAE7A9462567C7E7254B1B68636321
:104D1000DAF80400FAF76EFFD5F80CA0A0635DE79F
:104D20004246314640F2B4500AF1180BFDF7AAFA98
:104D300040F00170FAF75EFFCAF81400D5F80CA035
:104D400042E70189638E9942BFF412AFB4F8643030
:104D5000002B3FF40DAFB4F86630272B3FF608AFB9
:104D600012F0A00F7FF404AF00287FF4DFAE63E001
:104D7000074B40F2E7420B490748F0F79DFCA2E6DB
:104D8000204605B0BDE8F04FFFF760BEFC7F002075
:104D9000B8D10108B4D70108FCC001089CD70108AC
:104DA000F87F002074D70108236F002B7FF4BAAE80
:104DB00094F89930002B7FF4B5AE4FF4807284F8EC
:104DC0009A30A4F89820ADE69946C1E6236F04F125
:104DD000700B2BB914E0DBF800B0DBF800307BB1CE
:104DE000DB685868FAF706FFEB6882465868FAF7FE
:104DF00001FFAAEB000ABAF1000FECDBDBF8003090
:104E00002B60CBF8005048E70F4B40F2E5420F49CA
:104E10000F48F0F751FC52E6FBF794FB834666E639
:104E2000E06E628B00287FF481AE05E0638B43F077
:104E3000800363837EE6628B0023A4F8683075E606
:104E40006FF0030076E600BFB8D101085CD7010817
:104E5000FCC0010810B5044658B194F84230FF2B4D
:104E600002D0013384F842302046BDE81040FFF7FD
:104E70001FBE044B40F29C6203490448F0F71CFC3F
:104E8000EBE700BFB8D10108C8D70108FCC0010892
:104E900010B5044618B1FFF7CFFC98B110BD0F4B09
:104EA00040F2B1620E490F48F0F706FC2046FFF7CA
:104EB000C3FC0028F2D1094B40F29C620A49094820
:104EC000F0F7FAFB94F84230FF2B02D0013384F85C
:104ED00042302046BDE81040FFF7EABDB8D10108D6
:104EE000ECD70108FCC00108C8D7010810B504467A
:104EF00088B1206D0138FAF77DFE00210246204678
:104F0000FEF750FF014670B1231D22462046BDE842
:104F10001040FEF76FBF054B40F66A020449054892
:104F2000F0F7CAFBE5E74FF0FF3010BDB8D101083C
:104F300008D80108FCC001082DE9F041044600280A
:104F400055D0E56E002D4FD094F89A30FF2B02D04B
:104F5000013384F89A30EB689889FAF747FEC30763
:104F600027D4EB68012120465A68FEF71BFF06464E
:104F7000002844D0D6F80480686808F114012F890D
:104F800001220389DB1B9BB2FBF766FEEB685868C6
:104F9000FAF730FE236D0130224631461B1A002BF2
:104FA00004F10403B8BF20652046BDE8F041FEF7D8
:104FB00021BF2F892046EB68391E5A6818BF01218E
:104FC000FEF7F0FE0646D0B1D0F80480002FD3D112
:104FD000B8F80C701120FAF709FE27F47C57BFB21D
:104FE0003843A8F80C00D1E72846BDE8F081054B0E
:104FF00040F6950204490548F0F75EFBA1E74FF043
:10500000FF30F2E7B8D1010824D80108FCC001083C
:1050100070B5044607200E461546FBF7D7F890B149
:1050200000230D498660C560C0E900340B681BB9D8
:1050300007E019461B681BB15A68A21A002AF8DA61
:105040000360086070BD054BBE2205490548BDE8F8
:105050007040F0F731BB00BF3C80002048D8010809
:105060006CD80108FCC0010838B54368044698476D
:10507000FAF7A4FD0A4B256884461B6822460949B5
:10508000E818A0EB0C03002B05DA05EB0C00BDE8DB
:105090003840FFF7BDBFBDE83840FFF7B9BF00BFDC
:1050A000388000206950010808B5FDF7BDF8094BAC
:1050B0001B6843B1FAF782FD00220749FA30BDE8C8
:1050C0000840FFF7A5BF054B1B68002BF2D1044A2F
:1050D000136008BDEC7F0020A9500108E87F002084
:1050E0003480002008B50B4B1A688AB90A4A126846
:1050F00052B101221A60FAF761FD00220749FA3025
:10510000BDE80840FFF784BF054A1268002AF0D1C5
:1051100008BD00BF34800020EC7F0020A9500108AA
:10512000E87F002038B50A4DFAF748FD094C00F534
:105130007A702A462146FFF76BFFFAF73FFD05F12B
:105140000802214600F57A70BDE83840FFF760BFDD
:105150009C11020869500108B0F1804F70B50446F7
:105160000D46164608D2FAF729FD32462946204454
:10517000BDE87040FFF74CBF034B40F229120349D2
:105180000348F0F799FAEEE748D80108ACD80108CF
:10519000FCC0010830B40D4D2B689BB1002403E026
:1051A0001A681C4613466AB19A688242F8D1DA68D6
:1051B0008A42F5D11A683CB122601946072030BCFA
:1051C000FBF73AB830BC70472A60F6E73C80002015
:1051D0002DE9F843FAF7F2FC144E154C0546154F2D
:1051E00015E0236807201946DBB15A68A5EB020CCD
:1051F000BCF1000F15DBD3F800C03A60C4F800C062
:10520000D3E90289FBF718F8B8F1000F0BD1337816
:10521000002BE6D0FBF7A8F9236807201946002BDE
:10522000E3D1BDE8F8834846C047F0E7DC7F0020C3
:105230003C8000203880002008B5EBF7D7FB024BFC
:10524000024A0343138008BD00C0FFFFEE010020A7
:105250002DE9F04F804685B00F46002800F0C4804D
:10526000002F00F0CA80B8F80A30072B40F28C807B
:10527000DFF8D891D8F80440D9F80010D9F8140014
:1052800000F068FF82462088FAF7B0FC0346608889
:105290000393FAF7ABFC654B05461C68002C7CD0E9
:1052A0004FF0000B5E4604E0E3682646002B71D009
:1052B0001C46638AAB42F7D1002F00F08E80227A21
:1052C0003AB1D9F8043093F830300133DBB29A4266
:1052D000EAD12368BAF1000F38D03BB1D9F81420D5
:1052E000501C03D05A40B9680A42DDD1227C5207D3
:1052F00008D4BBF1000F00F09180D9F814200132DE
:1053000000F08280A38A039A9342CDD163681BB1D7
:10531000D9F810209342C7D14EB3E368A346434A5D
:10532000F36013681460E36008214046FBF7AEF9B0
:1053300018BB5C46A5693DB3039B4246E069214624
:1053400000933B4BA84705B0BDE8F08F1BB1D9F8DF
:1053500014209342A8D1237C5907D3D4A38ABBF14C
:10536000000F08BFA346039A93429DD1CEE70821C0
:105370004046FBF78BF90028DCD02E4B4FF4B87277
:105380002D492E48F0F798F9404605B0BDE8F04F9A
:10539000FBF7D4B9BBF1000FC6D17A68D9F8143045
:1053A0009A42F1D108214046FBF770F90028E4D178
:1053B000BAF1000FE8D1D9F8143003F0F003E02B74
:1053C000E2D0B9F80C104046083109B2FBF782F977
:1053D0000321404601F0E4F8D6E7164B882218492D
:1053E0001648F0F769F96AE7124BCF2215491348BE
:1053F000F0F762F9002F7FF436AF0E4BD02212493E
:105400000E48F0F759F92EE77A68DBF80010914260
:105410003FF478AF9A4208BFA34673E7A38AA34636
:10542000039A93427FF440AF70E700BF40800020B2
:10543000B80A0020E4D801085CD90108FCC00108C2
:1054400034D9010800D9010818D90108A80A002098
:1054500010B1026801B102B970470B68002BFBD094
:10546000084B1B68002BF7D010B400E002681C68E2
:10547000944201D10A681A60DB68002BF6D15DF80E
:10548000044B70474080002043890E2B70B50446C2
:105490001FD940680D46E37B86891BB991F83030EF
:1054A0000133E3730378D9070AD5012B30D00622E4
:1054B0001D49F0F7B1F818B9637B43F00803637333
:1054C000082E0BD0B6F5C16F03D195F82D301B0710
:1054D00013D42046FBF732F9002070BD95F82D302B
:1054E0001A07F6D50E212046FBF7D0F80028F0D198
:1054F0002946204600F0B4FCEEE70E212046FBF7DB
:10550000C5F80028E5D12946204600F037FAE3E740
:105510004378002BD4D183785E2BD1D1637B43F0C9
:1055200010036373CCE700BFB41102082DE9F0410A
:105530000C460546BDF8180016461F46FAF756FBFE
:105540000E2180462046FBF771F8E0B96168A1F8AA
:105550000C803B680B60BB888B803368C1F80630D9
:10556000B3884B8195F82C30062B06D0084B4FF4AE
:105570009D7208490848F0F79FF8AB692146284614
:10558000BDE8F04118476FF00100BDE8F08100BFB1
:1055900078D901089CD90108FCC001082DE9F04F19
:1055A00000234FF00A0E85B0504E054608461746B8
:1055B000314699467446F046F3460190CDE90233F0
:1055C00004E06446013318310A2B19D00A2C0FFA73
:1055D00083FC91F814A039D1BAF1000FF1D01DB1BC
:1055E00028684A6890423DD0BAF1010F488A31D00C
:1055F0004845E7D301338146E04618310A2BE5D10F
:10560000019801286ED1092C32DC04EB4403A14639
:1056100006EBC3031B7D33B1354B40F28512354990
:105620003548F0F749F8A04664002DB104EB0903B2
:105630002A6806EBC3035A604C44002306EBC406F9
:105640007382B760404605B0BDE8F08FBAF1000F35
:10565000B8D0C4E70A6892B3029A9042B2D3E64641
:105660000290AFE717B18868B842BDD1E046E9E7DC
:10567000B8F1090F2ADC08EB4803C1464FEA480499
:1056800056F83330A3B11A4B4FF4B7721B491A487E
:10569000F0F712F809EB490A4FEA49044FEACA0A3F
:1056A00056F80A0020B1FBF749F8002346F80A3003
:1056B00004EB0903002206EBC3031A75B5E7039A4E
:1056C0009042FFF47FAFE34603907BE7BBF1090F05
:1056D00005DDBEF1090F05DCF046F146DAE7D846F4
:1056E000D946D7E74FF0FF38ACE700BF488000202D
:1056F000D0D901080CDA0108FCC00108F4D901086E
:105700002DE9F04782B0884691461F46DDF82CA06F
:105710000646BDF8344000284AD04FF420721C21C0
:105720000E20FBF77BF80546002849D043891B2B48
:1057300036D920466C68FAF759FAE08096F82C3092
:10574000062B06D0204B40F2724220492048EFF74A
:10575000B3FF396830461F4E4B46A1604246B988B8
:10576000A181DAF80010C4F81210BAF80410E1822E
:105770000A990968C4F80E100C9909682660A1619D
:1057800040F20641A18040F6060100912946FFF74C
:10579000CDFE2846FAF7D2FF002002B0BDE8F08720
:1057A000094B40F26B420C490948EFF785FFC0E70F
:1057B000054B4FF48C6209490548EFF77DFFACE7D4
:1057C0004FF0FF30E9E700BFD0D901086CDA0108DB
:1057D000FCC001080001080038DA010868C30108AC
:1057E0002DE9F043DFF8D88002EB420685B014467D
:1057F00008EBC60605460F464FEA4209337D012BEA
:1058000036D904EB4400022B4FEAC00000F10C062D
:1058100046440DD005F126084FF400643346424655
:10582000394628460094FFF781FE05B0BDE8F083B5
:105830004C4408EBC404638AB3F58E7F21D8B3F5DA
:10584000877FE7D3194B0430324601932B1D404428
:1058500005F1260800930123029041460393284650
:105860004346FFF74DFF0028D6D103232375D3E726
:105870000F4B40F2EF220F490F48EFF71DFF337D2A
:10588000BFE70A4B04300D4A01932B1D404405F13C
:10589000260800930123029041460393284643467D
:1058A000FFF72EFF0028B7D1DFE700BFAC110208D9
:1058B000D0D90108B0DA0108FCC00108B41102080F
:1058C0004880002070B51D4C84B0002604F1F0051E
:1058D0000AE0012A1FD0032A2DD0042A01D1022375
:1058E00023741834AC4214D0227C002AF9D0E38906
:1058F00001339BB2B3F5967FE381EAD354F8040CED
:1059000018B1FAF71BFF44F8046C26741834AC4243
:10591000EAD104B070BD042BF0D80392084A606845
:10592000019200F12603021D029400921946054AD5
:10593000FFF7E6FED5E704232374D2E74C8000206E
:10594000AC110208B411020870B50B4C064604F104
:10595000F005237D13B1A368B34203D01834AC42E1
:10596000F7D170BD206818B1FAF7E8FE0023236074
:1059700000232375F2E700BF48800020002900F0D3
:1059800092802DE9F04F466889B004463388B3F51C
:10599000807F02D13379062B05D0204609B0BDE8BF
:1059A000F04FFAF7CBBE7379042BF6D17388082B2E
:1059B000F3D1D6F80E700D464B68B2690797002BED
:1059C00072D0A3EB0709934206F10808B9FA89F9E6
:1059D0004FEA59196FD101239A46059395F82C3057
:1059E000062B06D0364B4FF4D57236493648EFF7C2
:1059F00063FE002F3DD02946384600F0ABFB8346BE
:105A0000B8BB07F0F007E02F33D051462A4607A86D
:105A1000FFF7C4FD00282CDB2C4900EB40070222D5
:105A20004FF0180E01EBC70CFF008CF814200C226D
:105A3000CCF8085010FB0E22D8F8000088500A4419
:105A4000B8F80400908051F807A0ACF812B0BAF191
:105A5000000F0ED04FF4006341F807B005F12602A5
:105A60005146009328464346FFF760FD5046FAF73B
:105A700065FEF388B3F5807F8FD189F00109059B1E
:105A800013EA090F89D0022105F126034246284670
:105A9000039107A9CDF804800291291D00911946B0
:105AA000FFF72EFE79E77047994606F108084FF098
:105AB000020A059392E700234FF0020A05938DE74F
:105AC000D0D9010800DB0108FCC001084880002093
:105AD0002DE9F04F0E4685B0054601463068174661
:105AE00000F038FB002840F0AC80336803F0F0028F
:105AF000E02A00F0A680002B00F0A3802A460121B6
:105B00003046FFF74BFDB0F1000862DB1FFA88F367
:105B10007E2B56D85FFA88F84B4C05F1260B08EB24
:105B200048094FEA480A04EBC90999F81430002BD8
:105B300031D101230296C9F80850594603932846EB
:105B400089F81430414B424A01932B1D00935B4668
:105B5000FFF7D6FD97B399F81430012B1FD82DD13C
:105B60003D463C4EDFF8FCB0DFF8F49004E02B7BC0
:105B70005B0642D42D688DB36A892B899A42F6D18F
:105B80002A683346002AF2D040F2FA325946484693
:105B9000EFF792FDEBE7002F3BD0012BE0D018236D
:105BA0005A463946284603FB08434FF400640094E4
:105BB0000C33294C84F80080FFF7B8FC05B0BDE831
:105BC000F08F244B40F2C23224492548EFF774FD90
:105BD000A0E74FFA88F005B0BDE8F08F3846FAF735
:105BE0001BFF0AEB080354F8330008B1FAF7A6FDCF
:105BF000D04444F838700020E0E73A464FF4207172
:105C00000E20FBF75FF807460028EAD14FF0FF307F
:105C1000D4E70123284659460D4A03930B4B0296BD
:105C200001932B1D00935B46FFF76AFD0028C5D149
:105C3000182303FB08431B7D012BBFD1A9F8127069
:105C4000D9E76FF00F00B9E748800020AC110208D7
:105C5000B4110208D0D901084480002024DB0108D7
:105C6000FCC0010834DB0108F0B50E4685B00446DF
:105C70001546002800F08180002E6DD0002D74D0D4
:105C80002146286800F066FA002863D12B6803F0EB
:105C9000F002E02A39D06268A1685A400A4209D06D
:105CA0009BB24FF6A962934204D0E368002B76D0F2
:105CB00004F10C053B4F3C4B3A7802EB420103EBFD
:105CC000C103197D012902D99968A14260D0364BE0
:105CD0004FF0000C05E00CF1010C1833BCF10A0F79
:105CE00030D0187D0128F6D99A68A242F3D15A68BB
:105CF00029689142EFD15FFA8CF2314620463A7022
:105D000005B0BDE8F040FFF76BBD6B7801225E2166
:105D100003F07F03ADF80820EA788DF80B30AB78FC
:105D20008DF80A108DF80C3002AB8DF80D204FF471
:105D3000006504F12602314620460095FFF7F6FB88
:105D400005B0F0BD32462946204605B0BDE8F0401A
:105D5000FFF7BEBE154BEAE7154B4FF448721549E5
:105D60001548EFF7A9FC002D8AD1114B40F22132E2
:105D700012491148EFF7A0FC82E70D4B40F21F32A9
:105D80000F490D48EFF798FC002E7FF477AFE3E75B
:105D90005B68296899429AD131462046B0E76FF096
:105DA0000300CDE74480002048800020B4110208A1
:105DB000D0D9010850DB0108FCC00108E0DA010875
:105DC00068C3010810B5012384B0074C074A019449
:105DD000041DCDE9021300F1260300941946FFF7D4
:105DE0008FFC04B010BD00BFAC110208B411020852
:105DF000194B30B41B68ABB193F82D20D407F9D5FB
:105E00005107F7D559680029F4D004689D686140AE
:105E1000294204D09207EDD4DA689442EAD11846B8
:105E200030BC70470D4B1B68002BF8D093F82D2029
:105E300002F00502052A08D15A6852B102787F2A79
:105E400008BF002330BC18467047002330BC1846FA
:105E500070471346E3E700BFD87F0020D47F0020BF
:105E60002DE9F047476804463B781A09042A56D1C1
:105E700003F00F0378880E469D00F9F7B7FE2389DB
:105E80008046834251D86389AB4248D32389434536
:105E900045D3132D43D93A69F86802F0F001DFF8D1
:105EA000889196F82D80E02908F00103C9E90402E1
:105EB00040D1002B64D14FF00008314600F04AF980
:105EC00068BBD9F8103003F0F003E02B27D0B8F10D
:105ED000000F24D0FB8823F0C0032BB1204600F034
:105EE00079FC0446F0B14768C9F80870314620468D
:105EF000C9E900863B7803F00F039B00A9F80C303A
:105F0000FAF700FF0128824641D10023C9E9003396
:105F1000C9F80830A9F80C30C9E9043302E020467A
:105F2000FAF70CFC0020BDE8F08701462046FAF79E
:105F300003FDA8E7002B50D1D2B27F2A5AD0394BAB
:105F4000D3F80080B8F1000F08D153E000F002F957
:105F500098B9D8F80080B8F1000F0ED04645F8D0B7
:105F600098F82D30DB07F4D5D8F80430002BF0D0AA
:105F7000D9F8140041468342E8D1D9F810009CE7D3
:105F80007368002B14BFB0464FF0000895E7294610
:105F90002046FAF77BFB7B7A062B38D0112B31D0C9
:105FA000012B2AD0BAF1020F13D04146D9F81400C0
:105FB00000F0D0F868B9D9F8143003F0F003E02B02
:105FC00007D029462046FAF785FB0221204600F03B
:105FD000E7FA2046FAF7B2FB97E77368002BABD0DD
:105FE0009A4219D01046314600F0B4F8B0B9D9F849
:105FF0001420A1E7D9F810005DE73146204600F0F3
:106000002BFA82E731462046FFF722F97DE7314639
:106010002046FCF7B7FF78E7B0464EE7D9F8100006
:10602000B0464AE7D87F0020A80A00202DE9F04FAB
:106030009946837B83B00446012B0F4616469DF894
:1060400030A09DF834B0DDF838803DD1002E44D02A
:1060500014212046FAF7EAFA002859D163896568C5
:10606000132B42D985F80890452285F809B033688A
:106070002A7085F801A02B612089F9F7B7FDDFF8B8
:10608000AC9000236880B9F80000AB71EB71F9F7B0
:10609000ADFDB9F80030A8800133A9F8003067B32E
:1060A0003B68EB600023AB72EB72B8F8243013B19D
:1060B00022899A4224D8D8F81430324621464046E4
:1060C000984703B0BDE8F08F134B40F27632134986
:1060D0001348EFF7F1FA002EBAD16389132B17D9C1
:1060E000636801AE1B690193DFE70B4B40F2AA32F4
:1060F0000C490B48EFF7E0FAB4E70B4B1B68D0E70D
:1061000032464146204600F099FD03B0BDE8F08FCD
:106110006FF00100D5E700BF5CDB010880DB010800
:10612000FCC001088CDB0108BC110208388100208A
:10613000F0B4069C9DF810509DF814601AB109B196
:106140000F6807B9211D0495CDE90564F0BCFFF780
:106150006DBF00BF421E0346033215D891F82D00D3
:1061600010F002000FD04A689A420BD089685A405A
:106170000A4207D1C84323EA0103181AB0FA80F093
:106180004009704700207047012070472DE9F04713
:106190004D4E84B00378F25C520739D5E9460D467E
:1061A0000DF10C084F46302B36D00A210130002467
:1061B00005E008291DD0AEF1300403780130F25C0F
:1061C00003F10A0C04FB013E12F0040F02F0030A73
:1061D000EFD1102912D112F0440F0FD0BAF1020FF3
:1061E000037814BF41226122ACEB020C4CEA041488
:1061F000E4E7A3F1300CBCF1070FDCD92E2B17D14B
:10620000474505D0037847F8044BF25C5207CAD4DF
:10621000002004B0BDE8F087437803F0DF02582A7D
:1062200002D001300821C1E7837810210230BDE798
:106230000BB11307ECD5A7EB09039B100133042B1B
:106240003BD801A252F823F0116201086D620108E7
:106250005D6201089F6201087B620108B4F1807FE2
:10626000D6D2009BFF2BD3D844EA03641DB120464D
:10627000F9F7C0FC28600120CBE7FF2CC8D80099B3
:10628000FF29C5D8019BFF2BC2D8029AFF2ABFD88D
:106290001B0443EA016343EA02231C43E6E7B4F527
:1062A000803FB5D2009AFF2AB2D8019BFF2BAFD80E
:1062B0001B0443EA02631C43D8E7044BFB22044956
:1062C0000448EFF7F9F9D1E7A98A0108BCDB010816
:1062D000E4DB0108FCC001082DE9F04F036885B03C
:1062E0004FF00008541C0393134603AF0DF1100B3D
:1062F0008E46294EC14602AD0A469C4617F8010B50
:106300000021CDE90078A6FB003A0B46804601311A
:106310004FEADA0AB8F1090FC9B20AEB8A07A0EB13
:1063200047075FFA8AF003F1100A07F13007EA44E1
:106330000AF8087CE7D8DDE9007808F1010007F8E1
:10634000019C39B3C4451ADD2B4401E0844216D0C8
:1063500093F80080AB42824603F1FF3300F1010065
:106360000EF8018BF2D1D4450AF1010807DD73461E
:106370002E215F4503F8011B05D09E46BEE7002095
:1063800005B0BDE8F08F002310468EF8003005B050
:10639000BDE8F08FC246E6E7CDCCCCCC1022014957
:1063A000FFF79ABF3C8100202DE9F047058986B0B0
:1063B000074689461C2D90464FF022004FF420726C
:1063C00028BF1C2505F10806B6B23146FAF726FAB1
:1063D00088B343890446B34230D300262A46656811
:1063E0003946D7F804A00823204685F8009085F8A0
:1063F00001802E716E71AE71EE71FAF78FFBDAF8D3
:106400000C3005A80593FFF7F3FC074680B16189BE
:106410002846AE70EE70F9F729FC0123688005AAC2
:10642000314620460096CDE90137FF23FFF780FE75
:106430002046FAF783F906B0BDE8F087034B4FF426
:10644000B77203490348EFF737F9C6E7F0DB0108F5
:1064500014DC0108FCC001082DE9F0434A4F85B067
:106460000546D7F8088098F8004004F00F04A4000F
:10647000132C13D94389032B10D943681B78082B9D
:106480000CD1786900F0F003E02B07D00E46396894
:10649000FFF760FE10B92B89072B05D8284605B0F9
:1064A000BDE8F043FAF74AB904F10E092846494617
:1064B000FAF7BCF800284CD02B89E11889B28B423E
:1064C000ECD84FF420720E20FAF7A8F98146002884
:1064D000E4D0428904F108039A4247D34146224658
:1064E0004068EDF7C5FF21464846FAF7CFF8002887
:1064F00040D129464846FAF7A7FB002836D128465E
:106500004D46FAF71BF9214628466C68FAF78EF8D3
:106510000028C3D16968D7E90432CA604FF6F77220
:106520000B612070E8732846638893424FF00002A5
:106530008CBF093308339BB26380FF238A72CA720F
:106540000B7201210092CDE901161049FFF7F0FD11
:10655000A4E749462846FAF799F80028D3D00C4B0F
:10656000C7220C490C48EFF7A7F897E74846FAF717
:10657000E5F893E7064BB62208490748EFF79CF881
:106580004846FAF7DBF889E7A80A0020BC0A002091
:10659000F0DB010874DC0108FCC0010840DC0108E4
:1065A0000A460321FFF700BF0A460B21FFF7FCBE96
:1065B00010B5044648B1606908B1FAF7BFF8214642
:1065C0000620BDE81040F9F737BE044B40F2CE225A
:1065D00003490448EFF770F8EDE700BFA8DC0108B5
:1065E000D0DC0108FCC0010881422DE9F84F0746C4
:1065F000884678D0B8F1000F09D0D8F80030BB42F7
:1066000005D0404BAD2240494048EFF755F87D6832
:106610006B689A88002A45D00024DFF8E8B0DFF8DC
:1066200004A1DFF8E89004E03046A4B2FAF786F857
:10663000ADB16B6828462E461D68FAF7E3F90444AD
:10664000B4F5803FF0DB5B46CC2251464846EFF77D
:1066500033F83046A4B2FAF771F8002DE9D12C4B8B
:106660001A6897423CD0B8F1000F43D03B68C8F895
:106670000030284D39460520F9F7DEFD2B88A3426E
:1066800004D31B1B20462B80BDE8F88F1D4BD22264
:1066900021491E48EFF710F82B8820461B1B2B8042
:1066A000BDE8F88F1A68FC68386979697A60BA6859
:1066B0005C6098602846D96001211A60BA691A6145
:1066C000FFF772FF2846FAF79DF904462846FAF7C5
:1066D00035F87D68002DA0D10D4B1A689742C2D1C4
:1066E0003A681A60C5E7074BAB220C490748EEF73A
:1066F000E3FF7FE7034B40F2451209490348EEF7F9
:10670000DBFFB3E7A8DC0108E8DC0108FCC00108F6
:10671000508100204C81002038DD0108DCDC0108BC
:106720001CDD0108FCDC01082DE9F8430027DFF837
:10673000708005460E46D8F80030F3B10024D5F835
:106740000CE02146A44620465A69724518D001340F
:1067500018B3C27F93F81F9091459CBF61461846BD
:106760001A689C461346002AEED110B1FFF73CFF91
:106770000744B74201DA012CDDDC3846BDE8F88376
:106780009A69D5F810904A45E1D1B3F80C90AA88DF
:106790009145E5D001340028DBD161461846DFE79A
:1067A0005081002038B50A4B1C684CB10025E37FAE
:1067B000204624685A1E23B10546C277002CF6D124
:1067C00038BD2946FFF710FF002CF0D1F8E700BFD5
:1067D000508100202DE9F04F476885B005463B7891
:1067E00003F00F03052B40F0B480F888F9F7FEF9A9
:1067F00006467888F9F7FAF93B7803F00F03B0EB17
:10680000830F4FEA8302C0F0A480831ADFF8249438
:1068100028469BB20193FAF7F5F8B9F800308046A4
:1068200003440A2B00F3B080DFF80CA4DAF8004030
:10683000002C00F0B680FA6803E02468002C00F019
:10684000B08063699342F8D13B69A1699942F4D160
:10685000A189BB889942F0D1F888F9F7C7F9C0F34C
:106860000C0000287DD0FB88C6F30C0613F0200333
:106870004FEAC60602930AD1019BF3189BB29E42CF
:1068800000F2A5804FF6EB72934200F2A0806F6891
:106890007888F9F7ABF93B7803F00F03B0EB830F7F
:1068A0004FEA8302C0F09380831AF8889FB2F9F709
:1068B0009DF9C0F30C01C9007B186F68FB809BB287
:1068C000B9801A460393002391423B707B70BB70E2
:1068D000FB707CD86268002A00F0FD804FF0010B4D
:1068E0008C460EE035D0B3F806E0F44531D321B143
:1068F000CA88824218BF4FF0000B1A68002A00F0C5
:10690000CC801946536898888445EBD20B463A6090
:1069100061469C46002B76D0039ADB88824218D8C9
:10692000994216D3CCF8005071D00299A27FB9F8E1
:106930000030002900F0C680B9F800304344A9F8BF
:10694000003009E0236821460520CAF80030F9F735
:1069500073FC2846F9F7F2FE0026304605B0BDE884
:10696000F08FE089F9F742F9C0F30C0000283FF4FA
:106970007AAF3B687868B968FA68A360E060216123
:1069800062613B69A3616EE701463846FFF7CCFEC2
:106990000028DED0B9F8003043440A2B7FF744AF1B
:1069A000D7E70520F9F712FC0446002867D000233A
:1069B000E361A360E36023616361A3616360DAF86C
:1069C0000030CAF8004023600F23E377D1E7666800
:1069D000002EBED1DAF80030A342B3D08E4B40F285
:1069E000AB228E498E48EEF767FEDAF800309C4203
:1069F000A8D0894B40F245128A498948EEF75CFEDF
:106A000023683360FFDE039B8342A2D86560029B4C
:106A10003BB3A37FDB078FD5BBF1000F8CD062683F
:106A2000002A89D051688B885BB93B681BB9DEE0CE
:106A30003B68002B58D03A465F68D288BB889A42A0
:106A4000F6D0B9F800304344A9F80030029B002B7F
:106A500082D1A37F019A43F001031644A377A68352
:106A60007AE7BBF1000F30D06268002ADAD1019BCF
:106A70001E44A37F43F00103A683A3775CE741464E
:106A80003846FFF751FE80453FF763AF0520F9F721
:106A90009DFB044600288AD15BE7F4451D60B6D013
:106AA000B9F8003002994344A27F9BB200297FF4D9
:106AB00046AF019942F00102A9F800300E44A277D6
:106AC000A68349E743449BB2F3E7B9F80030A27FBD
:106AD00043449BB2EDE7029B6560002BC4D0A37FCB
:106AE000DA077FF529AF9AE7B94200F082803B6868
:106AF000002B5FD0484B4FF4F1724B494848EEF7FA
:106B0000DBFDB9F800304344A9F80030029B002BAC
:106B100061D0A08B626856681430A368E56880B2C3
:106B2000216962697560B1603568F2603360A3699C
:106B30003361F9F75BF800237080B371F371B372BE
:106B4000F37266685DB1142128466F68F9F79EFDFF
:106B500029463046F9F77EFF3D68002DF3D1DAF87B
:106B60000050A54206D0002D4BD02B68A34214D074
:106B70001D46F8E72368CAF8003021460520F9F7DA
:106B80005BFB3046F9F73EFFB9F80030044683421C
:106B900006D31B1BA9F80030DFE623682B60ECE767
:106BA0001D4B40F29B2221491D48EEF785FDB9F8A7
:106BB0000030EEE76268B9F800304344A9F80030CD
:106BC000029B93B90198A37F304443F0010380B244
:106BD000A377A0839FE70198A37F3044626843F0C6
:106BE000010380B2A377A08395E7A08B93E78F4240
:106BF000E1D1094B4FF4F0720D490948EEF75CFD05
:106C000075E7054B40F2451206490548EEF754FD7D
:106C100023682B60FFDE00BFA8DC0108ACDD0108A3
:106C2000FCC001081CDD01086CDD010890DD0108D5
:106C30005CDD01084C810020508100202DE9F04FDF
:106C40008B8C8DB0D0F804A081460791B3F114016C
:106C50000A9248BFA3F10D01C1F3CF0306939AF83E
:106C6000003003F00F03052B4FEA830640F0DA8073
:106C70004389132B40F2D680BAF80600F8F7B6FF26
:106C8000B9F808C0C0F30C03ACF1140C059300F480
:106C900000531FFA8CFC0B93BCF1000F00F0C08076
:106CA000069B00244D46CDF810C0DB009BB2089334
:106CB0005FE0F9F78BFA8346412221460020BBF1C1
:106CC000000F00F09D8001945B466F6807EB060C97
:106CD000CDF800C0F9F78AFC01462846002900F0EB
:106CE0008B800391F9F798FE504B40460399CBF8FF
:106CF0001030CBF81450F9F7ADFE029B1F1BBBB24E
:106D00000293002B74D1079826440B9A838CB6B259
:106D1000101E049AA3F1130318BF01209342D8BF99
:106D200040F00100059BC3F30C0343EA4030F8F741
:106D30005DFF099FF88009F1140080B2F8F756FF53
:106D400000237880414607980A9ABB72FB72436918
:106D500098474046F9F7F2FC049AA2EB0909DDE9ED
:106D60000532D3181FFA89F29BB204920593002AC8
:106D700056D0089B4FF42072049F14210E20BB4272
:106D800028BF3B469946F9F749FD804600283AD08E
:106D90004389132B3CD9DAF80020D8F80430DAF80C
:106DA0000470DAF80800DAF80C101A605F60986076
:106DB000D960DAF810201A61D8F804300993B9F1D3
:106DC000000FA0D06B899C1BB342A4B206D2184B13
:106DD00040F22D3217491848EEF76EFCCDF80890B6
:106DE000029B06209C4228BF1C46002C7FF461AF0A
:106DF0002D6800266C89F3E759460620F9F71CFA3E
:106E00004046F9F79BFC4FF0FF300DB0BDE8F08F26
:106E1000074B4FF4497209490748EEF74DFCBAE7B2
:106E20000020F2E76FF00500EFE700BFB165010851
:106E3000A8DC0108ECDD0108FCC00108CCDD01087C
:106E4000014B1868704700BF5481002030F40003E4
:106E500010B5044606D1064A536823F46003234361
:106E6000536010BD4FF417710248F0F7A1FDF2E72F
:106E700000040058FCDD0108334B30B4996A9C6A69
:106E8000DD6A14F47C7F5A6BC4F3051036D0C2F36C
:106E9000CC0205F0010501F0030107EE900A05FBA5
:106EA00002F20129B8EEE77A06EE902AFAEEE96AD4
:106EB00002D0022942D019B3DFED247A87EE876A27
:106EC0001B6BC3F3080307EE903AF7EE005AF8EE97
:106ED000E77A77EEA67A77EEA57A67EE867A1A4B8E
:106EE0001B6BC3F34623013307EE103AF8EEC76A73
:106EF00087EEA67AFCEEC77A17EE900A30BC704790
:106F00001A6892061DD51968F7EE005A104A1B6BD5
:106F1000C1F3C101C3F30803CA4007EE903A06EE7D
:106F2000102AF8EEE77AB8EEC66A77EEA66AC6EEE1
:106F3000077A36EEA57A67EE877AD0E7DFED057A35
:106F4000BCE7DFED057AB9E7004402580024744A33
:106F50000090D0030024F44A0024744C184A38B539
:106F6000136903F03803102B24D0182B09D01BBB56
:106F700013689B0622D51268124BC2F3C102D3409C
:106F800002E0FFF779FF03460D490F488A698969D6
:106F9000C2F303220D4C01F00F010D4D825C405CE9
:106FA00002F01F0200F01F00D34023FA00F02B6014
:106FB000206038BD074BE7E7074BE5E7014BE3E708
:106FC000004402580090D0030CE10108C8010020E1
:106FD000CC01002000127A0000093D009D4B9E4A22
:106FE000904218BF98422DE9F04F18BF012385B099
:106FF00008BF002306468846019326D0974B984247
:1070000023D003F5806398421FD003F58063984234
:107010001BD003F58063984217D003F58063984234
:1070200013D003F5806398420FD002F5005203F5A8
:107030000063904218BF984207D003F580639842DE
:1070400003D0B3218648F0F7B3FCD8F800104FF610
:10705000FF728BB243B1914206D8D8F80430112B9D
:1070600020D0012B0AD81DE0B4217D48F0F7A0FC08
:10707000D8F80430012B10D9112B0ED0B3F5041F12
:107080000BD000F26181B3F5881F06D000F26B814E
:10709000032B02D9122B40F06181D8F8001000298F
:1070A00000F0AD800024DFF8D8B10125A54015EA35
:1070B000010A00F09F800327D8F804104FEA440922
:1070C00001EA070307FA09F7581EFF43012840F2B7
:1070D0009980032BD8F8080000F0AF80022800F256
:1070E0000C81F56800FA09F0022B05EA070540EA71
:1070F0000500F06000F0C680326803FA09F311F46D
:10710000403F02EA070243EA0203336070D0DBF833
:10711000F43024F0030004F003050F2243F00203CF
:1071200000F1B040AD00CBF8F43000F58060DBF842
:10713000F430AA4003F002030393039B836823EA1D
:107140000203454A964226D0019A002A00F0F480B4
:10715000424A964200F0F480424A964200F0E180B2
:10716000414A964200F00881404A964200F0088168
:107170003F4A964200F0FC803E4A964200F0098168
:107180003D4A964200F009813C4A96420CBF0922D2
:107190000A22AA40134383604FF0B0436FEA0A0209
:1071A000CF021B684FF0B04054BF13404AEA0303BC
:1071B0008D02036043684FF0B04054BF13404AEA69
:1071C00003034360D0F8843088034FF0B04054BFCD
:1071D00013404AEA0303C903C0F88430D0F8803072
:1071E00054BF13404AEA03034FF0B042C2F8803064
:1071F000D8F80010013431FA04F37FF456AF05B02B
:10720000BDE8F08FD8F80C0003287FD8B26800FAE8
:1072100009F0032B02EA070C40EA0C00B060C1F34E
:107220000010726800FA04F022EA050540EA050041
:107230007060D8F808007FF451AF01283FF45CAFCC
:1072400002285AD8F56800FA09F03D402843F0605A
:1072500052E700BF0004025800000258000802581C
:1072600028DE0108000C02580010025800140258D1
:1072700000180258001C025800200258002402582E
:1072800000440258019B0BB3464B9E421ED003F5AF
:1072900080639E421AD003F580639E4216D003F5A8
:1072A00080639E4212D003F580639E420ED003F5A8
:1072B00080639E420AD03C4903F500638E4218BFAA
:1072C0009E4203D003F580639E425DD1D8F8101032
:1072D0000F292AD8E00804F007030F259B0006EBCE
:1072E000800099409D40036A23EA05030B43D8F8C8
:1072F0000410036201F00303FEE6D7212B48F0F7E8
:1073000057FBD8E9011001F00303EAE6C42127483E
:10731000F0F74EFBD8F80410D8F80C0001F0030386
:1073200074E70322AA40134335E7E5211F48F0F72D
:107330003FFBD8F81010CDE70122AA4013432AE7FB
:107340000222AA40134326E7B3F5441F3FF4A5AE3B
:1073500023F48013B3F5081F3FF49FAEB521134803
:10736000F0F726FB99E6B3F5901F3FF496AEF5E7EC
:107370000622AA4013430EE70422AA4013430AE759
:107380000522AA40134306E7E4210848F0F710FB62
:107390009CE70722AA401343FDE60822AA401343B4
:1073A000F9E600BF000802580020025828DE010854
:1073B000BFF35F8F044B00215A6A22F480325A6275
:1073C000C3F89410704700BF00ED00E0064B40F09A
:1073D0000100C3F894005A6A42F480325A62BFF343
:1073E0004F8FBFF36F8F704700ED00E010B543780B
:1073F00004460F2B6ED82378012B04D94FF4A771C4
:107400003E48F0F7D5FA237B012B04D940F24F1107
:107410003A48F0F7CDFAE37A5A1F012A01D9032B33
:107420004AD8A37A022B4FD8637B012B04D94FF49F
:10743000A9713248F0F7BCFAA37B012B04D940F2C2
:1074400053112E48F0F7B4FAE37B012B04D94FF423
:10745000AA712A48F0F7ACFA637AFF2B47D0217A59
:107460000B1F1B2B3CD8264A6378C2F89830D2F801
:10747000A03023F00103C2F8A0306368C2F89C304A
:10748000E37A207B1B0694F80FC043EA0073207850
:107490000343A07A43EAC043607B43EA8043A07B76
:1074A00043EA4043607A43EA0C4343EA002343EA59
:1074B0004103C2F8A03010BD4FF4A8710F48F0F797
:1074C00077FAA37A022BAFD940F251110B48F0F7AB
:1074D0006FFAA9E740F24D110848F0F769FA8AE718
:1074E0004FF4AB710548F0F763FA217ABBE740F23D
:1074F00055110248F0F75CFAB1E700BF58DE010809
:1075000000ED00E00F4BDA68D20706D50E490F4AAE
:1075100059605A60DB68DB0711D40A4BD3F80C01C1
:1075200010F001000AD00849084AC3F80411C3F852
:107530000421D3F80C0100F00100704770470120CE
:10754000704700BF0020005223016745AB89EFCD93
:107550000A4BDA6842F00102DA60DA68D2070BD52A
:10756000D3F80C2142F00102C3F80C21D3F80C012E
:10757000C04300F001007047012070470020005216
:10758000F8B50E460546FFF75BFC0746731E012B58
:1075900036D8022E39D14FF000442A4A44BB136931
:1075A0005B0713D5681C29D0FFF74AFCC01BA84213
:1075B00001D8002DF1D10320F8BDD3F810215207D6
:1075C00004D5002CF9D11A695107FCD4012E1D4AAB
:1075D0001D491CD0D2F810310B4022D1D2F8103105
:1075E000DB0303D54FF48033C2F814310020F8BD1B
:1075F000D2F810315807E9D5681CD5D1114BE0E716
:107600004FF487611148F0F7D3F90024C5E71369F7
:107610000B4010D11369D903E8D54FF4803353617F
:10762000E4E70B488169194341F000418161C2F8E8
:1076300014310120F8BD0648816919438161536105
:10764000F7E700BF002000520000EE178CDE0108B3
:10765000588100200128F8B50D46144603D0A32117
:107660003248F0F7A5F905F17843B3F5001F48D289
:107670002F4E327D012A50D00127B3F5801F4FF0E5
:10768000000337750CD239464CF25030B361FFF726
:1076900077FF98BB274AD36843F00203D3600EE01C
:1076A00002214CF25030B361FFF76AFF30BB214A30
:1076B0000227D2F80C3143F00203C2F80C31224603
:1076C000BFF36F8FBFF34F8F04F1200C281B13689B
:1076D000135004329445FAD1BFF36F8FBFF34F8F2D
:1076E0004CF250303946FFF74BFF012F114A16D0AC
:1076F000D2F80C3123F00203C2F80C3100233375A9
:10770000F8BDA4210948F0F753F9094A137D012B6C
:1077100003D0012318461375F8BD0220F8BDD368C5
:1077200023F00203D36000233375E9E78CDE010800
:10773000588100200020005238B530F03003054653
:107740000C4604D040F253412548F0F731F9631E4E
:10775000022B3ED804F00303032B22D0E2070BD503
:10776000204BDA6822F03002DA60DA682A43DA6005
:10777000DA6842F08802DA60A30711D5194BD3F812
:107780000C2122F03002C3F80C21D3F80C212A433B
:10779000C3F80C21D3F80C2142F08802C3F80C2165
:1077A00038BD104BDA6822F03002DA60D3F80C21D1
:1077B00022F03002C3F80C21DA682A43DA60D3F8E9
:1077C0000C212A43C3F80C219A6942F010029A61F5
:1077D00038BD40F257410248F0F7EAF8BAE700BF77
:1077E000BCDE010800200052072870B506460C4692
:1077F000154630D8631E012B04D940F29F41194829
:10780000F0F7D6F835F0300304D040F2A141154826
:10781000F0F7CEF8E2070BD5134AD36823F4E663FA
:10782000D360D36843EA06232B4343F08403D36039
:10783000A3070FD50C4AD2F80C3123F4E663C2F843
:107840000C31D2F80C3143EA06232B4343F0840376
:10785000C2F80C3170BD40F29E410248F0F7A8F822
:10786000C8E700BFBCDE0108002000520368012BFE
:107870002DE9F043044683B0884603D9C02155481A
:10788000F0F796F86368013B022B59D8524E337DCE
:10789000012B5DD000230121B36131756368DA07E4
:1078A0005BD49F073ED42568012D65D04FF0FF3390
:1078B000C8F80030D4E902532B449D4278D2474F98
:1078C000DFF81C9107E099071FD40135D4E90223A2
:1078D0001344AB426CD9284622696168FFF784FFE4
:1078E0006368D807EFD501214CF25030FFF748FE0E
:1078F000FA68034602EA0902FA606268920704D451
:10790000002BE2D0C8F8005014E002214CF25030B5
:10791000FFF736FED7F80C21034602EA0902C7F842
:107920000C21EDE702214CF25030FFF729FE002830
:10793000B9D0012300221846327503B0BDE8F083A8
:10794000254EC1212348F0F733F8337D012BA1D117
:107950000223184603B0BDE8F0834CF25030FFF725
:107960000FFE636800289CD09D07E2D502214CF2EF
:107970005030FFF705FEDCE761682069FFF7DCFEA9
:10798000626812F0010315D19407D3D502214CF29D
:1079900050300193FFF7F4FD10490028019BD1F806
:1079A0000C2118BF012322F00802C1F80C21C1E705
:1079B0000023BFE729464CF25030FFF7E1FD0749AD
:1079C000031ECA6818BF012322F00802CA60626859
:1079D000DAE700BFBCDE0108588100200020005219
:1079E000FBF8FFFF30B48B680D684C692B430268CD
:1079F00091F811C023438C691068BCFA8CFC2343B6
:107A00004C6A4FEA5C1C524D2343CC6A2343514CD1
:107A100020400C790343487B43EAC4630C7B43EA70
:107A2000C4538C7B43EA8053C87B43EA44538C7C29
:107A300043EA0053087F43EA04434C7F43EA0033A0
:107A4000C87F43EAC42391F8284043EA4023087CD6
:107A5000B0FA80F043EA0413CC6B400943EAC04318
:107A6000887FB0FA80F043EA4C43400943EA802320
:107A700091F82000B0FA80F0400943EA0023486BF7
:107A8000136053682B404FF60D7543EA446391F839
:107A90003840034391F8300043EA046391F83140E1
:107AA00043EA804391F83200B0FA80F043EA44435D
:107AB000400943EA004328485360D3688C6C18405F
:107AC0004B6C184391F8403040EA0320D060136FAC
:107AD000086D2B4043EA044391F85440034391F866
:107AE0004C00B0FA80F043EA4403400943EAC01373
:107AF000D1E916541367D2F8900091F8563020F06F
:107B00000300034391F8550043EA4003C2F8903064
:107B1000D2F8003D23F072032B43C2F8003DD2F8A7
:107B2000303D91F8610023F07B0391F862C023435C
:107B300043EA001391F86000B0FA80F143EACC0305
:107B4000490943EA811330BCC2F8303D704700BF99
:107B50000080F8C083800400F0FEFFFF03681E4A27
:107B600003F58053086810B41C68224002431A6071
:107B70000A7B0C79D203586842EA04328C682243AB
:107B8000164C0440086A22435A604A7BD3F80041ED
:107B900040EA0242124820400243C3F800214A7FD3
:107BA0000C7D1203D3F8040142EA04120C6922434B
:107BB0000C4C044088692243C3F80421D3F80841DF
:107BC0000A7F094940EAC27221405DF8044B0A432A
:107BD000C3F80821704700BFFD87FFFFFE2FFFFF9E
:107BE00000C0FEFFEFEFC0FFFFFFC07F2DE9F04FA9
:107BF000846A934685B08E6800EB840EDEF81830F8
:107C0000DA68002AC0F24A81DEF82C20002A40F00F
:107C10004581D1F800C01CF0040F0CF0100700F0F3
:107C20001181DD681CF0080F4A6A6FF30F0542EA04
:107C300005020568DA60DA6842F48032DA602A6E9A
:107C400042F480122A6619D09A681FFA82F8CA6A2A
:107C500048EA02429A60DA6842F40032DA60DA688E
:107C600022F440280A6B48EA0202DA606A6E42F4A3
:107C700080126A662A6D42F080622A65002F40F009
:107C8000E3801CF0140F00F02981DA6842F0804292
:107C9000DA60BFF35F8FDA6842F00042DA60621C9C
:107CA000032A88BFE21E00EB82039B69DD68002D7A
:107CB000C0F24681D1F800C002250CF010080CF08B
:107CC000040702953568DFF890921D609D6805EA0B
:107CD0000909756849EA05059D60B568002D00F041
:107CE00024812E68DFF874925E609E6806EA0909B6
:107CF0006E6849EA06469E60DE68B8F1000F00F043
:107D0000CF8026F4F00C0E6A4CEAC646DFF850C26B
:107D1000DE60DE6806EA0C0CCE694CEA0606DE6020
:107D2000DE6846F48026DE602FB19F688E6A27F4F5
:107D300040473E439E60DE6846F00056DE60DE68E7
:107D400026F08046DE60BFF35F8FDE6846F00046B7
:107D5000DE600E68B60705D5DF68CE6827F060776D
:107D60003E43DE60D5F80890B9F1000F00F0F180D5
:107D70004FF0000C784D794E4F46DFF8E881DFF880
:107D8000E0A10194CDF80CB019E007EA0A09CF6927
:107D900049EA0707DF60DF6847F48027DF600CF1FE
:107DA000010CBFF35F8FA768DC6844F00044DC601F
:107DB000DC6824F08044DC60002F00F09580DC68F3
:107DC00024F08054DC60531C032B94BF1A46033A02
:107DD00000EB8209D9F81830DC6824F00054DC602C
:107DE000DC68002C41DBD9F82C40002C3DD13C68EC
:107DF0001C609C6804EA05097C6849EA04049C60EC
:107E0000BC6864B327685F609F6807EA0609676813
:107E100049EA07479F60D1F800B0DF681BF0100FF8
:107E2000B3D107EA08094F681BF0010F49EA0707B9
:107E3000DF60B4D0DF6827F440394F6949EA0707AB
:107E4000DF60ACE7002F49D09D688A696FF30D05AC
:107E50002A439A60DA6842F08062DA6011E75C6077
:107E60003C469F6837409F60D5E7029B019C13EB1F
:107E70000C06DEF8182011D00021BFF35F8F651CBF
:107E8000D368033C0131032D23F0004398BF2C46F7
:107E9000D360B14200EB84039A69EED1022041E045
:107EA000DFF8C0801CF0010F06EA08084E6848EAB7
:107EB0000606DE6006D0DE6826F440384E6948EAE1
:107EC0000606DE601CF0200F3FF42EAFDE6826F0C1
:107ED000406C0E694CEA0606DE6025E700270125A6
:107EE0002246B8460295EDE6DDF80CB09968BBF184
:107EF000000F21D041F000419960D96841F08051D4
:107F0000D96000EB8203C16BD9628262EFF3108209
:107F1000012383F31088036C01336344036482F309
:107F20001088002005B0BDE8F08F5D6035469E6882
:107F30006FF31D469E60DFE621F000419960DCE7AB
:107F4000DEF81820BFF35F8FD36823F00043D360BF
:107F5000A4E7CC46CAE700BF00C0FFFFFFFF00C098
:107F60000000FCFF0080FFFFF0B5002383B0054652
:107F70000193D0E91A7607F1120350F8234001A8C3
:107F80002EB12369DBB9F7F7CDFD019BABB9EB6EE1
:107F9000B34210D0BFF35F8FFB1C2A68296903F03E
:107FA000030302F5805203EB430301EBC301C2F864
:107FB0002811C5E91A7603B0F0BD23602361AB6DCB
:107FC0004FF041414FF001425BB9E2607B1C013E42
:107FD000032B88BFFB1E03F112021F4655F82240F7
:107FE000CDE7E160F2E700BFD0F88430102B01D07C
:107FF000012070472022042310B50446C0F88420D5
:10800000C366FFF7B1FF2368402100201A6842F0E1
:1080100002021A601A6842F001021A60D3F8002DB9
:1080200042F00102C3F8002D03F58053D3F8042178
:1080300042F00102C3F80421D3F8082142F0010202
:10804000C3F80821D3F8602142F48172C3F860219B
:10805000C4F8841010BD00BFD0F88420402A01D09D
:108060000120704702680346002002F5805130B4B9
:1080700020241025C3F88440D1F8044124F00104E1
:10808000C1F80441D1F8084124F00104C1F80841C5
:10809000116821F001011160D2F8001D41F00101C9
:1080A000C2F8001D116821F002011160C3F884506C
:1080B00030BC7047F8B50446B1B3D0F88430402BDB
:1080C00001D00120F8BD15460022FFF78FFD20BB2F
:1080D000BFF34F8FA26A531C911D032B54F82160EC
:1080E00088BFD31E2268A362063302F5805254F87B
:1080F0002330C2F82031FEF7A3FE074608E02368CC
:1081000003F58053D3F86021D20414D46B1C1DD125
:10811000F368002BF3DB0020F8BDD4F8883043F07F
:108120000203C4F88830CCE7D0F8883043F001036C
:10813000C0F88830C5E7D4F8882042F00802C4F8B7
:108140008820D3F86031C4F88C30BAE7FEF778FEA7
:10815000C01BA84201D8002DDAD1D4F888304FF0E6
:10816000405243F00403C4F88830F260A9E700BF2E
:108170002DE9F04F044683B0002970D0D0F8843048
:10818000402B62D1D0F85C800F46C36E08F112021A
:10819000C3F1040B50F82250E96800296ADBBBF1F7
:1081A000000F69D04FF0000900F180030197CA4623
:1081B00000932EE0636EEF68EE68C7F30E0716F0CB
:1081C0008056A7EB030702D0EB6801262367BBB2FA
:1081D0002A69009904F17C00F7F7D4FC236E01337F
:1081E0002366636E3B446366C5F810A008F1010383
:1081F00009F10109032B8CBFA8F10308984608F187
:10820000120354F82350EB68002B16DBCB4514D92E
:108210009EB9EB68590003D56B68A3672B68636749
:10822000EB689A0002D4E66F002EDFD0EB689B006B
:10823000C0D50023C4E918AABDE7E36E019F4B44F3
:10824000E3669BB9C4F85C801EB9012003B0BDE8A9
:10825000F08FE26F00233A601846E367F6E7D0F844
:10826000883043F00103C0F88830EEE72046FFF77E
:108270007BFEE7E7002BE8D02046FFF775FEC4F849
:108280005C80E2E770B5044600681D46D0F8003215
:10829000DB0701D5012070BDD0F8003223F07873E0
:1082A00043EA415323F4F81343EA024242F00D0239
:1082B000C0F80022FEF7C4FD064605E0FEF7C0FD4B
:1082C000821BB2F57A7FE5D82168D1F8002212F03E
:1082D0000102F3D1D1F8043210469BB22B6070BD7D
:1082E00038B504460068D0F80052ED0701D50120EA
:1082F00038BDD0F800029DB220F0787343EA4153B4
:108300000F4923F4F813C1F8045243EA024323F05F
:108310000C0343F00503C1F80032FEF791FD05465A
:1083200005E0FEF78DFD431BB3F57A7FDFD82368A8
:10833000D3F8003213F00103F3D1184638BD00BF63
:1083400000800240002900F0C4800368002010B4BF
:108350001C681A6804F00C04C2F3001281F828208B
:108360001A68CC6202F060024A621A6882F4807273
:10837000C2F3002281F820201A68C2F34022CA7793
:108380001A6882F48062C2F380228A771A68C2F384
:10839000C0224A771A68C2F300320A771C681A684A
:1083A00004F4005402F48042C1E905241A68C2F3BF
:1083B00000428A741A6882F40032C2F340424A745E
:1083C0001A6882F40022C2F3C0420A741A68C2F327
:1083D0000052CA731A68C2F340528A731A68C2F311
:1083E00080524A731A68C2F3C0520A731C681A6832
:1083F00004F0E064C2F3C0628C600A711C685A68C1
:1084000004F0E044C2F30D020C604A635A6882F43F
:108410008032C2F3004281F832205A68C2F34042EF
:1084200081F831205A68C2F3804281F830205A68BE
:10843000C2F3006281F838205C68DA68C4F34464EF
:10844000C2F30022CC6381F84020DC681A6F04F08C
:108450000F04C2F340024C6481F854201A6F82F07A
:108460008002C2F3C01281F84C201C6F1A6F04F016
:108470007004120C0C658A64D3F8902002F001029B
:1084800081F85620D3F89020C2F3400281F855209D
:10849000D3F8004DD3F8302D04F0720402F023021B
:1084A000C1E91642D3F8302D5DF8044BC2F3C00287
:1084B00081F86220D3F8302DC2F3001281F86120D8
:1084C000D3F8303D83F04003C3F3801381F860306C
:1084D00070470120704700BF31B108B5D0F8843033
:1084E000102B03D0012008BD01207047FFF77AFA56
:1084F000002008BD38B503680546D3F80042FEF7F2
:108500002DFD124B24F47064984205D844F4007495
:108510002B68C3F8004238BD0D4B984205D244F495
:1085200040742B68C3F8004238BD0A4B9842EFD91B
:10853000094B984202D844F48074E9E7074B98420B
:1085400094BF44F4806444F4A064E1E7BF0E1602D3
:1085500000879303FFE0F5057FD1F0087FB2E60EB8
:10856000002800F01781D0F88430F0B50546A5B09A
:10857000002B00F0AF80884BD3F8F42042F00202C9
:10858000C3F8F420D3F8F430287A03F002030193FF
:10859000019B002840F09480FEF758FC2B687F4A2E
:1085A00003F5805352681A6842F001021A60FEF720
:1085B00047FC064606E0FEF743FC801BB0F5FA7F59
:1085C00000F281802B6803F580531C6814F00104CD
:1085D000F1D128460127FFF78DFFFEF7BFFC704B56
:1085E0002E680BA9A3FB0023284614949B0C8DF83E
:1085F00054408DF86440013B1A948DF88E40C6F8C3
:10860000DC304FF400530D9411934FF4C3638DF895
:10861000307018934FF480338DF85E7012932023DE
:10862000ADF88C7022934FF040538DF83E400B9381
:108630004FF480431F9410935A4B1D940E930223C2
:108640001694219340F201138DF86C40ADF83C3044
:108650008DF882408DF84C70ADF88040ADF85C40EC
:108660001C948DF87870FFF7BDF94FF4001302A940
:1086700028468DF80C70089306934FF40673049700
:108680000A930294ADF814408DF81C40ADF82440D4
:10869000FFF764FA06F58051D1F8003123F4E013B6
:1086A00043F40023C1F800316B6913F0030217D0C3
:1086B000E023C5F88870C5F88430012025B0F0BDEE
:1086C0004FF4000068E70422E023C5F88820C5F8CD
:1086D0008430F2E72023C0F88430F7F779F84AE7CE
:1086E000D1F80801EF686FF34E0007F1600440EA2B
:1086F000430305F11400C1F808313B461A605A6083
:108700009A60DA6040F8043F18339C42F6D12C6935
:108710000323AA6205F14400C1F82C310022C1F8FC
:1087200014712346C1F8207105F154071A601A61CB
:108730005A605A619A60DA6040F8043F874203F158
:108740001803F3D103206B68AA65C5E91722C5E9B0
:108750001A22C1F830010020C1F81C414834C1F888
:1087600028419988C6F800131B680F49C6F80433DE
:10877000D6F80C3719430D4BC6F80C17D6F810175E
:108780000B431021C6F81037C5F88820C5F88410AF
:1087900025B0F0BD01207047004402580004005885
:1087A00083DE1B43000001016000020C00C0200CAE
:1087B00088B1CA687AB130B48C687CB10D696DB18A
:1087C0000346D1E900015A61986000209D61C3E928
:1087D000031430BC70474FF0FF3070474FF0FF304C
:1087E000F7E700BF70B5002382B0446801931CB165
:1087F0000026304602B070BD8368054603B1984735
:10880000202300262B6007E0019B03F01F03A342F7
:1088100015D00134202C0BD06B6901AA12212046FF
:1088200098470028F0DA01346FF00406202CF3D1C9
:108830002B681F2B07D81EB1304602B070BD2C60CC
:1088400001236B60D4E76FF00206D2E730B5002554
:1088500083B04369044601AA012100680195984745
:10886000A8423DDB636901AA0121206898470028DE
:1088700036DB019B5B072AD5636901AA294620687C
:10888000984700282CDB019BDD0414D5636901AAFD
:108890001F2120689847002822DB019BDA041DD5A0
:1088A00003F01C03182B17D0082B13D0142B0BD15B
:1088B000042003B030BD03F40452B2F5045F0BD0C2
:1088C000980407D4D905F3D4052003B030BD0120A6
:1088D00003B030BD0320F8E70220F6E70620F4E7F6
:1088E0006FF00400F1E700BFDFF838D0EFF7D4FAFB
:1088F000EFF7D4FA0C480D490D4A002302E0D45892
:10890000C4500433C4188C42F9D30A4A0A4C0023D9
:1089100001E013600432A242FBD3E9F7D5FFEEF782
:108920005BFF70470000022000000020F0010020E3
:10893000D0110208F001002074810020FEE7000041
:10894000F8B500BFF8BC08BC9E467047F8B500BF3C
:08895000F8BC08BC9E4670470C
:1089580035000000CEFBFFFFCB0300000100000044
:108968000000000034000000CEFBFFFFCB03000036
:108978000100000000000000BC89D897B2D29C3CDE
:1089880033A7A8D523F649393DA7F444FD0FA532EE
:108998009D978CCF08BA5B25436FAC642806681195
:1089A80000000000000000000000000000000000BF
:1089B80000000000000000000000000000000000AF
:1089C800000000000000000000000000000000009F
:1089D80010111213141516171819000000000000C2
:1089E800001A1B1C1D1E1F000000000000000000D4
:1089F800000000000000000000000000000000006F
:108A0800001A1B1C1D1E1F000000000000000000B3
:108A1800000000000000000000000000000000004E
:108A2800000000000000000000000000000000003E
:108A3800000000000000000000000000000000002E
:108A4800000000000000000000000000000000001E
:108A5800000000000000000000000000000000000E
:108A680000000000000000000000000000000000FE
:108A780000000000000000000000000000000000EE
:108A880000000000000000000000000000000000DE
:108A980000000000000000000000000000000000CE
:108AA80000202020202020202020282828282820B6
:108AB80020202020202020202020202020202020AE
:108AC8002088101010101010101010101010101016
:108AD8001004040404040404040404101010101006
:108AE80010104141414141410101010101010101D0
:108AF8000101010101010101010101011010101022
:108B080010104242424242420202020202020202A1
:108B180002020202020202020202020210101010F5
:108B2800200000000000000000000000000000001D
:108B3800000000000000000000000000000000002D
:108B4800000000000000000000000000000000001D
:108B5800000000000000000000000000000000000D
:108B680000000000000000000000000000000000FD
:108B780000000000000000000000000000000000ED
:108B880000000000000000000000000000000000DD
:108B980000000000000000000000000000000000CD
:108BA800000000000000000005000000190000009F
:108BB8007D00000000000000000000000000F03F01
:108BC80000000000000024400000000000005940A0
:108BD8000000000000408F40000000000088C340F3
:108BE80000000000006AF8400000000080842E4168
:108BF80000000000D01263410000000084D79741B4
:108C08000000000065CDCD41000000205FA00242B9
:108C1800000000E876483742000000A2941A6D422E
:108C2800000040E59C30A2420000901EC4BCD64221
:108C380000003426F56B0C430080E03779C34143CC
:108C480000A0D8855734764300C84E676DC1AB4342
:108C5800003D9160E458E143408CB5781DAF154460
:108C680050EFE2D6E41A4B4492D54D06CFF080443B
:108C7800F64AE1C7022DB544B49DD9794378EA4450
:108C8800BC89D897B2D29C3C33A7A8D523F64939DA
:108C98003DA7F444FD0FA5329D978CCF08BA5B25FC
:108CA800436FAC642806C80A0080E03779C34143A3
:108CB800176E05B5B5B89346F5F93FE9034F384D3A
:108CC800321D30F94877825A3CBF737FDD4F1575E6
:108CD8007372632F6D61696E2E6300003D3D3D3DEB
:108CE8003D3D3D3D3D3D3D3D3D3D3D3D3D3D3D3DAC
:108CF8003D3D3D3D3D3D3D3D3D3D3D3D3D3D3D3D9C
:108D08003D3D3D3D0D0A000053544D333248373543
:108D1800335A49204669726D776172650D0A000001
:108D280053797374656D20436C6F636B3A20202010
:108D380020256C7520487A0D0A0000004465766984
:108D480063652049443A20202020202020253038FF
:108D58006C582D2530386C582D2530386C580D0A34
:108D680000000000496E697469616C697A696E6710
:108D780020464443414E312E2E2E0D0A000000009D
:108D88004552524F523A20464443414E20696E693B
:108D980074206661696C65642028737461747573E6
:108DA8003D2564290D0A0000464443414E3120699F
:108DB8006E697469616C697A65642073756363654B
:108DC800737366756C6C790D0A0000002020426987
:108DD8007420726174653A202020202020256C754B
:108DE800206270730D0A0000202053616D706C655D
:108DF80020706F696E743A2020257525250D0A00AC
:108E080020204D6F64653A2020202020202020203B
:108E1800204E6F726D616C0D0A000000496E697416
:108E280069616C697A696E672045746865726E65F8
:108E3800742E2E2E0D0A000045746865726E6574D6
:108E480020696E697469616C697A65640D0A00004D
:108E580054797065202768656C702720666F7220CA
:108E6800617661696C61626C6520636F6D6D616EBE
:108E780064730D0A000000007372632F6273702F11
:108E8800626F6172642E63000D0A55736167653AFB
:108E98002076616C76655F77616C6C5F6B203C76E1
:108EA800616C3E0D0A0000000D0A4661696C65643C
:108EB80020746F207365742077616C6C20737469FB
:108EC80066666E6573730D0A000000004572726F66
:108ED800723A2025730D0A000D0A57616C6C2073D5
:108EE800746966666E657373207365740D0A000095
:108EF8000D0A417661696C61626C6520636F6D6D06
:108F0800616E64733A0D0A0020202573202D2025F8
:108F1800730D0A000D0A55736167653A2076616C16
:108F280076655F77616C6C5F63203C76616C3E0DA3
:108F38000A0000000D0A4661696C656420746F20A0
:108F48007365742077616C6C2064616D70696E67FD
:108F58000D0A00000D0A57616C6C2064616D706920
:108F68006E67207365740D0A000000000D0A5573C2
:108F78006167653A2076616C76655F746F727175AA
:108F8800656C696D6974203C76616C3E0D0A000061
:108F98000D0A4661696C656420746F2073657420DE
:108FA800746F72717565206C696D69740D0A0000C3
:108FB8000D0A546F72717565206C696D6974207340
:108FC80065740D0A000000000D0A4C6F6F70205484
:108FD800696D696E6720446961676E6F7374696350
:108FE800733A0D0A000000004C6F6F7020636F75B4
:108FF8006E743A202020202020202020256C750D1A
:109008000A0000004D696E206C6F6F702074696DE6
:10901800653A202020202020256C752075730D0AC4
:10902800000000004D6178206C6F6F702074696DCE
:10903800653A202020202020256C752075730D0AA4
:1090480000000000417667206C6F6F702074696DB6
:10905800653A202020202020256C752075730D0A84
:109068000000000054696D696E672073616D706C53
:1090780065733A2020202020256C750D0A00000019
:109088000D0A43414E2052582054696D696E67207D
:10909800537461747320284F447269766520456E55
:1090A800636F646572293A0D0A0000005061636BB2
:1090B8006574732052783A20202020202020202018
:1090C800256C750D0A0000004D696E2044656C74AE
:1090D800613A20202020202020202020256C752087
:1090E80075730D0A000000004D61782044656C74AA
:1090F800613A20202020202020202020256C752067
:1091080075730D0A000000004C6173742044656C8F
:1091180074613A202020202020202020256C7520F2
:1091280075730D0A000000000D0A56616C76652003
:1091380073746F707065640D0A0000000D0A566143
:109148006C7665205374617475733A0D0A000000DB
:1091580053746174653A202020202020202020208C
:109168002020202025730D0A00000000506F73692D
:1091780074696F6E3A202020202020202020202093
:10918800252E3366206465670D0A000056656C6FEE
:10919800636974793A202020202020202020202074
:1091A800252E3366207261642F730D0A00000000BB
:1091B800546F727175653A202020202020202020CD
:1091C80020202020252E3366204EC2B76D0D0A00C0
:1091D800546F72717565206C696D69743A2020202E
:1091E80020202020252E3366204EC2B76D0D0A00A0
:1091F800566973636F75732064616D70696E673A41
:1092080020202020252E3366204EC2B76DC2B773AA
:109218002F7261640D0A0000436F756C6F6D6220D8
:109228006672696374696F6E3A202020252E336652
:10923800204EC2B76D0D0A0057616C6C20737469BB
:1092480066666E6573733A2020202020252E3366CB
:10925800204EC2B76D2F7475726E0D0A00000000A3
:1092680057616C6C2064616D70696E673A202020CC
:1092780020202020252E3366204EC2B76DC2B7733A
:109288002F7475726E0D0A005363616C653A202065
:10929800202020202020202020202020252E33665A
:1092A800206465672F7475726E0D0A0045707369C6
:1092B8006C6F6E3A202020202020202020202020A3
:1092C800252E36660D0A0000456E65726779207492
:1092D800616E6B3A2020202020202020252E366623
:1092E800204A0D0A000000004C6F6F702074696DF1
:1092F800653A20202020202020202020256C752061
:1093080075730D0A000000000D0A56616C76652021
:10931800737461727465640D0A0000000D0A466179
:10932800696C656420746F2073746172742076614F
:109338006C76650D0A0000004572726F7220636FCB
:1093480064653A2025640D0A0000000054494D4523
:109358004F55543A204661696C656420746F2072D9
:1093680065616420656E636F6465720D0A000000B4
:109378004552524F523A2056616C7665206E6F7492
:1093880020696E2049444C452073746174650D0A48
:10939800000000004552524F523A204661696C6500
:1093A8006420746F2073657420636F6E74726F6CC1
:1093B8006C6572206D6F64652028746F72717565B5
:1093C80020636F6E74726F6C290D0A004552524FFC
:1093D800523A204F6472697665207265706F7274B4
:1093E800732061786973206572726F720D0A0000CC
:1093F80052756E20276F64726976655F7374617445
:1094080075732720746F20736565206572726F729B
:1094180020636F64650D0A004552524F523A204F3F
:109428006472697665206E6F7420696E20636C6F54
:10943800736564206C6F6F702073746174650D0AB6
:10944800000000004552524F523A204661696C654F
:109458006420746F20656E61626C6520636C6F7345
:109468006564206C6F6F7020636F6E74726F6C0D23
:109478000A0000000D0A55736167653A2076616C31
:1094880076655F7363616C65203C6465672F7475EE
:10949800726E3E0D0A0000000D0A4661696C656433
:1094A80020746F20736574207363616C650D0A0006
:1094B8000D0A5363616C65207365740D0A00000022
:1094C8000D0A56616C766520507265736574733A3F
:1094D8000D0A00000D0A5072657365742025753AEF
:1094E8002025730D0A0000002020546F72717565E5
:1094F800206C696D69743A2020202020252E33665F
:10950800204EC2B76D0D0A00202044656661756C57
:10951800742074726176656C3A202020252E31669D
:10952800206465670D0A00002020566973636F7513
:10953800732064616D70696E673A2020252E33664A
:10954800204EC2B76DC2B7732F7261640D0A000056
:109558002020436F756C6F6D622066726963746951
:109568006F6E3A20252E3366204EC2B76D0D0A0065
:10957800202057616C6C2073746966666E6573731E
:109588003A202020252E3366204EC2B76D2F7475E1
:10959800726E0D0A00000000202057616C6C206478
:1095A800616D70696E673A2020202020252E336671
:1095B800204EC2B76DC2B7732F7475726E0D0A0054
:1095C8002020536D6F6F7468696E67206570733AF9
:1095D80020202020252E36660D0A00000D0A55731E
:1095E8006167653A2076616C76655F707265736550
:1095F800745F73617665203C7072657365745F692A
:1096080064783E0D0A0000000D0A4552524F523A46
:1096180020496E76616C6964207072657365742088
:10962800286D75737420626520302D33290D0A006A
:109638000D0A43757272656E7420636F6E66696792
:109648002073617665642061732070726573657438
:109658000D0A00000D0A4661696C656420746F206C
:1096680073617665207072657365740D0A00000079
:109678000D0A55736167653A2076616C76655F708F
:109688007265736574203C7072657365745F696494
:10969800783E0D0A00000000202030203D206C6933
:1096A8006768742028627574746572666C792F66B1
:1096B8006175636574290D0A0000000020203120BF
:1096C8003D206D656469756D202862616C6C20763B
:1096D800616C7665290D0A00202032203D206865DE
:1096E8006176792028676174652076616C766529D2
:1096F8000D0A0000202033203D20696E64757374C4
:109708007269616C2028676C6F62652F67617329C5
:109718000D0A00000D0A56616C766520707265733B
:109728006574206C6F616465640D0A000D0A4661FA
:10973800696C656420746F206C6F61642070726559
:109748007365740D0A0000000D0A55736167653A68
:109758002076616C76655F6672696374696F6E20E6
:109768003C76616C3E0D0A000D0A4661696C6564C1
:1097780020746F20736574206672696374696F6EF4
:109788000D0A00000D0A436F756C6F6D62206672DA
:10979800696374696F6E207365740D0A00000000B8
:1097A8000D0A55736167653A2076616C76655F6569
:1097B8007073696C6F6E203C76616C3E0D0A000018
:1097C8000D0A4661696C656420746F2073657420A6
:1097D800657073696C6F6E0D0A0000000D0A536D99
:1097E8006F6F7468696E6720657073696C6F6E203F
:1097F8007365740D0A0000000D0A50617373697671
:1098080069747920456E657267792054616E6B3A88
:1098180020252E3666204A0D0A0000000D0A5573D1
:109828006167653A2076616C76655F64616D706921
:109838006E67203C76616C3E0D0A00000D0A466199
:10984800696C656420746F207365742064616D7041
:10985800696E670D0A0000000D0A566973636F751B
:10986800732064616D70696E67207365740D0A00FA
:109878000D0A55736167653A2070696E67203C6907
:10988800705F616464726573733E0D0A00000000C6
:109898000D0A50696E6720696E6974696174656440
:1098A8000D0A00000D0A4661696C656420746F201A
:1098B800696E6974696174652070696E670D0A0064
:1098C8000D0A55736167653A206F64726976655F42
:1098D80076656C6F63697479203C76656C5F747526
:1098E800726E735F733E0D0A000000000D0A4F444C
:1098F800726976652076656C6F6369747920736523
:109908007420746F20252E3366207475726E732F41
:10991800730D0A000D0A4661696C656420746F2036
:10992800736574204F44726976652076656C6F6341
:109938006974790D0A0000000D0A55736167653A6C
:10994800206F64726976655F746F72717565203C0B
:10995800746F727175655F6E6D3E0D0A00000000D0
:109968000D0A4F447269766520746F7271756520AF
:1099780073657420746F20252E3366204EC2B76D30
:109988000D0A00000D0A4661696C656420746F2039
:10999800736574204F447269766520746F727175AF
:1099A800650D0A000D0A4661696C656420746F20B4
:1099B800676574204F4472697665207374617475A5
:1099C800730D0A000D0A4F4472697665205374615D
:1099D8007475733A0D0A00004178697320657272D4
:1099E8006F723A2020202020202020203078253037
:1099F800386C580D0A00000041786973207374614F
:109A080074653A202020202020202020307825301E
:109A180032580D0A000000004D6F746F7220666C9A
:109A28006167733A202020202020202030782530BC
:109A380032580D0A00000000456E636F646572209D
:109A4800666C6167733A202020202020307825300A
:109A580032580D0A00000000436F6E74726F6C6C10
:109A68006572207374617475733A202030782530DC
:109A780032580D0A000000000D0A55736167653AF7
:109A8800206F64726976655F706F736974696F6E51
:109A9800203C706F735F7475726E733E0D0A000020
:109AA8000D0A4F447269766520706F736974696F27
:109AB8006E2073657420746F20252E3366207475AC
:109AC800726E730D0A0000000D0A4661696C6564C8
:109AD80020746F20736574204F4472697665207016
:109AE8006F736974696F6E0D0A0000000D0A557373
:109AF8006167653A206F64726976655F706F735F3E
:109B08006761696E203C6B703E0D0A000D0A4F4478
:109B18007269766520706F736974696F6E2067610A
:109B2800696E2073657420746F20252E33660D0AC4
:109B3800000000000D0A4661696C656420746F209E
:109B480073657420706F736974696F6E20676169DB
:109B58006E0D0A00756E6B6E6F776E000D0A557389
:109B68006167653A206F64726976655F6D6F6465D9
:109B7800203C6D6F64653E0D0A00000020203020F7
:109B88003D20766F6C7461676520636F6E74726FC9
:109B98006C0D0A00202031203D20746F72717565AC
:109BA80020636F6E74726F6C0D0A000020203220E3
:109BB8003D2076656C6F6369747920636F6E74728B
:109BC8006F6C0D0A00000000202033203D20706FCC
:109BD800736974696F6E20636F6E74726F6C0D0AAF
:109BE800000000000D0A4552524F523A20496E7645
:109BF800616C6964206D6F646520286D75737420CD
:109C0800626520302D33290D0A0000000D0A4F44EB
:109C180072697665206D6F64652073657420746F52
:109C280020257320636F6E74726F6C0D0A0000003C
:109C38000D0A4661696C656420746F207365742031
:109C48004F4472697665206D6F64650D0A000000E7
:109C58000D0A5374617274696E67204F4472697695
:109C6800652063616C6962726174696F6E2E2E2E55
:109C78000D0A00004F44726976652063616C696261
:109C8800726174696F6E20636F6D706C6574650DB9
:109C98000A0000004F44726976652063616C69624E
:109CA800726174696F6E206661696C65640D0A0083
:109CB800594553004E4F00000D0A4E564D204E6533
:109CC80074776F726B20436F6E6669672053746197
:109CD8007475733A0D0A00004C6F616465643A202C
:109CE80025730D0A000000000D0A52617720466CAA
:109CF80061736820446174613A0D0A004D616769B7
:109D0800633A2030782530386C580D0A000000007E
:109D180056657273696F6E3A20256C750D0A0000DE
:109D2800436865636B73756D3A2030782530386CFD
:109D3800580D0A0049503A20252E3136730D0A0075
:109D48004E65746D61736B3A20252E3136730D0A9A
:109D580000000000476174657761793A20252E314B
:109D680036730D0A000000000D0A4C6F61646564CB
:109D780020436F6E6669673A0D0A00004D61676996
:109D8800633A2030782530386C582028657870651B
:109D9800637465642030782530386C58290D0A00C2
:109DA80056657273696F6E3A20256C752028657840
:109DB80070656374656420256C75290D0A000000C0
:109DC800457870656374656420436865636B737573
:109DD8006D3A2030782530386C580D0A00000000A4
:109DE80056616C69643A2025730D0A0052656173E7
:109DF8006F6E3A204C6F6164206661696C65640D12
:109E08000A00000052554E4E494E470053544F50D9
:109E180050454400656E61626C65640064697361F5
:109E2800626C6564000000000D0A55736167653A4D
:109E38002068747470207374617274207C20737449
:109E48006F70207C20737461747573207C206C6F34
:109E580067206F6E7C6F66660D0A0000737461720E
:109E6800740000000D0A48545450207365727665DA
:109E78007220737461727465642028706F72742024
:109E880038303830290D0A000D0A4661696C65645E
:109E980020746F2073746172742048545450207376
:109EA80065727665720D0A000D0A48545450207385
:109EB80065727665722073746F707065640D0A0040
:109EC8000D0A4661696C656420746F2073746F7045
:109ED8002048545450207365727665720D0A00004C
:109EE8000D0A48545450207365727665723A2025DD
:109EF800730D0A000D0A4661696C656420746F2051
:109F08006765742048545450207374617475730DD8
:109F18000A0000006C6F67000D0A55736167653AA7
:109F28002068747470206C6F67206F6E7C6F666633
:109F38000D0A00000D0A48545450206C6F67676979
:109F48006E672025730D0A000D0A4661696C656409
:109F580020746F207365742048545450206C6F67C8
:109F680067696E670D0A000055500000444F574E50
:109F7800000000000D0A4661696C656420746F205A
:109F8800676574206E6574776F726B20696E666F93
:109F98000D0A00000D0A45746865726E65742053D9
:109FA80074617475733A0D0A000000004D41432036
:109FB800616464726573733A202020202020202574
:109FC800730D0A00495020616464726573733A2006
:109FD8002020202020202025730D0A005375626E52
:109FE8006574206D61736B3A202020202020202585
:109FF800730D0A00476174657761793A2020202043
:10A008002020202020202025730D0A004C696E6B2B
:10A01800207374617475733A202020202020202535
:10A02800730D0A00496E7465726661636520737406
:10A03800617475733A202025730D0A000D0A557353
:10A048006167653A206574685F73747265616D2035
:10A058007374617274205B696E74657276616C5F8B
:10A068006D735D207C2073746F700D0A0000000012
:10A078000D0A45746865726E657420737472656143
:10A088006D696E6720737461727465642028706FDF
:10A0980072742038383838290D0A00000D0A4661D4
:10A0A800696C656420746F207374617274204574E0
:10A0B8006865726E65742073747265616D696E6728
:10A0C8000D0A00000D0A45746865726E6574207388
:10A0D800747265616D696E672073746F7070656402
:10A0E8000D0A00000D0A4661696C656420746F20D2
:10A0F80073746F702045746865726E65742073742C
:10A108007265616D696E670D0A0000000D0A46618F
:10A11800696C656420746F20726561642074656C75
:10A12800656D657472790D0A000000000D0A4F44D0
:10A13800726976652054656C656D657472793A0D3F
:10A148000A00000042757320766F6C746167653A87
:10A158002020252E326620560D0A000042757320F5
:10A1680063757272656E743A2020252E326620411E
:10A178000D0A00004645542074656D703A20202071
:10A188002020252E316620C2B0430D0A00000000B1
:10A198004D6F746F722074656D703A202020252EE3
:10A1A800316620C2B0430D0A000000000D0A466166
:10A1B800696C656420746F206765742043414E2084
:10A1C8007374617475730D0A000000000D0A434131
:10A1D8004E20427573205374617475733A0D0A00EA
:10A1E800545820636F756E743A2020202020202058
:10A1F80020256C750D0A0000525820636F756E7427
:10A208003A2020202020202020256C750D0A0000EF
:10A218004572726F7220636F756E743A2020202029
:10A2280020256C750D0A00004C61737420657272EC
:10A238006F7220636F64653A2030782530386C5827
:10A248000D0A00000D0A4661696C656420746F2070
:10A258007265616420656E636F6465720D0A000043
:10A268000D0A456E636F64657220446174613A0D2E
:10A278000A000000506F736974696F6E3A202025D8
:10A288002E3666207475726E730D0A0056656C6FF3
:10A29800636974793A2020252E3666207475726EAB
:10A2A800732F730D0A0000000D0A4E6F206861724B
:10A2B80064206661756C742063617074757265647E
:10A2C8000D0A00000D0A3D3D3D204C617374204885
:10A2D800617264204661756C74203D3D3D0D0A0035
:10A2E80050433D30782530386C58204C523D3078FA
:10A2F8002530386C58205053523D30782530386C12
:10A30800580D0A00434653523D30782530386C5872
:10A3180020484653523D30782530386C58204D4DF2
:10A328004641523D30782530386C582042464152DB
:10A338003D30782530386C580D0A000052303D30D9
:10A34800782530386C582052313D30782530386CBB
:10A35800582052323D30782530386C582052333DE1
:10A3680030782530386C58205231323D30782530DD
:10A37800386C580D0A0000000D0A55736167653A7C
:10A38800207365746970203C69703E203C6E65746A
:10A398006D61736B3E203C676174657761793E0D32
:10A3A8000A0000004578616D706C653A2073657429
:10A3B8006970203139322E3136382E312E31303015
:10A3C800203235352E3235352E3235352E30203186
:10A3D80039322E3136382E312E310D0A0000000068
:10A3E8000D0A495020636F6E6669677572617469FA
:10A3F8006F6E20757064617465640D0A000000005A
:10A408004E65772049503A2025730D0A0000000058
:10A418004E6577204E65746D61736B3A2025730D18
:10A428000A0000004E657720476174657761793AC4
:10A438002025730D0A0000004E6F74653A204368AA
:10A44800616E6765732074616B6520656666656318
:10A458007420696D6D6564696174656C79206275D5
:10A4680074206D61792072657175697265206E65F9
:10A4780074776F726B20726573746172740D0A0061
:10A488000D0A4661696C656420746F2073657420D9
:10A49800495020636F6E66696775726174696F6E83
:10A4A8000D0A00000D0A55736167653A206F6472E2
:10A4B8006976655F76656C5F6761696E73203C6B72
:10A4C800703E203C6B693E0D0A0000000D0A4F44A7
:10A4D800726976652076656C6F6369747920676147
:10A4E800696E732073657420286B703D252E336662
:10A4F8002C206B693D252E3366290D0A00000000CB
:10A508000D0A4661696C656420746F207365742058
:10A5180076656C6F63697479206761696E730D0A7B
:10A52800000000000D0A55736167653A206F647278
:10A538006976655F6C696D697473203C76656C5FDC
:10A548006C696D69743E203C63757272656E745FE8
:10A558006C696D69743E0D0A000000000D0A4F44D5
:10A5680072697665206C696D697473207365740D02
:10A578000A0000000D0A4661696C656420746F204A
:10A58800736574204F4472697665206C696D6974CF
:10A59800730D0A000D0A4F44726976652065727260
:10A5A8006F727320636C65617265640D0A00000048
:10A5B8000D0A4661696C656420746F20636C65617F
:10A5C80072204F4472697665206572726F72730DDE
:10A5D8000A0000000D0A4F447269766520646973A9
:10A5E80061626C65640D0A000D0A4661696C6564F8
:10A5F80020746F2064697361626C65204F447269CE
:10A6080076650D0A000000000D0A4F4472697665F0
:10A6180020656E61626C65640D0A00000D0A466172
:10A62800696C656420746F20656E61626C65204F8B
:10A6380044726976650D0A000D0A4F4472697665A1
:10A6480020656D657267656E63792073746F70201D
:10A658007472696767657265640D0A000D0A466160
:10A66800696C656420746F2074726967676572200D
:10A67800656D657267656E63792073746F700D0A16
:10A68800000000000D0A4F44726976652070696EFB
:10A6980067207375636365737366756C0D0A0000D4
:10A6A8000D0A4F44726976652070696E672066618D
:10A6B800696C65640D0A00006F64726976655F7085
:10A6C8006F736974696F6E000D0A3E200000000008
:10A6D800200900000D0A556E6B6E6F776E20636F50
:10A6E8006D6D616E643A2025730D0A00082008001C
:10A6F800766F6C746167650063616E5F656E636F2A
:10A7080064657200526561642043414E20656E6342
:10A718006F64657220706F736974696F6E20616E03
:10A72800642076656C6F63697479000063616E5F9D
:10A73800737461747573000053686F772043414EDA
:10A7480020627573207374617475730063616E5F42
:10A7580074656C656D65747279000000526561649A
:10A768002043414E2062757320766F6C7461676573
:10A778002C2063757272656E742C20616E6420746F
:10A78800656D706572617475726573006574685F74
:10A7980073747265616D000053746172742F737401
:10A7A8006F702045746865726E65742064617461A9
:10A7B8002073747265616D696E672028706F72749A
:10A7C80020383838382900006574687374617475E6
:10A7D8007300000053686F772045746865726E6572
:10A7E800742073746174757320616E6420636F6E76
:10A7F80066696775726174696F6E00006661756C71
:10A80800745F6C617374000053686F77206C6173B8
:10A818007420636170747572656420686172642065
:10A828006661756C7420726567697374657273000C
:10A8380068656C700000000053686F772074686961
:10A84800732068656C700000687474700000000004
:10A85800485454502073657276657220636F6E7425
:10A86800726F6C202873746172742F73746F702FF9
:10A878007374617475732F6C6F6729006E766D5FE2
:10A88800737461747573000053686F77204E564D6A
:10A89800206E6574776F726B20636F6E66696720D0
:10A8A80073746174757300006F64726976655F63B1
:10A8B800616C6962726174650000000043616C69D3
:10A8C8006272617465204F4472697665206D6F7499
:10A8D8006F7220616E6420656E636F64657200003C
:10A8E8006F64726976655F636C6561720000000071
:10A8F800436C656172204F44726976652065727297
:10A908006F7273006F64726976655F646973616200
:10A918006C65000044697361626C65204F4472691C
:10A928007665202869646C65206D6F646529000070
:10A938006F64726976655F656E61626C65000000C0
:10A94800456E61626C65204F447269766520636C60
:10A958006F736564206C6F6F7020636F6E74726FB5
:10A968006C0000006F64726976655F6573746F7060
:10A9780000000000456D657267656E637920737429
:10A988006F70204F44726976650000006F647269C9
:10A9980076655F6C696D6974730000005365742097
:10A9A8004F44726976652076656C6F6369747920A7
:10A9B800616E642063757272656E74206C696D696E
:10A9C800747300006F64726976655F6D6F6465000B
:10A9D800536574204F447269766520636F6E747294
:10A9E8006F6C6C6572206D6F64652028303D766FE2
:10A9F8006C746167652C20313D746F727175652CBC
:10AA080020323D76656C6F636974792C20333D7014
:10AA18006F736974696F6E29000000006F64726952
:10AA280076655F706F735F6761696E005365742048
:10AA38004F447269766520706F736974696F6E2010
:10AA48006761696E20284B70290000006F64726985
:10AA580076655F76656C5F6761696E7300000000FC
:10AA6800536574204F44726976652076656C6F6310
:10AA7800697479206761696E7320284B702C204BAC
:10AA8800692900006F64726976655F70696E670096
:10AA980050696E67204F447269766520746F206331
:10AAA8006865636B20636F6E6E656374697669743D
:10AAB80079000000536574204F44726976652070F0
:10AAC8006F736974696F6E20636F6D6D616E64007A
:10AAD8006F64726976655F737461747573000000E2
:10AAE80053686F77204F4472697665207374617478
:10AAF800757300006F64726976655F746F72717543
:10AB080065000000536574204F44726976652074AF
:10AB18006F7271756520636F6D6D616E6400000002
:10AB28006F64726976655F76656C6F6369747900C6
:10AB3800536574204F44726976652076656C6F633F
:10AB480069747920636F6D6D616E640050696E671A
:10AB580020616E20495020616464726573732074AB
:10AB68006F2074657374206E6574776F726B2063E1
:10AB78006F6E6E656374697669747900736574695C
:10AB88007000000053657420737461746963204910
:10AB98005020616464726573732C207375626E65EE
:10ABA80074206D61736B2C20616E6420676174651D
:10ABB8007761790076616C76655F64616D70696E46
:10ABC8006700000053657420766973636F7573209E
:10ABD80064616D70696E6720284EC2B76DC2B77325
:10ABE8002F7261642900000076616C76655F656E7E
:10ABF800657267790000000053686F772070617391
:10AC080073697669747920656E65726779207461F5
:10AC18006E6B2073746174757300000076616C76D6
:10AC2800655F657073696C6F6E0000005365742012
:10AC3800736D6F6F7468696E6720657073696C6F88
:10AC48006E00000076616C76655F66726963746990
:10AC58006F6E000053657420436F756C6F6D6220D2
:10AC68006672696374696F6E20284EC2B76D2900D9
:10AC780076616C76655F70726573657400000000BC
:10AC88004C6F616420612076616C76652070726516
:10AC980073657420636F6E66696775726174696F36
:10ACA8006E00000076616C76655F7072657365741E
:10ACB8005F73617665000000536176652063757285
:10ACC80072656E7420636F6E666967757261746908
:10ACD8006F6E2061732070726573657400000000E8
:10ACE80076616C76655F7072657365745F73686FA3
:10ACF8007700000053686F7720616C6C2076616C78
:10AD08007665207072657365747320616E64207453
:10AD18006865697220706172616D6574657273002F
:10AD280076616C76655F7363616C6500536574204A
:10AD38006D656368616E6963616C206465677265DF
:10AD480065732070657220656E636F646572207428
:10AD580075726E0076616C76655F737461727400EB
:10AD680053746172742076616C766520636F6E74BB
:10AD7800726F6C0076616C76655F7374617475735D
:10AD88000000000053686F772076616C7665207349
:10AD9800746174757300000076616C76655F737416
:10ADA8006F70000053746F702076616C7665206355
:10ADB8006F6E74726F6C000076616C76655F746993
:10ADC8006D696E670000000053686F77206C6F6FC5
:10ADD800702074696D696E6720646961676E6F734E
:10ADE800746963730000000076616C76655F746F48
:10ADF800727175656C696D69740000005365742023
:10AE0800746F72717565206C696D697420284EC203
:10AE1800B76D290076616C76655F77616C6C5F63EE
:10AE2800000000005365742077616C6C2064616DCC
:10AE380070696E6720284EC2B76DC2B7732F7475DC
:10AE4800726E290076616C76655F77616C6C5F6BFA
:10AE5800000000005365742077616C6C207374697E
:10AE680066666E65737320284EC2B76D2F7475724F
:10AE78006E2900000D0A2A2A2A20484152442046F9
:10AE880041554C54202A2A2A0D0A0000537973741C
:10AE9800656D2068616C7465642E204379636C6508
:10AEA80020726573657420746F20636F6E74696EA9
:10AEB80075652E0D0A0000000D0A45746865726EEE
:10AEC8006574206C696E6B2075700D0A00000000B7
:10AED8000D0A45746865726E6574206C696E6B2026
:10AEE800646F776E0D0A00000D0A4C6F616465642B
:10AEF800206E6574776F726B20636F6E666967206A
:10AF080066726F6D204E564D0D0A00000D0A4E56A2
:10AF18004D20636865636B73756D206D69736D6132
:10AF28007463680D0A0000000D0A4E564D206C6FC0
:10AF38006164206661696C65640D0A000D0A5573C9
:10AF4800696E672064656661756C74206E657477D8
:10AF58006F726B20636F6E6669670D0A00000000F0
:10AF68000D0A45746865726E6574206C696E6B2095
:10AF7800646F776E2028504859206E6F7420636F75
:10AF88006E6E6563746564290D0A00000D0A5B45E1
:10AF980054485F53545245414D5D20736C6F742083
:10AFA800256C642073656E64206572726F7220254B
:10AFB800640D0A000D0A5B4554485F5354524541DD
:10AFC8004D5D20636C69656E7420256C642064692E
:10AFD80073636F6E6E656374656420282573290D2D
:10AFE8000A0000006C774950206572726F72000089
:10AFF8000D0A5B4554485F53545245414D5D2061ED
:10B008006363657074206572726F722025640D0A1F
:10B01800000000000D0A5B4554485F5354524541F7
:10B028004D5D20636C69656E7420256C7520636FB7
:10B038006E6E65637465642066726F6D2025733A61
:10B0480025750D0A000000007B2273747265616D1E
:10B05800223A2276616C7665222C226D65737361C3
:10B068006765223A22636F6E6E6563746564222C8D
:10B0780022696E74657276616C5F6D73223A256C15
:10B08800757D0A000D0A5B4554485F53545245418B
:10B098004D5D2068656C6C6F206D657373616765C5
:10B0A800206E6F74206E756C6C2D7465726D696E90
:10B0B800617465640D0A00007B2273747265616DAA
:10B0C800220000000D0A5B4554485F535452454125
:10B0D8004D5D2068656C6C6F206D65737361676585
:10B0E8002073747275637475726520696E76616C0D
:10B0F80069640D0A000000000D0A5B4554485F535F
:10B10800545245414D5D206E6F206672656520631F
:10B118006C69656E7420736C6F74730D0A0000009F
:10B1280072656D6F746520636C6F736564000000F1
:10B13800696E74657276616C2000000073796E63C5
:10B14800000000007B2273796E63223A226F6B2223
:10B158002C22745F7573223A25732C227365712231
:10B168003A256C752C2274696D657374616D705F16
:10B178006D73223A256C752C22746F6B656E223ABA
:10B18800222573227D0A00007B2273796E63223A9E
:10B19800226F6B222C22745F7573223A25732C223E
:10B1A800736571223A256C752C2274696D65737408
:10B1B800616D705F6D73223A256C757D0A00000021
:10B1C8000D0A5B4554485F53545245414D5D207309
:10B1D800796E6320726573706F6E7365206E6F741D
:10B1E800206E756C6C2D7465726D696E6174656422
:10B1F8000D0A00007B2273796E6322000D0A5B45FD
:10B2080054485F53545245414D5D2073796E632015
:10B21800726573706F6E736520737472756374757D
:10B22800726520696E76616C69640D0A0000000021
:10B238004552524F5200000049444C45000000005E
:10B248004E4F5F4441544100747275650000000020
:10B2580066616C73650000000D0A5B4554485F53D6
:10B26800545245414D5D207761726E696E673A2090
:10B27800696E76616C69642073616D706C652028F5
:10B288004E614E206F72206F766572666C6F7729FB
:10B298000D0A00007B2274696D657374616D705FBF
:10B2A8006D73223A256C752C22745F7573223A25CA
:10B2B800732C226C6F6F705F74696D655F75732294
:10B2C8003A256C752C22736571223A256C752C22EF
:10B2D800706F736974696F6E5F7475726E73223AFA
:10B2E800256C642E2530336C642C22706F7369745E
:10B2F800696F6E5F646567223A256C642E2530316C
:10B308006C642C22746F727175655F6E6D223A25BC
:10B318006C642E2530336C642C2266696C745F74FF
:10B328006F727175655F6E6D223A256C642E2530DB
:10B33800336C642C22737461747573223A222573FA
:10B34800222C226F6D6567615F7261645F73223AB8
:10B35800256C642E2530336C642C227061737369FC
:10B36800766974795F6D6A223A256C642C2271754E
:10B37800696574223A25732C22657272223A256C0B
:10B38800752C2268625F616765223A256C752C22EC
:10B39800646174615F76616C6964223A25737D0A21
:10B3A800000000000D0A5B4554485F535452454164
:10B3B8004D5D204A534F4E20736E7072696E7466ED
:10B3C800206572726F720D0A000000000D0A5B455D
:10B3D80054485F53545245414D5D204A534F4E20C7
:10B3E800627566666572206F766572666C6F770D3A
:10B3F8000A0000000D0A5B4554485F53545245410A
:10B408004D5D204A534F4E206E6F74206E756C6CE4
:10B418002D7465726D696E617465640D0A000000B3
:10B428000D0A5B4554485F53545245414D5D204ACF
:10B43800534F4E2073747275637475726520696E0C
:10B4480076616C69640D0A00636F6E6E656374697A
:10B458006F6E206C6F7374000D0A5B4554485F5320
:10B46800545245414D5D2073657276657220616C5A
:10B4780072656164792072756E6E696E670D0A0077
:10B488000D0A5B4554485F53545245414D5D206653
:10B4980061696C656420746F2063726561746520EE
:10B4A8005043420D0A0000000D0A5B4554485F53A3
:10B4B800545245414D5D207463705F62696E64202B
:10B4C8006661696C65640D0A000000000D0A5B4541
:10B4D80054485F53545245414D5D207463705F6C0E
:10B4E800697374656E206661696C65640D0A000095
:10B4F8000D0A5B4554485F53545245414D5D2073D6
:10B5080065727665722073746172746564206F6EFB
:10B5180020706F72742025642028696E74657276B5
:10B52800616C20256C75206D73290D0A00000000E0
:10B538007365727665722073746F70000D0A5B45CF
:10B5480054485F53545245414D5D2073657276658A
:10B55800722073746F707065640D0A00496E7465AB
:10B56800726E616C20536572766572204572726FD7
:10B578007200000042616420526571756573740041
:10B588004E6F7420466F756E640000007B227374E2
:10B5980061747573223A226572726F72222C226569
:10B5A80072726F72223A222573227D0048545450D9
:10B5B8002F312E312025642025730D0A436F6E74B8
:10B5C800656E742D547970653A2025730D0A436FA2
:10B5D8006E74656E742D4C656E6774683A202564C8
:10B5E8000D0A436F6E6E656374696F6E3A20636C03
:10B5F8006F73650D0A4163636573732D436F6E74D2
:10B60800726F6C2D416C6C6F772D4F726967696E24
:10B618003A202A0D0A0D0A006170706C6963617422
:10B62800696F6E2F6A736F6E0000000074696D6534
:10B638006F757400726571756573745F746F6F5F91
:10B648006C61726765000000504F535400000000A1
:10B65800436F6E74656E742D4C656E677468000078
:10B66800582D4150492D4B6579000000636F6E7469
:10B67800656E745F6C656E6774685F726571756915
:10B68800726564006261645F7265717565737400E8
:10B698002F6170692F00000073746576652D7661DF
:10B6A8006C76652D32303235000000004854545015
:10B6B8002F312E312034303120556E617574686F0A
:10B6C80072697A65640D0A436F6E74656E742D54E1
:10B6D8007970653A206170706C69636174696F6E26
:10B6E8002F6A736F6E0D0A436F6E74656E742D4CFE
:10B6F800656E6774683A2025640D0A5757572D41BF
:10B70800757468656E7469636174653A20582D4173
:10B7180050492D4B65790D0A436F6E6E65637469E8
:10B728006F6E3A20636C6F73650D0A0D0A00000096
:10B738007B22737461747573223A226572726F7218
:10B74800222C226572726F72223A22756E617574AC
:10B75800686F72697A6564227D0000005B48545402
:10B76800505D2025732025730D0A000047455400BD
:10B778002F6170692F76312F636F6E6669670000DD
:10B788002F6170692F76312F73746174757300009F
:10B798002F6170692F76312F70726573657473002D
:10B7A8002F6170692F76312F6F647269766500009A
:10B7B8002F6170692F76312F63616E002F61706978
:10B7C8002F76312F73747265616D00006E6F745F30
:10B7D800666F756E640000006D697373696E675FEC
:10B7E800626F6479000000002F6170692F76312F35
:10B7F800636F6E74726F6C00756E737570706F72B4
:10B808007465645F6D6574686F6400005B485454C8
:10B81800505D204661696C656420746F20637265B1
:10B82800617465205043420D0A0000005B4854547F
:10B83800505D2042696E64206661696C65643A20D7
:10B8480025640D0A000000005B485454505D2053E5
:10B8580065727665722073746172746564206F6EA8
:10B8680020706F72742025640D0A00005B485454E0
:10B87800505D205365727665722073746F707065C1
:10B88800640D0A004F4B00002D256C642E25302ACC
:10B8980075000000256C642E25302A750000000014
:10B8A8005B524553545D205761726E696E673A204A
:10B8B800507265736574207361766520746F204ECD
:10B8C800564D206661696C656420616674657220F6
:10B8D80073656E64696E6720726573706F6E7365E9
:10B8E8000D0A0000746578742F68746D6C00000090
:10B8F80076616C76655F756E696E697469616C698D
:10B908007A6564007B22636C6F7365645F706F7324
:10B91800223A25732C226F70656E5F706F73223A1E
:10B9280025732C22766973636F7573223A25732CFD
:10B9380022636F756C6F6D62223A25732C227761D2
:10B948006C6C5F73746966666E657373223A2573EF
:10B958002C2277616C6C5F64616D70696E67223A46
:10B9680025732C22736D6F6F7468696E67223A2590
:10B97800732C22746F727175655F6C696D697422BE
:10B988003A25737D000000007B22706F735F646549
:10B9980067223A25732C2276656C5F7261645F7347
:10B9A800223A25732C22746F727175655F6E6D2251
:10B9B8003A25732C22737461747573223A25642CAA
:10B9C8002274656D705F666574223A25732C227443
:10B9D800656D705F6D6F746F72223A25732C2262E9
:10B9E80075735F766F6C74616765223A25732C22D4
:10B9F800736166657479223A7B226572726F72731D
:10BA0800223A256C752C226C6173745F6572726FB3
:10BA180072223A256C752C226573746F7073223A02
:10BA2800256C757D7D000000696E76616C69645FC8
:10BA380072657175657374006A736F6E5F70617299
:10BA480073655F6572726F72000000006E6F5F66EB
:10BA580069656C6473000000726F6F745F6E6F7459
:10BA68005F6F626A656374006D616C666F726D65A5
:10BA7800645F6A736F6E0000696E76616C69645FFB
:10BA8800766973636F757300696E76616C69645F5C
:10BA9800636F756C6F6D6200696E76616C69645F67
:10BAA80077616C6C5F73746966666E6573730000AA
:10BAB800696E76616C69645F77616C6C5F64616DF7
:10BAC80070696E6700000000696E76616C69645F7A
:10BAD800736D6F6F7468696E67000000696E7661D8
:10BAE8006C69645F746F727175650000696E766168
:10BAF8006C69645F74726176656C0000696E76616A
:10BB08006C69645F6F70656E5F706F730000000032
:10BB1800696E76616C69645F636C6F7365645F708E
:10BB28006F730000636F6E6669675F757064617438
:10BB3800655F6661696C6564000000007B22737450
:10BB480061747573223A226F6B222C226D61736BBC
:10BB5800223A25757D00000072756E6E696E670069
:10BB680069646C65000000006E6F5F636F6E7472CD
:10BB78006F6C5F616374696F6E000000696E766157
:10BB88006C69645F616374696F6E0000756E7375CC
:10BB980070706F727465645F616374696F6E0000C2
:10BBA800696E76616C69645F7072657365740000B4
:10BBB800696E76616C69645F7072657365745F69DC
:10BBC8006E646578000000007072657365745F6963
:10BBD8006E76616C696400007072657365745F6687
:10BBE80061696C656400000073746172745F6661FA
:10BBF800696C6564000000007B227374617475735E
:10BC0800223A226F6B222C226D6F6465223A22251C
:10BC180073222C227072657365745F6170706C6931
:10BC28006564223A25737D002C0000007B22696E32
:10BC3800646578223A256C752C226E616D65223A0E
:10BC4800222573222C22766973636F7573223A2535
:10BC5800732C22636F756C6F6D62223A25732C22E8
:10BC680077616C6C5F73746966666E657373223A8C
:10BC780025732C2277616C6C5F64616D70696E67E7
:10BC8800223A25732C2274726176656C223A2573E8
:10BC98002C22746F727175655F6C696D6974223AD4
:10BCA80025732C22736D6F6F7468696E67223A254D
:10BCB800737D257300000000726573706F6E736585
:10BCC8005F6F766572666C6F770000005D0000003C
:10BCD800696E76616C69645F696E646578000000FE
:10BCE800696E76616C69645F6E616D650000000065
:10BCF800696E76616C69645F746F727175655F6C8B
:10BD0800696D697400000000736176655F63757220
:10BD180072656E7400000000696E76616C69645F1C
:10BD280076616C75657300007B227374617475733A
:10BD3800223A226F6B227D006F64726976655F75A7
:10BD48006E617661696C61626C6500006F6472692E
:10BD580076655F7374617475735F6661696C656439
:10BD6800000000006F64726976655F656E636F64DA
:10BD780065725F6661696C65640000006F64726972
:10BD880076655F74656C656D657472795F66616907
:10BD98006C6564007B22617869735F6572726F728B
:10BDA800223A256C752C22617869735F737461740B
:10BDB80065223A25752C226D6F746F725F666C610F
:10BDC8006773223A25752C22656E636F6465725F0E
:10BDD800666C616773223A25752C22636F6E7472E4
:10BDE8006F6C6C65725F737461747573223A257534
:10BDF8002C22706F736974696F6E223A25732C2236
:10BE080076656C6F63697479223A25732C226275A2
:10BE1800735F766F6C74616765223A25732C2262B2
:10BE280075735F63757272656E74223A25732C227E
:10BE38006665745F74656D70223A25732C226D6F88
:10BE4800746F725F74656D70223A25737D0000000F
:10BE5800696E76616C69645F76616C756500000077
:10BE68006D697373696E675F616374696F6E0000F3
:10BE7800656E61626C65000064697361626C65007F
:10BE88006573746F70000000636C65617200000078
:10BE980063616C6962726174650000007365745F48
:10BEA8006D6F6465000000006D697373696E675F8C
:10BEB80076616C7565000000696E76616C69645F17
:10BEC8006D6F6465000000007365745F746F727154
:10BED800756500007365745F76656C6F6369747966
:10BEE800000000007365745F706F736974696F6E2A
:10BEF800000000006F64726976655F636F6D6D6145
:10BF08006E645F6661696C656400000063616E5F02
:10BF18007374617475735F6661696C6564000000B1
:10BF2800656E636F6465725F726561645F6661699F
:10BF38006C65640074656C656D657472795F7265B3
:10BF480061645F6661696C65640000007B226275EC
:10BF580073223A7B2274785F636F756E74223A2578
:10BF68006C752C2272785F636F756E74223A256C3B
:10BF7800752C226572726F725F636F756E74223AE8
:10BF8800256C752C226C6173745F6572726F7222F6
:10BF98003A2230782530386C58227D2C22656E6321
:10BFA8006F646572223A7B22706F736974696F6E71
:10BFB800223A25732C2276656C6F63697479223A6C
:10BFC80025737D2C2274656C656D65747279223ACF
:10BFD8007B226275735F766F6C74616765223A25A0
:10BFE800732C226275735F63757272656E74223A80
:10BFF80025732C226665745F74656D70223A25730B
:10C008002C226D6F746F725F74656D70223A2573A0
:10C018007D7D00007B22616374697665223A257311
:10C028002C22636F6E6E65637465645F636C69650B
:10C038006E7473223A25752C2264656661756C747A
:10C048005F696E74657276616C5F6D73223A256CF8
:10C05800752C226D657373616765735F73656E74A4
:10C06800223A256C752C2273656E645F6572726F57
:10C078007273223A256C752C22696E76616C69643C
:10C088005F73616D706C6573223A256C752C226C38
:10C098006173745F73656E645F7469636B5F6D73FE
:10C0A800223A256C757D0000696E76616C69645F63
:10C0B800696E74657276616C5F6D73006F7065721E
:10C0C8006174696F6E5F6661696C65640000000089
:10C0D8007372632F6E6574776F726B2F70696E67FA
:10C0E8002E6300006164647220213D204E554C4C43
:10C0F80000000000417373657274696F6E20222519
:10C108007322206661696C6564206174206C696EB5
:10C118006520256420696E2025730A007020213D62
:10C12800204E554C4C0000000D0A2D2D2D20506935
:10C138006E672073746174697374696373202D2D3D
:10C148002D0D0A002564207061636B65747320747B
:10C1580072616E736D69747465642C202564207235
:10C16800656365697665642C2025642525206C6FD8
:10C1780073730D0A0000000070696E675F74696D63
:10C18800656F75743A206E6F2070636220676976F8
:10C19800656E210070696E675F70636220213D20C3
:10C1A8004E554C4C0000000070696E675F746172F8
:10C1B80067657420213D204E554C4C0070696E67B0
:10C1C8005F6164647220213D204E554C4C00000094
:10C1D80025730000253032783A253032783A2530F8
:10C1E80032783A253032783A253032783A2530326A
:10C1F80078000000556E6B6E6F776E206572726FF7
:10C2080072000000554E4B4E4F574E00494E495450
:10C2180049414C495A494E470000000054696D6530
:10C228006F7574004275737900000000496E76617D
:10C238006C696420706172616D65746572000000DC
:10C24800436F6E66696775726174696F6E206F758A
:10C2580074206F662072616E676500004E6F7420EF
:10C26800696E697469616C697A65640048617264B1
:10C2780077617265206661756C7400004F75742073
:10C288006F66206D656D6F72790000004275666695
:10C2980065722066756C6C0042756666657220650D
:10C2A8006D707479000000004E6F742073757070A3
:10C2B8006F727465640000000D0A2A2A2A206574CA
:10C2C8006865726E65745F6C696E6B5F63686563E1
:10C2D8006B5F73746174652063616C6C6564202A9C
:10C2E8002A2A0D0A000000000D0A504859204C69FE
:10C2F8006E6B2053746174653A2025640D0A000042
:10C308006E657469665F69735F6C696E6B5F757083
:10C318003A2025640D0A00000D0A45544820444D72
:10C328004120737461727465640D0A000D0A4554E6
:10C338004820444D41207374617274204641494C31
:10C3480045440D0A00000000706F7274732F6C77FB
:10C3580069702F65746865726E657469662E63000E
:10C368006E6574696620213D204E554C4C000000D6
:10C378000D0A3E3E3E206C6F775F6C6576656C5F9C
:10C38800696E6974207374617274696E670D0A004E
:10C398003E3E3E20496E697469616C697A696E67D0
:10C3A800205048592E2E2E0D0A0000003E3E3E20F9
:10C3B80050485920696E6974204F4B2C206368657A
:10C3C800636B696E67206C696E6B2073746174654A
:10C3D8002E2E2E0D0A0000003E3E3E206C6F775F29
:10C3E8006C6576656C5F696E697420636F6D706CDF
:10C3F8006574650D0A00000052582062756666650E
:10C408007220616C6C6F636174696F6E206661691C
:10C418006C65640D0A00000074686972645F70617D
:10C428007274792F6C7769702F636F72652F6D65E1
:10C438006D2E63006D656D5F667265653A20736188
:10C448006E69747920636865636B20616C69676ED7
:10C458006D656E74000000006D656D5F66726565E0
:10C468003A20696C6C6567616C206D656D6F7279D7
:10C47800000000006D656D5F667265653A20696C45
:10C488006C6567616C206D656D6F72793A20646FB9
:10C4980075626C6520667265650000006D656D5F8C
:10C4A800667265653A20696C6C6567616C206D65BC
:10C4B8006D6F72793A206E6F6E2D6C696E6B656464
:10C4C8003A20646F75626C652066726565000000CD
:10C4D800706C75675F686F6C65733A206D656D2069
:10C4E8003C2072616D5F656E64000000706C75675A
:10C4F8005F686F6C65733A206D656D2D3E75736569
:10C5080064203D3D20300000706C75675F686F6C7B
:10C5180065733A206D656D2D3E6E657874203C3DDF
:10C52800204D454D5F53495A455F414C49474E455B
:10C53800440000006D656D5F7472696D3A206C652A
:10C5480067616C206D656D6F727900006D656D5F58
:10C558007472696D2063616E206F6E6C79207368E8
:10C5680072696E6B206D656D6F727900696E7661A8
:10C578006C6964206E657874207074720000000025
:10C588006D656D5F6D616C6C6F633A20616C6C6F8B
:10C598006361746564206D656D6F7279206E6F7468
:10C5A8002061626F76652072616D5F656E642E0032
:10C5B8006D656D5F6D616C6C6F633A20616C6C6F5B
:10C5C8006361746564206D656D6F72792070726F38
:10C5D8007065726C7920616C69676E65642E000005
:10C5E8006D656D5F6D616C6C6F633A2073616E6928
:10C5F800747920636865636B20616C69676E6D652B
:10C608006E74000074686972645F70617274792F67
:10C618006C7769702F636F72652F6D656D702E630F
:10C62800000000006D656D705F6D616C6C6F633A42
:10C63800206D656D702070726F7065726C79206105
:10C648006C69676E65640000696E76616C69642068
:10C65800706F6F6C20646573630000006D656D70AA
:10C668005F667265653A206D656D2070726F7065E2
:10C67800726C7920616C69676E65640074686972B0
:10C68800645F70617274792F6C7769702F636F7251
:10C69800652F6E657469662E630000006E657469A7
:10C6A800665F69737375655F7265706F7274733AEC
:10C6B80020696E76616C6964206E65746966000035
:10C6C8006E6574696620616C726561647920616465
:10C6D80064656400746F6F206D616E79206E657497
:10C6E8006966732C206D61782E20737570706F7277
:10C6F800746564206E756D626572206973203235C9
:10C708003500000074686972645F70617274792F13
:10C718006C7769702F636F72652F706275662E6310
:10C7280000000000696E76616C696420706275664D
:10C738005F74797065000000706275665F66726587
:10C74800653A20702D3E726566203E20300000005C
:10C7580070632D3E637573746F6D5F667265655F98
:10C7680066756E6374696F6E20213D204E554C4C82
:10C7780000000000696E76616C69642070627566FD
:10C788002074797065000000706275665F616C6C7A
:10C798006F633A206572726F6E656F757320747976
:10C7A80070650000706275665F7265616C6C6F63BE
:10C7B8003A207020213D204E554C4C007062756621
:10C7C8005F7265616C6C6F633A207120213D204E69
:10C7D800554C4C006D656D5F7472696D207265749F
:10C7E80075726E65642072203D3D204E554C4C009C
:10C7F8006D656D5F7472696D2072657475726E65B2
:10C8080064207220213D207100000000706275666E
:10C8180020726566206F766572666C6F770000001F
:10C828004372656174696E6720616E20696E66691E
:10C838006E697465206C6F6F70000000702D3E7417
:10C848006F745F6C656E203D3D20702D3E6C656E8B
:10C8580020286F66206C6173742070627566206989
:10C868006E20636861696E2900000000702D3E6EBD
:10C87800657874203D3D204E554C4C006F666673BC
:10C8880065745F746F203C3D20705F746F2D3E6C43
:10C89800656E00006F66667365745F66726F6D2003
:10C8A8003C3D20705F66726F6D2D3E6C656E0000BA
:10C8B800706275665F636F7079206661696C656424
:10C8C8000000000074686972645F70617274792F87
:10C8D8006C7769702F636F72652F7261772E6300B2
:10C8E8007261772070636220726563762063616C81
:10C8F8006C6261636B20616C746572656420706240
:10C908007566207061796C6F616420706F696E74F0
:10C91800657220776974686F757420656174696ED3
:10C9280067207061636B65740000000043616E27C7
:10C938007420726573746F726520686561646572CE
:10C94800207765206A7573742072656D6F766564EB
:10C958002100000074686972645F70617274792FD5
:10C968006C7769702F636F72652F7463702E630024
:10C9780070636220213D204E554C4C007463705FFB
:10C98800667265653A204C495354454E00000000D4
:10C998007463705F7570646174655F7263765F61FC
:10C9A8006E6E5F776E643A20696E76616C6964209A
:10C9B800706362006E65775F7263765F616E6E5F4B
:10C9C800776E64203C3D203078666666660000001D
:10C9D800646F6E27742063616C6C207463705F727F
:10C9E800656376656420666F72206C697374656E22
:10C9F8002D706362730000007463705F7365675F16
:10CA0800636F70793A20696E76616C69642073652A
:10CA180067000000696E76616C696420736F636BF0
:10CA2800657420737461746520666F722072656323
:10CA3800762063616C6C6261636B0000696E76617D
:10CA48006C696420736F636B6574207374617465BB
:10CA580020666F722073656E742063616C6C62610E
:10CA6800636B0000696E76616C696420736F636B39
:10CA7800657420737461746520666F7220657272C4
:10CA88002063616C6C6261636B000000696E7661A3
:10CA98006C696420736F636B65742073746174656B
:10CAA80020666F7220706F6C6C0000007463705F9A
:10CAB800736C6F77746D723A206163746976652060
:10CAC8007063622D3E737461746520213D20434C70
:10CAD8004F534544000000007463705F736C6F77B8
:10CAE800746D723A20616374697665207063622D93
:10CAF8003E737461746520213D204C495354454E62
:10CB0800000000007463705F736C6F77746D723A25
:10CB180020616374697665207063622D3E73746169
:10CB2800746520213D2054494D452D5741495400F5
:10CB38007463705F736C6F7774696D723A20706597
:10CB48007273697374207469636B696E672077699F
:10CB5800746820696E2D666C6967687420646174F6
:10CB6800610000007463705F736C6F7774696D7235
:10CB78003A2070657273697374207469636B696EA7
:10CB880067207769746820656D7074792073656EA5
:10CB98006420627566666572000000007463705FE9
:10CBA800736C6F77746D723A206D6964646C65207C
:10CBB80074637020213D207463705F6163746976CB
:10CBC800655F7063627300007463705F736C6F7786
:10CBD800746D723A20666972737420706362203DC6
:10CBE8003D207463705F6163746976655F7063622A
:10CBF800730000007463705F736C6F77746D723AC2
:10CC08002054494D452D57414954207063622D3EAB
:10CC18007374617465203D3D2054494D452D57413D
:10CC2800495400007463705F736C6F77746D723A67
:10CC3800206D6964646C652074637020213D2074E4
:10CC480063705F74775F7063627300007463705F12
:10CC5800736C6F77746D723A2066697273742070A2
:10CC68006362203D3D207463705F74775F70636218
:10CC7800730000007463705F7063625F72656D6F4C
:10CC880076653A20696E76616C696420706362002B
:10CC98007463705F7063625F72656D6F76653A206A
:10CCA800696E76616C6964207063626C6973740084
:10CCB800756E73656E74207365676D656E74732029
:10CCC8006C65616B696E6700756E61636B65642086
:10CCD8007365676D656E7473206C65616B696E67EB
:10CCE800000000006F6F736571207365676D656E76
:10CCF8007473206C65616B696E670000646F6E27E2
:10CD0800742063616C6C207463705F61626F72740D
:10CD18002F7463705F6162616E646F6E20666F72FC
:10CD2800206C697374656E2D706362730000000077
:10CD38007463705F6163636570745F6E756C6C3A81
:10CD480020696E76616C696420706362000000007F
:10CD58007463705F6E657469665F69705F6164644F
:10CD6800725F6368616E6765645F7063626C697344
:10CD7800743A20696E76616C6964206F6C645F61D7
:10CD8800646472007463705F636C6F73655F73686B
:10CD98007574646F776E3A20696E76616C69642089
:10CDA800706362007063622D3E666C616773202653
:10CDB8002054465F5258434C4F53454400000000EE
:10CDC8007463705F667265655F6C697374656E3AEB
:10CDD80020214C495354454E000000007463705F95
:10CDE8006E6578745F6973733A20696E76616C69F1
:10CDF80064207063620000007463705F6566665F3C
:10CE080073656E645F6D73735F6E657469663A20EF
:10CE1800696E76616C6964206473745F6970000080
:10CE280074686972645F70617274792F6C77697065
:10CE38002F636F72652F7463705F696E2E630000D5
:10CE48007463705F6F6F735F696E736572745F731D
:10CE580065676D656E743A20696E76616C696420E9
:10CE680063736567000000007063622D3E736E6433
:10CE78005F71756575656C656E203E3D20706275E5
:10CE8800665F636C656E286E6578742D3E70290048
:10CE98007463705F726563656976653A2076616C64
:10CEA8006964207175657565206C656E67746800C6
:10CEB8007463705F726563656976653A2077726F2F
:10CEC8006E6720737461746500000000696E736595
:10CED800672E7020213D204E554C4C00696E7361C1
:10CEE8006E65206F666673657421000070627566F2
:10CEF80020746F6F2073686F727421007463705FA1
:10CF0800726563656976653A207365676D656E74E9
:10CF1800206E6F74207472696D6D656420636F7222
:10CF2800726563746C7920746F207263765F776EB4
:10CF3800640000007463705F726563656976653AC2
:10CF4800207365676D656E74206E6F7420747269E6
:10CF58006D6D656420636F72726563746C7920749B
:10CF68006F206F6F736571207175657565000000BE
:10CF78007463705F726563656976653A207463707F
:10CF88006C656E203E207263765F776E64000000E9
:10CF98007463705F726563656976653A206F6F7355
:10CFA8006571207463706C656E203E207263765FD5
:10CFB800776E64007463705F70617273656F70740C
:10CFC8003A20696E76616C696420706362000000C3
:10CFD8007463705F696E7075743A20696E76616CFF
:10CFE8006964207062756600702D3E6E65787420E5
:10CFF800213D204E554C4C00702D3E6C656E203DF9
:10D008003D203000702D3E746F745F6C656E203D5E
:10D018003D20702D3E6E6578742D3E746F745F6C84
:10D02800656E00007463705F696E7075743A206194
:10D038006374697665207063622D3E7374617465EC
:10D0480020213D20434C4F53454400007463705FDA
:10D05800696E7075743A20616374697665207063CF
:10D06800622D3E737461746520213D2054494D45FD
:10D078002D574149540000007463705F696E7075E4
:10D08800743A20616374697665207063622D3E731B
:10D098007461746520213D204C495354454E00006D
:10D0A8007463705F696E7075743A207063622D3EA8
:10D0B8006E65787420213D20706362202862656661
:10D0C8006F72652063616368652900007463705F2F
:10D0D800696E7075743A207063622D3E6E6578745F
:10D0E80020213D2070636220286166746572206388
:10D0F80061636865290000007463705F696E70750C
:10D10800743A2054494D452D574149542070636263
:10D118002D3E7374617465203D3D2054494D452D65
:10D1280057414954000000007463705F696E707560
:10D13800743A207063622D3E737461746520213DDA
:10D1480020434C4F534544007063622D3E736E6418
:10D158005F71756575656C656E203E203000000056
:10D168006E6F207365676D656E7420746F206672CC
:10D17800656500007063622D3E6C697374656E6549
:10D18800722D3E61636365707420213D204E554CBD
:10D198004C0000007063622D3E72656675736564AD
:10D1A8005F64617461203D3D204E554C4C00000089
:10D1B80074686972645F70617274792F6C776970D2
:10D1C8002F636F72652F7463705F6F75742E6300C1
:10D1D8007463705F706275665F707265616C6C6FA6
:10D1E800633A20696E76616C69642070636200003E
:10D1F8006E65656420756E636861696E656420702C
:10D20800627566007463705F6372656174655F73ED
:10D2180065676D656E743A20696E76616C69642025
:10D22800706362007463705F6372656174655F73D5
:10D2380065676D656E743A20696E76616C69642005
:10D248007062756600000000702D3E746F745F6C2C
:10D25800656E203E3D206F70746C656E00000000A6
:10D26800636865636B20746861742066697273749F
:10D2780020706275662063616E20686F6C6420732D
:10D288007472756374207463705F68647200000060
:10D298007463705F6F75747075745F616C6C6F63C5
:10D2A8005F6865616465723A20696E76616C69646D
:10D2B80020706362000000007463705F6F757470A3
:10D2C80075745F636F6E74726F6C5F7365676D659D
:10D2D8006E743A20696E76616C6964207062756656
:10D2E800000000007463705F7273743A20696E7690
:10D2F800616C6964206C6F63616C5F697000000029
:10D308007463705F7273743A20696E76616C6964D5
:10D318002072656D6F74655F697000007463705F7B
:10D3280077726974653A207062756673206F6E2033
:10D338007175657565203D3E206174206C6561736B
:10D3480074206F6E65207175657565206E6F6E2D22
:10D35800656D7074790000007463705F777269742A
:10D36800653A206E6F207062756673206F6E20714B
:10D3780075657565203D3E20626F7468207175651E
:10D3880075657320656D7074790000006D73735F47
:10D398006C6F63616C20697320746F6F20736D61AB
:10D3A8006C6C0000696E636F6E73697374656E747C
:10D3B800206F76657273697A652076732E20737094
:10D3C80061636500696E636F6E73697374656E740B
:10D3D800206F76657273697A652076732E206C6586
:10D3E8006E0000007463705F77726974653A20524A
:10D3F8004F4D2070627566732063616E6E6F742086
:10D408006265206F76657273697A65640000000052
:10D41800756E73656E745F6F76657273697A652071
:10D428006D69736D6174636820287063622D3E7541
:10D438006E73656E74206973204E554C4C2900003C
:10D448007463705F77726974653A20636865636BAB
:10D4580020746861742066697273742070627566DE
:10D468002063616E20686F6C642074686520636F48
:10D478006D706C657465207365676C656E0000007F
:10D488006F76657273697A65203D3D203000000033
:10D49800707265765F73656720213D204E554C4C50
:10D4A800000000007463705F77726974653A2063E6
:10D4B800616E6E6F7420636F6E636174656E617404
:10D4C80065207768656E207063622D3E756E7365A2
:10D4D8006E7420697320656D707479007463705F71
:10D4E80077726974653A20657874656E73696F6ED2
:10D4F800206F66207265666572656E636520726569
:10D50800717569726573207265666572656E6365AB
:10D51800000000007463705F77726974653A207662
:10D52800616C6964207175657565206C656E6774DA
:10D53800680000007463705F73706C69745F756E67
:10D5480073656E745F7365673A20696E76616C699E
:10D55800642070636200000043616E27742073705A
:10D568006C6974207365676D656E7420696E746F7D
:10D57800206C656E677468203000000073706C69F9
:10D5880074203C3D206D737300000000757365675F
:10D598002D3E6C656E203E20300000007463705F85
:10D5A800656E71756575655F666C6167733A206E47
:10D5B80065656420656974686572205443505F53DB
:10D5C800594E206F72205443505F46494E20696E71
:10D5D80020666C616773202870726F6772616D6D69
:10D5E80065722076696F6C617465732041504929B2
:10D5F800000000007463705F656E71756575655F26
:10D60800666C6167733A20696E76616C6964207034
:10D61800636200007463705F656E71756575655F40
:10D62800666C6167733A20636865636B2074686130
:10D638007420666972737420706275662063616E07
:10D6480020686F6C64206F70746C656E0000000059
:10D658007365672D3E746370686472206E6F742002
:10D66800616C69676E6564007463705F656E71757F
:10D678006575655F666C6167733A20696E76616C83
:10D688006964207365676D656E74206C656E677478
:10D69800680000007463705F656E71756575655F1D
:10D6A800666C6167733A20696E76616C6964207193
:10D6B80075657565206C656E677468007463705F66
:10D6C80073656E645F66696E3A20696E76616C692F
:10D6D80064207063620000007463705F7265786D27
:10D6E80069745F72746F5F707265706172653A20F9
:10D6F800696E76616C696420706362007463705F40
:10D708007265786D69743A20696E76616C69642017
:10D71800706362007463705F7265786D69745F66C8
:10D728006173743A20696E76616C69642070636213
:10D73800000000007463705F73656E645F656D70F0
:10D7480074795F61636B3A20696E76616C696420F5
:10D75800706362007463705F6F75747075743A20DB
:10D76800696E76616C69642070636200646F6E270D
:10D77800742063616C6C207463705F6F757470756E
:10D788007420666F72206C697374656E2D706362A5
:10D7980073000000525354206E6F742065787065D2
:10D7A8006374656420686572652100006F70746930
:10D7B8006F6E73206E6F742066696C6C6564000010
:10D7C8007463705F7265786D69745F72746F5F639C
:10D7D8006F6D6D69743A20696E76616C696420704A
:10D7E800636200007463705F7265786D69745F725C
:10D7F800746F3A20696E76616C69642070636200A8
:10D808007463705F6B656570616C6976653A2069F1
:10D818006E76616C69642070636200007463705F87
:10D828007A65726F5F77696E646F775F70726F6227
:10D83800653A20696E76616C6964207063620000E5
:10D8480074686972645F70617274792F6C7769703B
:10D858002F636F72652F74696D656F7574732E63AE
:10D86800000000007379735F74696D656F75743AB1
:10D878002074696D656F757420213D204E554C4CA0
:10D888002C20706F6F6C204D454D505F5359535F7E
:10D8980054494D454F555420697320656D7074790E
:10D8A8000000000054696D656F75742074696D65BA
:10D8B80020746F6F206C6F6E672C206D6178206903
:10D8C80073204C5749505F55494E5433325F4D4190
:10D8D800582F34206D736563730000007468697293
:10D8E800645F70617274792F6C7769702F636F72DF
:10D8F800652F7564702E63007564705F696E70754E
:10D90800743A20696E76616C69642070627566008D
:10D918007564705F696E7075743A20696E76616CB3
:10D928006964206E65746966000000007564705F44
:10D93800696E7075745F6C6F63616C5F6D61746341
:10D94800683A20696E76616C6964206E65746966F0
:10D9580000000000706275665F72656D6F76655FC6
:10D96800686561646572206661696C6564000000C1
:10D9780074686972645F70617274792F6C7769700A
:10D988002F6E657469662F65746865726E65742E8E
:10D99800630000006E657469662D3E687761646493
:10D9A800725F6C656E206D75737420626520362019
:10D9B800666F722065746865726E65745F6F7574E2
:10D9C800707574210000000074686972645F70618A
:10D9D8007274792F6C7769702F636F72652F697015
:10D9E80076342F6574686172702E63006172705F9F
:10D9F8007461626C655B695D2E71203D3D204E55FA
:10DA08004C4C00006172705F7461626C655B695DAB
:10DA18002E7374617465203D3D2045544841525031
:10DA28005F53544154455F454D5054590000000020
:10DA3800636865636B2074686174206669727374C7
:10DA480020706275662063616E20686F6C64207355
:10DA58007472756374206574686172705F6864724B
:10DA6800000000006E657469662D3E687761646425
:10DA7800725F6C656E206D757374206265207468C2
:10DA8800652073616D65206173204554485F485770
:10DA9800414444525F4C454E20666F72206574685D
:10DAA80061727021000000006172705F7461626CC5
:10DAB800655B6172705F6964785D2E73746174650B
:10DAC800203E3D204554484152505F5354415445EF
:10DAD8005F535441424C450069706164647220216F
:10DAE8003D204E554C4C00006574685F726574208B
:10DAF800213D204E554C4C006E657469662D3E687C
:10DB080077616464725F6C656E203D3D20455448C2
:10DB18005F4857414444525F4C454E0074797065E4
:10DB2800206F766572666C6F770000006E6F2070EC
:10DB380061636B65742071756575657320616C6CC4
:10DB48006F776564210000007120213D204E554CFF
:10DB58004C00000074686972645F70617274792F98
:10DB68006C7769702F636F72652F697076342F69CF
:10DB780070342E6300000000702D3E726566203DF3
:10DB88003D203100636865636B20746861742066AA
:10DB98006972737420706275662063616E20686FA5
:10DBA8006C64207374727563742069705F68647242
:10DBB8000000000074686972645F70617274792F84
:10DBC8006C7769702F636F72652F697076342F696F
:10DBD80070345F616464722E63000000756E686162
:10DBE8006E646C656400000074686972645F7061DB
:10DBF8007274792F6C7769702F636F72652F6970F3
:10DC080076342F69636D702E630000006368656366
:10DC18006B20746861742066697273742070627511
:10DC2800662063616E20686F6C642069636D702084
:10DC38006D6573736167650069636D705F696E70A8
:10DC480075743A206D6F76696E6720722D3E70612B
:10DC5800796C6F616420746F2069636D70206865EA
:10DC680061646572206661696C65640069636D70E2
:10DC78005F696E7075743A20726573746F72696E3D
:10DC880067206F726967696E616C20702D3E7061E4
:10DC9800796C6F6164206661696C656400000000DE
:10DCA80074686972645F70617274792F6C776970D7
:10DCB8002F636F72652F697076342F6970345F66D1
:10DCC8007261672E6300000070637220213D204E50
:10DCD800554C4C007072657620213D2069707200A9
:10DCE800707265762D3E6E657874203D3D206970B2
:10DCF8007200000070627566735F66726565642005
:10DD08002B20636C656E203C3D2030786666666625
:10DD18000000000073616E69747920636865636B45
:10DD2800206C696E6B6564206C6973740000000078
:10DD380069705F72656173735F70627566636F7532
:10DD48006E74203E3D2070627566735F667265650D
:10DD58006400000073616E69747920636865636BA1
:10DD68000000000076616C69646174655F646174C9
:10DD7800616772616D3A6E6578745F70627566216D
:10DD88003D4E554C4C00000069705F7265617373BD
:10DD98005F70627566636F756E74203E3D20636CBC
:10DDA800656E00006E6F74206669727374616C74BE
:10DDB800686F756768206A75737420656E7175651C
:10DDC8007565640074686973206E656564732061A5
:10DDD800207062756620696E206F6E6520706965B7
:10DDE80063652100702D3E6C656E203E3D20706F8E
:10DDF8006666000074686972645F70617274792F76
:10DE080073746D3332637562652F68616C2F737438
:10DE18006D3332683778785F68616C2E6300000074
:10DE280074686972645F70617274792F73746D338A
:10DE380032637562652F68616C2F73746D33326855
:10DE48003778785F68616C5F6770696F2E63000070
:10DE580074686972645F70617274792F73746D335A
:10DE680032637562652F68616C2F73746D33326825
:10DE78003778785F68616C5F636F727465782E635A
:10DE88000000000074686972645F70617274792FB1
:10DE980073746D3332637562652F68616C2F7374A8
:10DEA8006D3332683778785F68616C5F666C617370
:10DEB800682E630074686972645F70617274792F88
:10DEC80073746D3332637562652F68616C2F737478
:10DED8006D3332683778785F68616C5F666C617340
:10DEE800685F65782E6300005245454E54206D6189
:10DEF8006C6C6F63207375636365656465640000AB
:10DF08002E2E2F2E2E2F2E2E2F2E2E2F2E2E2F2E24
:10DF18002E2F6E65776C69622F6C6962632F73743C
:10DF2800646C69622F72616E642E63002C206675C2
:10DF38006E6374696F6E3A20000000006173736548
:10DF48007274696F6E2022257322206661696C6580
:10DF5800643A2066696C6520222573222C206C693E
:10DF68006E65202564257325730A00002E000000C5
:10DF78006E660000696E697479000000616E0000C9
:10DF8800232D302B20000000686C4C006566674527
:10DF98004647000042616C6C6F632073756363656C
:10DFA80065646564000000002E2E2F2E2E2F2E2E65
:10DFB8002F2E2E2F2E2E2F2E2E2F6E65776C696208
:10DFC8002F6C6962632F7374646C69622F67647461
:10DFD8006F612D6765746865782E6300494E460049
:10DFE800696E66004E414E006E616E00430000008F
:10DFF800504F534958000000496E66696E6974793C
:10E00800000000004E614E002E2E2F2E2E2F2E2E99
:10E018002F2E2E2F2E2E2F2E2E2F6E65776C6962A7
:10E028002F6C6962632F7374646C69622F64746FF8
:10E03800612E630065256C64000000002E2E2F2ED3
:10E048002E2F2E2E2F2E2E2F2E2E2F2E2E2F6E656C
:10E05800776C69622F6C6962632F737472696E677B
:10E068002F737472746F6B2E63000000303132337B
:10E0780034353637383941424344454600000000BC
:10E088003031323334353637383961626364656626
:10E09800000000002E2E2F2E2E2F2E2E2F2E2E2F4C
:10E0A8002E2E2F2E2E2F6E65776C69622F6C69626B
:10E0B800632F7374646C69622F6D707265632E636D
:10E0C8000000000001000000000000000000000047
:10E0D8000000000000000000000000000000000038
:10E0E800000000000200000004000000080000001A
:10E0F8001000000040000000800000000001000047
:10E1080000020000000000000102030401020304F1
:10E1180006070809F8A60108ECBA0108E0BE0108DC
:10E12800F0BE010800A70108599B00080CA70108C8
:10E1380034A70108D19A000840A7010854A701088C
:10E14800219A000864A7010894A701087999000892
:10E15800A0A70108D0A70108CD980008DCA70108EE
:10E1680004A80108D99B000810A8010838A80108CC
:10E178006989000840A8010850A801087997000893
:10E1880058A8010884A801080596000890A8010865
:10E19800B0A80108AD950008C4A80108E8A80108BE
:10E1A800199E0008F8A801080CA90108619E00083A
:10E1B8001CA9010838A90108A99E000848A9010856
:10E1C8006CA90108F19E00087CA9010894A901081E
:10E1D8008D9D0008A4A90108CCA90108DD940008B8
:10E1E800D8A9010824AA01085D94000834AA0108E6
:10E1F80054AA0108E59C000868AA01088CAA01082D
:10E20800399F000898AA0108C0A60108DD930008F4
:10E21800BCAA0108D8AA01083D930008E8AA010889
:10E22800FCAA0108BD9200080CAB010828AB010844
:10E238003D92000838AB0108C8BA0108DD91000812
:10E2480054AB010884AB0108559C00088CAB01084D
:10E25800BCAB010879910008CCAB0108F0AB010810
:10E268005591000800AC010824AC0108F1900008A1
:10E2780034AC01084CAC01088D9000085CAC010876
:10E2880078AC0108D18F000888AC0108ACAC010853
:10E29800558F0008C0AC0108E8AC0108698E000879
:10E2A800FCAC010828AD0108058E000834AD010852
:10E2B8005CAD01081D8D000868AD01087CAD010842
:10E2C800C18B00088CAD0108A0AD01083D8B00088A
:10E2D800ACAD0108C0AD0108698A0008D0AD0108DD
:10E2E800F0AD0108058A000804AE01081CAE01085B
:10E2F800A18900082CAE01084CAE01080589000868
:10E308005CAE01084C6967687400000000000000FA
:10E3180000000000000000410000B4420AD7A33CFE
:10E328008FC2753D00002041CDCCCC3D6F12833AA1
:10E338004D656469756D0000000000000000000074
:10E34800000000410000B4420AD7233D8FC2F53DCA
:10E3580000007041CDCC4C3E6F12833A486561761F
:10E368007900000000000000000000000000C0402C
:10E378000000B4430AD7A33D0000803E0000C84116
:10E38800CDCCCC3E6F12833A496E64757374726952
:10E39800616C000000000000000000410000B44370
:10E3A8008FC2F53DCDCCCC3E00000C429A99193F66
:10E3B8006F12833A3C21444F4354595045206874A6
:10E3C8006D6C3E3C68746D6C3E3C686561643E3CB7
:10E3D8006D65746120636861727365743D2255547C
:10E3E800462D38223E3C6D657461206E616D653D39
:10E3F8002276696577706F72742220636F6E746518
:10E408006E743D2277696474683D646576696365F6
:10E418002D77696474682C20696E697469616C2D44
:10E428007363616C653D312E30223E3C7469746CB7
:10E43800653E56616C766520436F6E74726F6C6CC6
:10E4480065723C2F7469746C653E3C7374796C65B5
:10E458003E2A7B6D617267696E3A303B7061646415
:10E46800696E673A303B626F782D73697A696E67B7
:10E478003A626F726465722D626F787D626F64793B
:10E488007B666F6E743A313370782F312E34202DBD
:10E498006170706C652D73797374656D2C73616E22
:10E4A800732D73657269663B6261636B67726F7522
:10E4B8006E643A236666663B636F6C6F723A23300C
:10E4C80030303B70616464696E673A323070787DD1
:10E4D8002E636F6E7461696E65727B6D61782D77DE
:10E4E800696474683A39303070783B6D6172676975
:10E4F8006E3A30206175746F7D68317B666F6E741B
:10E508002D73697A653A313870783B666F6E742D71
:10E518007765696768743A3630303B6D6172676950
:10E528006E2D626F74746F6D3A323070783B6C6523
:10E53800747465722D73706163696E673A2D302E3D
:10E548003032656D7D2E6D6574726963737B6469A5
:10E5580073706C61793A677269643B677269642D9C
:10E5680074656D706C6174652D636F6C756D6E7319
:10E578003A72657065617428332C316672293B677D
:10E5880061703A3170783B6261636B67726F756E68
:10E59800643A236430643064303B626F726465723D
:10E5A8003A31707820736F6C69642023643064306A
:10E5B80064303B6D617267696E2D626F74746F6D44
:10E5C8003A323070787D2E6D65747269637B626152
:10E5D800636B67726F756E643A236666663B70613B
:10E5E8006464696E673A313270787D2E6D65747235
:10E5F80069632D6C6162656C7B666F6E742D7369DF
:10E608007A653A313170783B636F6C6F723A2336B2
:10E6180036363B746578742D7472616E73666F72EA
:10E628006D3A7570706572636173653B6C6574747F
:10E6380065722D73706163696E673A302E30356587
:10E648006D3B6D617267696E2D626F74746F6D3AA0
:10E658003470787D2E6D65747269632D76616C7582
:10E66800657B666F6E743A323270782027436F7517
:10E6780072696572204E6577272C6D6F6E6F7370A7
:10E688006163653B666F6E742D7765696768743A78
:10E698003630303B6D617267696E2D626F74746FCE
:10E6A8006D3A3270783B6D696E2D77696474683A9B
:10E6B800352E3563683B746578742D616C69676EB7
:10E6C8003A72696768747D2E6D65747269632D731B
:10E6D8007061726B7B6865696768743A333070780B
:10E6E8003B77696474683A313030253B64697370EC
:10E6F8006C61793A626C6F636B7D2E636F6E7472B6
:10E708006F6C737B626F726465722D746F703A31CF
:10E71800707820736F6C69642023643064306430CF
:10E728003B70616464696E672D746F703A3136703E
:10E73800783B6D617267696E2D626F74746F6D3AA4
:10E74800323070787D2E62746E2D67726F75707BB3
:10E75800646973706C61793A696E6C696E652D6273
:10E768006C6F636B3B6D617267696E2D7269676868
:10E77800743A313670783B6D617267696E2D626FDD
:10E7880074746F6D3A3870787D2E62746E2D6C617A
:10E7980062656C7B666F6E742D73697A653A313188
:10E7A80070783B636F6C6F723A233636363B6D6117
:10E7B8007267696E2D626F74746F6D3A3470783B4E
:10E7C800646973706C61793A626C6F636B7D6275B2
:10E7D80074746F6E7B666F6E743A31327078202D68
:10E7E8006170706C652D73797374656D2C73616ECF
:10E7F800732D73657269663B70616464696E673A0C
:10E8080036707820313270783B6261636B67726F63
:10E81800756E643A233030303B636F6C6F723A2305
:10E828006666663B626F726465723A6E6F6E653BD0
:10E83800637572736F723A706F696E7465723B6D4F
:10E84800617267696E2D72696768743A3470787D91
:10E85800627574746F6E3A686F7665727B62616315
:10E868006B67726F756E643A233333337D627574E8
:10E87800746F6E2E73746F707B6261636B67726FF7
:10E88800756E643A236330307D627574746F6E2ED2
:10E8980073746F703A686F7665727B6261636B67D9
:10E8A800726F756E643A236530307D2E636F6E66C5
:10E8B80069677B626F726465722D746F703A31702C
:10E8C8007820736F6C696420236430643064303B53
:10E8D80070616464696E672D746F703A3136707850
:10E8E8007D2E636F6E6669672D677269647B6469E4
:10E8F80073706C61793A677269643B677269642DF9
:10E9080074656D706C6174652D636F6C756D6E7375
:10E918003A726570656174286175746F2D666974E3
:10E928002C6D696E6D61782831383070782C3166BD
:10E938007229293B6761703A313270783B6D617298
:10E9480067696E2D626F74746F6D3A313270787DBD
:10E958002E636F6E6669672D6974656D7B7D2E63A6
:10E968006F6E6669672D6C6162656C7B666F6E742D
:10E978002D73697A653A313170783B636F6C6F72C9
:10E988003A233636363B6D617267696E2D626F7455
:10E99800746F6D3A3370783B646973706C61793A5F
:10E9A800626C6F636B7D2E636F6E6669672D696E2F
:10E9B8007075747B666F6E743A31337078202743B4
:10E9C8006F7572696572204E6577272C6D6F6E6F53
:10E9D80073706163653B77696474683A31303025D8
:10E9E8003B70616464696E673A3470782036707879
:10E9F8003B626F726465723A31707820736F6C692C
:10EA08006420236430643064303B6261636B6772F6
:10EA18006F756E643A236666667D2E636F6E6669EF
:10EA2800672D696E7075743A666F6375737B6F7561
:10EA3800746C696E653A32707820736F6C69642003
:10EA4800233030303B6F75746C696E652D6F666668
:10EA58007365743A2D3270787D3C2F7374796C65C8
:10EA68003E3C2F686561643E3C626F64793E3C645D
:10EA7800697620636C6173733D22636F6E7461699C
:10EA88006E6572223E3C68313E56616C7665204860
:10EA9800617074696320436F6E74726F6C6C657219
:10EAA8003C2F68313E3C64697620636C6173733D2A
:10EAB800226D657472696373223E3C6469762063D3
:10EAC8006C6173733D226D6574726963223E3C64A8
:10EAD800697620636C6173733D226D657472696336
:10EAE8002D6C6162656C223E506F736974696F6E3C
:10EAF8002028646567293C2F6469763E3C64697602
:10EB080020636C6173733D226D65747269632D7641
:10EB1800616C7565222069643D22706F73223E2DF9
:10EB28002D3C2F6469763E3C63616E766173206389
:10EB38006C6173733D226D65747269632D737061C6
:10EB4800726B222069643D227370223E3C2F636100
:10EB58006E7661733E3C2F6469763E3C646976202C
:10EB6800636C6173733D226D6574726963223E3C08
:10EB780064697620636C6173733D226D6574726994
:10EB8800632D6C6162656C223E56656C6F636974B7
:10EB98007920287261642F73293C2F6469763E3C82
:10EBA80064697620636C6173733D226D6574726964
:10EBB800632D76616C7565222069643D2276656CEB
:10EBC800223E2D2D3C2F6469763E3C63616E766152
:10EBD8007320636C6173733D226D65747269632D74
:10EBE800737061726B222069643D227376223E3C09
:10EBF8002F63616E7661733E3C2F6469763E3C6498
:10EC0800697620636C6173733D226D657472696304
:10EC1800223E3C64697620636C6173733D226D65A6
:10EC2800747269632D6C6162656C223E546F7271F7
:10EC3800756520284E6D293C2F6469763E3C6469D1
:10EC48007620636C6173733D226D65747269632D00
:10EC580076616C7565222069643D22746F72223E6C
:10EC68002D2D3C2F6469763E3C63616E766173207E
:10EC7800636C6173733D226D65747269632D737083
:10EC880061726B222069643D227374223E3C2F63BB
:10EC9800616E7661733E3C2F6469763E3C2F6469F1
:10ECA800763E3C64697620636C6173733D22636FC2
:10ECB8006E74726F6C73223E3C64697620636C617B
:10ECC80073733D2262746E2D67726F7570223E3CBD
:10ECD8007370616E20636C6173733D2262746E2D74
:10ECE8006C6162656C223E53797374656D3C2F7359
:10ECF80070616E3E3C627574746F6E206F6E636CEB
:10ED080069636B3D226374726C2827737461727433
:10ED18002729223E53746172743C2F627574746F94
:10ED28006E3E3C627574746F6E20636C6173733DE4
:10ED38002273746F7022206F6E636C69636B3D225F
:10ED48006374726C282773746F702729223E53747A
:10ED58006F703C2F627574746F6E3E3C2F646976D9
:10ED68003E3C64697620636C6173733D2262746E05
:10ED78002D67726F7570223E3C7370616E20636CF4
:10ED88006173733D2262746E2D6C6162656C223E04
:10ED98004C6F6164205072657365743C2F737061A9
:10EDA8006E3E3C73656C6563742069643D227072C5
:10EDB800657365744C6F616422206F6E6368616E61
:10EDC80067653D226C6F6164507265736574496E46
:10EDD800746F4669656C6473282922207374796C92
:10EDE800653D22666F6E743A31327078202D6170FD
:10EDF800706C652D73797374656D2C73616E732DEA
:10EE080073657269663B70616464696E673A3670EF
:10EE1800783B6261636B67726F756E643A236666EE
:10EE2800663B626F726465723A31707820736F6CFA
:10EE3800696420236430643064303B6D61726769B3
:10EE48006E2D72696768743A347078223E3C2F736D
:10EE5800656C6563743E3C2F6469763E3C2F64693B
:10EE6800763E3C64697620636C6173733D22636F00
:10EE78006E666967223E3C64697620636C617373D1
:10EE88003D22636F6E6669672D67726964223E3C36
:10EE980064697620636C6173733D22636F6E666983
:10EEA800672D6974656D223E3C6C6162656C2063F8
:10EEB8006C6173733D22636F6E6669672D6C616266
:10EEC800656C223E566973636F757320284E6DC258
:10EED800B7732F726164293C2F6C6162656C3E3C8C
:10EEE800696E70757420636C6173733D22636F6E15
:10EEF8006669672D696E7075742220747970653D36
:10EF0800226E756D626572222069643D227669738E
:10EF1800636F75732220737465703D22302E303113
:10EF2800223E3C2F6469763E3C64697620636C61BE
:10EF380073733D22636F6E6669672D6974656D2210
:10EF48003E3C6C6162656C20636C6173733D226347
:10EF58006F6E6669672D6C6162656C223E436F75E2
:10EF68006C6F6D6220284E6D293C2F6C6162656C58
:10EF78003E3C696E70757420636C6173733D2263E7
:10EF88006F6E6669672D696E70757422207479706A
:10EF9800653D226E756D626572222069643D22634B
:10EFA8006F756C6F6D622220737465703D22302E10
:10EFB8003031223E3C2F6469763E3C64697620639A
:10EFC8006C6173733D22636F6E6669672D69746542
:10EFD8006D223E3C6C6162656C20636C6173733DAD
:10EFE80022636F6E6669672D6C6162656C223E579D
:10EFF800616C6C20537469666620284E6D2F747599
:10F00800726E293C2F6C6162656C3E3C696E70754E
:10F018007420636C6173733D22636F6E6669672D3C
:10F02800696E7075742220747970653D226E756DF5
:10F03800626572222069643D2273746966666E6532
:10F0480073732220737465703D22302E31223E3C4A
:10F058002F6469763E3C64697620636C6173733D06
:10F0680022636F6E6669672D6974656D223E3C6C1C
:10F078006162656C20636C6173733D22636F6E66B9
:10F0880069672D6C6162656C223E57616C6C204427
:10F09800616D7020284E6DC2B7732F7475726E291A
:10F0A8003C2F6C6162656C3E3C696E7075742063C0
:10F0B8006C6173733D22636F6E6669672D696E704C
:10F0C80075742220747970653D226E756D62657263
:10F0D800222069643D2264616D70696E6722207325
:10F0E8007465703D22302E3031223E3C2F646976A3
:10F0F8003E3C64697620636C6173733D22636F6E76
:10F108006669672D6974656D223E3C6C6162656C49
:10F1180020636C6173733D22636F6E6669672D6C43
:10F128006162656C223E54726176656C2028646564
:10F1380067293C2F6C6162656C3E3C696E70757422
:10F1480020636C6173733D22636F6E6669672D6916
:10F158006E7075742220747970653D226E756D62CB
:10F168006572222069643D2274726176656C222082
:10F17800737465703D223122206D696E3D22312203
:10F18800206D61783D22333630223E3C2F6469760B
:10F198003E3C64697620636C6173733D22636F6ED5
:10F1A8006669672D6974656D223E3C6C6162656CA9
:10F1B80020636C6173733D22636F6E6669672D6CA3
:10F1C8006162656C223E546F72717565204C696D81
:10F1D800697420284E6D293C2F6C6162656C3E3C39
:10F1E800696E70757420636C6173733D22636F6E12
:10F1F8006669672D696E7075742220747970653D33
:10F20800226E756D626572222069643D22746F7288
:10F218007175655F6C696D69742220737465703DE2
:10F2280022302E3122206D696E3D223022206D6100
:10F23800783D223330223E3C2F6469763E3C646937
:10F248007620636C6173733D22636F6E6669672D08
:10F258006974656D223E3C6C6162656C20636C610B
:10F2680073733D22636F6E6669672D6C6162656CAE
:10F27800223E536D6F6F7468696E672028CEB5297A
:10F288003C2F6C6162656C3E3C696E7075742063DE
:10F298006C6173733D22636F6E6669672D696E706A
:10F2A80075742220747970653D226E756D62657281
:10F2B800222069643D22736D6F6F7468696E6722DE
:10F2C80020737465703D22302E3030303122206D2D
:10F2D800696E3D2230223E3C2F6469763E3C2F64A5
:10F2E80069763E3C627574746F6E206F6E636C69EC
:10F2F800636B3D2273617665436F6E666967282983
:10F30800223E4170706C7920436F6E666967757232
:10F318006174696F6E3C2F627574746F6E3E3C2F1A
:10F328006469763E3C64697620636C6173733D2240
:10F33800636F6E66696722207374796C653D226D10
:10F34800617267696E2D746F703A323070783B6203
:10F358006F726465722D746F703A31707820736FB4
:10F368006C696420236430643064303B7061646489
:10F37800696E672D746F703A31367078223E3C683A
:10F3880032207374796C653D22666F6E742D7369D3
:10F398007A653A313470783B6D617267696E2D62B7
:10F3A8006F74746F6D3A31327078223E4D616E61C0
:10F3B800676520507265736574733C2F68323E3CF4
:10F3C800646976207374796C653D226D6172676932
:10F3D8006E2D626F74746F6D3A31327078223E3CD4
:10F3E8006C6162656C20636C6173733D22636F6E40
:10F3F8006669672D6C6162656C223E53656C656356
:10F40800742050726573657420746F204564697444
:10F418003C2F6C6162656C3E3C73656C656374205F
:10F42800636C6173733D22636F6E6669672D696EE5
:10F43800707574222069643D227072657365745317
:10F44800656C65637422206F6E6368616E67653DE5
:10F45800226C6F6164507265736574282922207369
:10F4680074796C653D226D61782D77696474683AAA
:10F478003230307078223E3C2F73656C6563743E81
:10F488003C2F6469763E3C64697620636C617373D3
:10F498003D22636F6E6669672D67726964223E3C20
:10F4A80064697620636C6173733D22636F6E66696D
:10F4B800672D6974656D223E3C6C6162656C2063E2
:10F4C8006C6173733D22636F6E6669672D6C616250
:10F4D800656C223E4E616D653C2F6C6162656C3EC9
:10F4E8003C696E70757420636C6173733D22636F41
:10F4F8006E6669672D696E707574222074797065FF
:10F508003D2274657874222069643D22706E616DB5
:10F518006522206D61786C656E6774683D223135AF
:10F52800223E3C2F6469763E3C64697620636C61B8
:10F5380073733D22636F6E6669672D6974656D220A
:10F548003E3C6C6162656C20636C6173733D226341
:10F558006F6E6669672D6C6162656C223E566973D1
:10F56800636F757320284E6DC2B7732F726164295B
:10F578003C2F6C6162656C3E3C696E7075742063EB
:10F588006C6173733D22636F6E6669672D696E7077
:10F5980075742220747970653D226E756D6265728E
:10F5A800222069643D2270766973636F7573222027
:10F5B800737465703D22302E3031223E3C2F6469D1
:10F5C800763E3C64697620636C6173733D22636F99
:10F5D8006E6669672D6974656D223E3C6C61626573
:10F5E8006C20636C6173733D22636F6E6669672D6F
:10F5F8006C6162656C223E436F756C6F6D6220288A
:10F608004E6D293C2F6C6162656C3E3C696E70756D
:10F618007420636C6173733D22636F6E6669672D36
:10F62800696E7075742220747970653D226E756DEF
:10F63800626572222069643D2270636F756C6F6D1C
:10F64800622220737465703D22302E3031223E3C98
:10F658002F6469763E3C64697620636C6173733D00
:10F6680022636F6E6669672D6974656D223E3C6C16
:10F678006162656C20636C6173733D22636F6E66B3
:10F6880069672D6C6162656C223E57616C6C205312
:10F698007469666620284E6D2F7475726E293C2F2A
:10F6A8006C6162656C3E3C696E70757420636C6158
:10F6B80073733D22636F6E6669672D696E7075742A
:10F6C8002220747970653D226E756D626572222004
:10F6D80069643D227073746966666E65737322206F
:10F6E800737465703D22302E31223E3C2F6469765A
:10F6F8003E3C64697620636C6173733D22636F6E70
:10F708006669672D6974656D223E3C6C6162656C43
:10F7180020636C6173733D22636F6E6669672D6C3D
:10F728006162656C223E57616C6C2044616D70208B
:10F73800284E6DC2B7732F7475726E293C2F6C6199
:10F7480062656C3E3C696E70757420636C6173739E
:10F758003D22636F6E6669672D696E70757422202D
:10F76800747970653D226E756D62657222206964D8
:10F778003D227064616D70696E67222073746570D4
:10F788003D22302E3031223E3C2F6469763E3C6467
:10F79800697620636C6173733D22636F6E66696777
:10F7A8002D6974656D223E3C6C6162656C20636CEA
:10F7B8006173733D22636F6E6669672D6C61626564
:10F7C8006C223E54726176656C2028646567293C1A
:10F7D8002F6C6162656C3E3C696E70757420636C59
:10F7E8006173733D22636F6E6669672D696E70750C
:10F7F800742220747970653D226E756D626572227F
:10F808002069643D227074726176656C222073747D
:10F8180065703D223122206D696E3D223122206DB6
:10F8280061783D22333630223E3C2F6469763E3C77
:10F8380064697620636C6173733D22636F6E6669D9
:10F84800672D6974656D223E3C6C6162656C20634E
:10F858006C6173733D22636F6E6669672D6C6162BC
:10F86800656C223E546F72717565204C696D6974C0
:10F8780020284E6D293C2F6C6162656C3E3C696E98
:10F8880070757420636C6173733D22636F6E666973
:10F89800672D696E7075742220747970653D226ECB
:10F8A800756D626572222069643D2270746F727191
:10F8B80075652220737465703D22302E3122206DCB
:10F8C800696E3D223022206D61783D223330223E20
:10F8D8003C2F6469763E3C64697620636C6173737F
:10F8E8003D22636F6E6669672D6974656D223E3CC3
:10F8F8006C6162656C20636C6173733D22636F6E2B
:10F908006669672D6C6162656C223E536D6F6F741A
:10F9180068696E672028CEB5293C2F6C6162656CDA
:10F928003E3C696E70757420636C6173733D22632D
:10F938006F6E6669672D696E7075742220747970B0
:10F94800653D226E756D626572222069643D227084
:10F95800736D6F6F7468696E672220737465703D8C
:10F9680022302E3030303122206D696E3D22302217
:10F978003E3C2F6469763E3C2F6469763E3C646960
:10F9880076207374796C653D226D617267696E2D9E
:10F99800746F703A31327078223E3C627574746FBD
:10F9A8006E206F6E636C69636B3D22736176655080
:10F9B80072657365742829223E53617665205072FA
:10F9C80065736574204368616E6765733C2F627563
:10F9D80074746F6E3E3C627574746F6E206F6E63E4
:10F9E8006C69636B3D227361766543757272656EEF
:10F9F8007441735072657365742829222073747971
:10FA08006C653D226D617267696E2D6C6566743A2E
:10FA1800387078223E536176652043757272656E40
:10FA28007420436F6E66696720746F205072657327
:10FA380065743C2F627574746F6E3E3C2F646976F2
:10FA48003E3C2F6469763E3C2F6469763E3C736386
:10FA5800726970743E6C657420703D5B5D3B636FCA
:10FA68006E7374206E3D5B27507265736574203029
:10FA7800272C275072657365742031272C27507204
:10FA8800657365742032272C27507265736574205E
:10FA980033275D3B636F6E737420763D5B646F63E1
:10FAA800756D656E742E676574456C656D656E74ED
:10FAB800427949642827706F7327292C646F63750E
:10FAC8006D656E742E676574456C656D656E744200
:10FAD800794964282776656C27292C646F63756DCE
:10FAE800656E742E676574456C656D656E744279D4
:10FAF80049642827746F7227295D3B636F6E73749E
:10FB080020733D5B646F63756D656E742E676574F5
:10FB1800456C656D656E7442794964282773702752
:10FB2800292C646F63756D656E742E676574456CFA
:10FB3800656D656E74427949642827737627292C88
:10FB4800646F63756D656E742E676574456C656D5D
:10FB5800656E74427949642827737427295D3B636D
:10FB68006F6E737420643D5B5B5D2C5B5D2C5B5D2D
:10FB78005D3B636F6E7374206D3D36303B66756E0A
:10FB88006374696F6E2064726177537061726B2859
:10FB9800632C61297B636F6E737420773D632E77C6
:10FBA800696474683D632E6F66667365745769642B
:10FBB80074682A322C683D632E6865696768743DED
:10FBC800632E6F66667365744865696768742A3260
:10FBD8002C783D632E676574436F6E74657874285E
:10FBE80027326427293B782E636C656172526563FE
:10FBF8007428302C302C772C68293B696628612EB4
:10FC08006C656E6774683C322972657475726E3BF8
:10FC1800636F6E737420693D4D6174682E6D696EF3
:10FC2800282E2E2E61292C6F3D4D6174682E6D6132
:10FC380078282E2E2E61292C723D286F2D69297C5B
:10FC48007C313B782E7374726F6B655374796C6575
:10FC58003D2723303030273B782E6C696E65576915
:10FC68006474683D323B782E626567696E506174D2
:10FC78006828293B612E666F72456163682828658C
:10FC88002C74293D3E7B636F6E73742070783D2819
:10FC9800742F28612E6C656E6774682D3129292AA6
:10FCA800772C70793D682D2828652D69292F7229B0
:10FCB8002A683B303D3D3D743F782E6D6F76655424
:10FCC8006F2870782C7079293A782E6C696E655493
:10FCD8006F2870782C7079297D293B782E7374727F
:10FCE8006F6B6528293B782E66696C6C5374796C48
:10FCF800653D2723393939273B782E666F6E743D69
:10FD08002731317078206D6F6E6F7370616365276E
:10FD18003B782E66696C6C5465787428692E746F0C
:10FD280046697865642831292C322C682D32293BA4
:10FD3800782E66696C6C54657874286F2E746F46DB
:10FD4800697865642831292C322C3132297D667511
:10FD58006E6374696F6E2075706461746528297BA1
:10FD6800666574636828272F6170692F76312F7351
:10FD78007461747573272C7B686561646572733A66
:10FD88007B27582D4150492D4B6579273A277374A5
:10FD98006576652D76616C76652D32303235277D36
:10FDA8007D292E7468656E28723D3E722E6A736FC7
:10FDB8006E2829292E7468656E286A3D3E7B5B6A29
:10FDC8002E706F735F6465672C6A2E76656C5F7240
:10FDD80061645F732C6A2E746F727175655F6E6DE6
:10FDE8005D2E666F72456163682828652C74293D0D
:10FDF8003E7B765B745D2E74657874436F6E7465B4
:10FE08006E743D652E746F46697865642832293BA7
:10FE1800645B745D2E707573682865293B645B7438
:10FE28005D2E6C656E6774683E6D2626645B745D36
:10FE38002E736869667428293B6472617753706110
:10FE4800726B28735B745D2C645B745D297D297DFE
:10FE5800292E63617463682828293D3E7B7D297DAE
:10FE680066756E6374696F6E206374726C2861299D
:10FE78007B666574636828272F6170692F76312F38
:10FE8800636F6E74726F6C272C7B6D6574686F641A
:10FE98003A27504F5354272C686561646572733A4A
:10FEA8007B27436F6E74656E742D54797065273A9D
:10FEB800276170706C69636174696F6E2F6A736F04
:10FEC8006E272C27582D4150492D4B6579273A2705
:10FED80073746576652D76616C76652D32303235B2
:10FEE800277D2C626F64793A4A534F4E2E73747291
:10FEF800696E67696679287B616374696F6E3A61B8
:10FF08007D297D297D66756E6374696F6E207361C6
:10FF18007665436F6E66696728297B636F6E7374B5
:10FF28002062746E3D6576656E742E7461726765C5
:10FF3800743B62746E2E64697361626C65643D74AF
:10FF48007275653B62746E2E74657874436F6E7457
:10FF5800656E743D274170706C79696E672E2E2E20
:10FF6800273B636F6E737420633D7B766973636FA1
:10FF780075733A7061727365466C6F617428646F4B
:10FF880063756D656E742E676574456C656D656E19
:10FF980074427949642827766973636F75732729D2
:10FFA8002E76616C7565292C636F756C6F6D623A7E
:10FFB8007061727365466C6F617428646F63756DE8
:10FFC800656E742E676574456C656D656E744279EF
:10FFD80049642827636F756C6F6D6227292E7661D7
:10FFE8006C7565292C77616C6C5F73746966666ED5
:08FFF8006573733A70617273C6
:020000040802F0
:1000000065466C6F617428646F63756D656E742EE0
:10001000676574456C656D656E744279496428271F
:1000200073746966666E65737327292E76616C75C5
:1000300065292C77616C6C5F64616D70696E673ADD
:100040007061727365466C6F617428646F63756D5F
:10005000656E742E676574456C656D656E74427966
:100060004964282764616D70696E6727292E76615F
:100070006C7565292C74726176656C3A7061727367
:1000800065466C6F617428646F63756D656E742E60
:10009000676574456C656D656E744279496428279F
:1000A00074726176656C27292E76616C7565292CD2
:1000B000746F727175655F6C696D69743A706172A5
:1000C0007365466C6F617428646F63756D656E74DB
:1000D0002E676574456C656D656E74427949642858
:1000E00027746F727175655F6C696D697427292E4D
:1000F00076616C7565292C736D6F6F7468696E67B6
:100100003A7061727365466C6F617428646F6375D1
:100110006D656E742E676574456C656D656E7442B1
:100120007949642827736D6F6F7468696E67272932
:100130002E76616C7565297D3B666574636828273A
:100140002F6170692F76312F636F6E666967272C78
:100150007B6D6574686F643A27504F5354272C6841
:100160006561646572733A7B27436F6E74656E7464
:100170002D54797065273A276170706C69636174DA
:10018000696F6E2F6A736F6E272C27582D41504967
:100190002D4B6579273A2773746576652D76616CEA
:1001A00076652D32303235277D2C626F64793A4A7C
:1001B000534F4E2E737472696E676966792863298E
:1001C0007D292E7468656E28723D3E722E6A736FAB
:1001D0006E2829292E7468656E286A3D3E7B636F00
:1001E0006E736F6C652E6C6F672827436F6E666940
:1001F00067206170706C6965643A272C6A293B62DC
:10020000746E2E74657874436F6E74656E743D27DA
:100210004170706C69656421273B73657454696D26
:10022000656F75742828293D3E7B62746E2E646963
:100230007361626C65643D66616C73653B62746E8C
:100240002E74657874436F6E74656E743D274170CB
:10025000706C7920436F6E66696775726174696F3F
:100260006E277D2C383030297D292E6361746368B8
:1002700028653D3E7B636F6E736F6C652E65727291
:100280006F722827436F6E666967206572726F729E
:100290003A272C65293B62746E2E74657874436F1F
:1002A0006E74656E743D274572726F72273B73657D
:1002B0007454696D656F75742828293D3E7B62749E
:1002C0006E2E64697361626C65643D66616C736512
:1002D0003B62746E2E74657874436F6E74656E74D1
:1002E0003D274170706C7920436F6E666967757247
:1002F0006174696F6E277D2C31353030297D297D01
:1003000066756E6374696F6E206C6F6164507265A0
:100310007365747328297B666574636828272F6169
:1003200070692F76312F70726573657473272C7B1B
:10033000686561646572733A7B27582D4150492D79
:100340004B6579273A2773746576652D76616C76EF
:10035000652D32303235277D7D292E7468656E28F3
:10036000723D3E722E6A736F6E2829292E7468655D
:100370006E286A3D3E7B703D6A3B636F6E737420EE
:10038000653D646F63756D656E742E676574456C4D
:10039000656D656E7442794964282770726573656E
:1003A0007453656C65637427292C743D646F6375A1
:1003B0006D656E742E676574456C656D656E74420F
:1003C00079496428277072657365744C6F6164277E
:1003D000293B652E696E6E657248544D4C3D27274A
:1003E0003B742E696E6E657248544D4C3D27273B19
:1003F000702E666F72456163682828707265736538
:10040000742C61293D3E7B636F6E7374206C3D6478
:100410006F63756D656E742E637265617465456C8E
:10042000656D656E7428276F7074696F6E27293B40
:100430006C2E76616C75653D613B6C2E74657874CD
:10044000436F6E74656E743D6050726573657420A1
:10045000247B617D2028247B7072657365742E6E09
:10046000616D657D29603B652E617070656E6443CA
:1004700068696C64286C293B742E617070656E64C9
:100480004368696C64286C2E636C6F6E654E6F6494
:100490006528213029297D293B6C6F616450726584
:1004A00073657428297D297D66756E6374696F6E26
:1004B000206C6F616450726573657428297B636F6B
:1004C0006E737420653D7061727365496E74286443
:1004D0006F63756D656E742E676574456C656D65CB
:1004E0006E74427949642827707265736574536528
:1004F0006C65637427292E76616C7565293B705B8A
:10050000655D262628646F63756D656E742E67655C
:1005100074456C656D656E74427949642827706E08
:10052000616D6527292E76616C75653D705B655D33
:100530002E6E616D652C646F63756D656E742E67CC
:100540006574456C656D656E7442794964282770E1
:10055000766973636F757327292E76616C75653DB7
:10056000705B655D2E766973636F75732C646F6362
:10057000756D656E742E676574456C656D656E741A
:1005800042794964282770636F756C6F6D62272903
:100590002E76616C75653D705B655D2E636F756C65
:1005A0006F6D622C646F63756D656E742E67657414
:1005B000456C656D656E7442794964282770737463
:1005C0006966666E65737327292E76616C75653D65
:1005D000705B655D2E77616C6C5F73746966666EC7
:1005E0006573732C646F63756D656E742E676574C7
:1005F000456C656D656E7442794964282770646145
:100600006D70696E6727292E76616C75653D705B2C
:10061000655D2E77616C6C5F64616D70696E672CCF
:10062000646F63756D656E742E676574456C656D7A
:10063000656E744279496428277074726176656CBE
:1006400027292E76616C75653D705B655D2E747231
:100650006176656C2C646F63756D656E742E67656D
:1006600074456C656D656E744279496428277074B1
:100670006F7271756527292E76616C75653D705BAB
:10068000655D2E746F727175655F6C696D69742C30
:10069000646F63756D656E742E676574456C656D0A
:1006A000656E7442794964282770736D6F6F746842
:1006B000696E6727292E76616C75653D705B655D97
:1006C0002E736D6F6F7468696E67297D66756E63D2
:1006D00074696F6E206C6F6164416E644170706C00
:1006E0007950726573657428297B636F6E7374200B
:1006F000653D7061727365496E7428646F63756DD2
:10070000656E742E676574456C656D656E744279AF
:10071000496428277072657365744C6F616427297A
:100720002E76616C7565293B666574636828272F92
:100730006170692F76312F636F6E74726F6C272C26
:100740007B6D6574686F643A27504F5354272C684B
:100750006561646572733A7B27436F6E74656E746E
:100760002D54797065273A276170706C69636174E4
:10077000696F6E2F6A736F6E272C27582D41504971
:100780002D4B6579273A2773746576652D76616CF4
:1007900076652D32303235277D2C626F64793A4A86
:1007A000534F4E2E737472696E67696679287B7039
:1007B00072657365743A657D297D297D66756E6302
:1007C00074696F6E206C6F616450726573657449F3
:1007D0006E746F4669656C647328297B636F6E73F2
:1007E0007420653D7061727365496E7428646F632F
:1007F000756D656E742E676574456C656D656E7498
:100800004279496428277072657365744C6F61641E
:1008100027292E76616C7565293B705B655D262600
:1008200028646F63756D656E742E676574456C65BD
:100830006D656E74427949642827766973636F75B4
:100840007327292E76616C75653D705B655D2E762C
:100850006973636F75732C646F63756D656E742E49
:10086000676574456C656D656E74427949642827C7
:10087000636F756C6F6D6227292E76616C75653DAF
:10088000705B655D2E636F756C6F6D622C646F635A
:10089000756D656E742E676574456C656D656E74F7
:1008A00042794964282773746966666E6573732795
:1008B000292E76616C75653D705B655D2E77616C88
:1008C0006C5F73746966666E6573732C646F6375B1
:1008D0006D656E742E676574456C656D656E7442EA
:1008E000794964282764616D70696E6727292E76BF
:1008F000616C75653D705B655D2E77616C6C5F64E6
:10090000616D70696E672C646F63756D656E742EB2
:10091000676574456C656D656E7442794964282716
:1009200074726176656C27292E76616C75653D70F1
:100930005B655D2E74726176656C2C646F63756D9A
:10094000656E742E676574456C656D656E7442796D
:1009500049642827746F727175655F6C696D69747D
:1009600027292E76616C75653D705B655D2E746F11
:10097000727175655F6C696D69742C646F63756DF8
:10098000656E742E676574456C656D656E7442792D
:1009900049642827736D6F6F7468696E6727292E05
:1009A00076616C75653D705B655D2E736D6F6F7400
:1009B00068696E67297D66756E6374696F6E2073F2
:1009C00061766550726573657428297B636F6E73F9
:1009D0007420653D7061727365496E7428646F633D
:1009E000756D656E742E676574456C656D656E74A6
:1009F00042794964282770726573657453656C6524
:100A0000637427292E76616C7565292C743D7B698A
:100A10006E6465783A652C6E616D653A646F6375D6
:100A20006D656E742E676574456C656D656E744298
:100A30007949642827706E616D6527292E76616C6F
:100A400075652C766973636F75733A70617273653F
:100A5000466C6F617428646F63756D656E742E6784
:100A60006574456C656D656E7442794964282770BC
:100A7000766973636F757327292E76616C756529A6
:100A80002C636F756C6F6D623A7061727365466C42
:100A90006F617428646F63756D656E742E6765741D
:100AA000456C656D656E7442794964282770636F83
:100AB000756C6F6D6227292E76616C7565292C77B0
:100AC000616C6C5F73746966666E6573733A7061AE
:100AD000727365466C6F617428646F63756D656EC3
:100AE000742E676574456C656D656E7442794964F2
:100AF00028277073746966666E65737327292E766E
:100B0000616C7565292C77616C6C5F64616D7069CF
:100B10006E673A7061727365466C6F617428646FBA
:100B200063756D656E742E676574456C656D656E75
:100B3000744279496428277064616D70696E672713
:100B4000292E76616C7565292C74726176656C3A14
:100B50007061727365466C6F617428646F63756D44
:100B6000656E742E676574456C656D656E7442794B
:100B7000496428277074726176656C27292E766126
:100B80006C7565292C746F727175655F6C696D6920
:100B9000743A7061727365466C6F617428646F6338
:100BA000756D656E742E676574456C656D656E74E4
:100BB00042794964282770746F7271756527292EF0
:100BC00076616C7565292C736D6F6F7468696E67DB
:100BD0003A7061727365466C6F617428646F6375F7
:100BE0006D656E742E676574456C656D656E7442D7
:100BF000794964282770736D6F6F7468696E672711
:100C0000292E76616C7565297D3B6665746368285D
:100C1000272F6170692F76312F7072657365747339
:100C2000272C7B6D6574686F643A27504F535427A7
:100C30002C686561646572733A7B27436F6E7465D7
:100C40006E742D54797065273A276170706C6963F2
:100C50006174696F6E2F6A736F6E272C27582D4150
:100C600050492D4B6579273A2773746576652D7643
:100C7000616C76652D32303235277D2C626F647958
:100C80003A4A534F4E2E737472696E6769667928BB
:100C900074297D292E7468656E2828293D3E6C6F65
:100CA0006164507265736574732829297D66756E59
:100CB0006374696F6E207361766543757272656ED9
:100CC00074417350726573657428297B636F6E730A
:100CD0007420653D7061727365496E7428646F633A
:100CE000756D656E742E676574456C656D656E74A3
:100CF00042794964282770726573657453656C6521
:100D0000637427292E76616C7565293B666574636B
:100D10006828272F6170692F76312F70726573658F
:100D20007473272C7B6D6574686F643A27504F533A
:100D300054272C686561646572733A7B27436F6E34
:100D400074656E742D54797065273A276170706CE4
:100D500069636174696F6E2F6A736F6E272C2758F1
:100D60002D4150492D4B6579273A27737465766577
:100D70002D76616C76652D32303235277D2C626F91
:100D800064793A4A534F4E2E737472696E6769667E
:100D900079287B696E6465783A652C736176655F46
:100DA00063757272656E743A21307D297D292E74C7
:100DB00068656E2828293D3E6C6F616450726573CA
:100DC0006574732829297D66756E6374696F6E205A
:100DD0006C6F616443757272656E74436F6E6669A1
:100DE0006728297B666574636828272F6170692FDF
:100DF00076312F636F6E666967272C7B6865616447
:100E00006572733A7B27582D4150492D4B657927E0
:100E10003A2773746576652D76616C76652D323070
:100E20003235277D7D292E7468656E28723D3E72AD
:100E30002E6A736F6E2829292E7468656E286A3DA4
:100E40003E7B646F63756D656E742E676574456C6B
:100E5000656D656E74427949642827766973636F9E
:100E6000757327292E76616C75653D6A2E766973D8
:100E7000636F75733B646F63756D656E742E676524
:100E800074456C656D656E74427949642827636F9B
:100E9000756C6F6D6227292E76616C75653D6A2EC3
:100EA000636F756C6F6D623B646F63756D656E74B7
:100EB0002E676574456C656D656E7442794964286A
:100EC0002773746966666E65737327292E76616C65
:100ED00075653D6A2E77616C6C5F73746966666ECA
:100EE0006573733B646F63756D656E742E676574AF
:100EF000456C656D656E7442794964282764616D3F
:100F000070696E6727292E76616C75653D6A2E774C
:100F1000616C6C5F64616D70696E673B646F637573
:100F20006D656E742E676574456C656D656E744293
:100F3000794964282774726176656C27292E766159
:100F40006C75653D286A2E6F70656E5F706F732DCE
:100F50006A2E636C6F7365645F706F73292E746F94
:100F600046697865642831293B646F63756D656EE9
:100F7000742E676574456C656D656E74427949645D
:100F80002827746F727175655F6C696D69742729A4
:100F90002E76616C75653D6A2E746F727175655F32
:100FA0006C696D69743B646F63756D656E742E67F3
:100FB0006574456C656D656E744279496428277364
:100FC0006D6F6F7468696E6727292E76616C756521
:100FD0003D6A2E736D6F6F7468696E677D297D77CA
:100FE000696E646F772E6F6E6C6F61643D28293D6A
:100FF0003E7B6C6F61645072657365747328293B26
:101000006C6F616443757272656E74436F6E66696E
:101010006728293B736574496E74657276616C2824
:101020007570646174652C313030297D3C2F736399
:10103000726970743E3C2F626F64793E3C2F687415
:101040006D6C3E00C8000000F4010000F4010000D7
:10105000990100009001000090010000F7010000DC
:1010600040B2010814C201080C9E010838B2010800
:101070008CB8010874B5010824C201082CC201080B
:1010800034C2010848C2010864C2010874C20108E0
:1010900084C2010894C20108A0C20108B0C20108BC
:1010A0000020000000000000002000000000000000
:1010B00000400000004000000000000000000000B0
:1010C00020040C00C0000030A40A002060110208B7
:1010D00054110208481102083C110208301102089C
:1010E00024110208181102080C110208001102084C
:1010F000F410020810061000D00A0020CC0A0020CC
:1011000010001000D86B0020D46B002010000300EA
:10111000E06C0020DC6C002018000F00186D00202F
:10112000146D002020000500886E0020846E0020D1
:1011300010002800306F00202C6F00201C000800D9
:10114000B8710020B47100209C001400A07200202F
:101150009C72002020000400D87E0020D47E002055
:101160001C000400607F00205C7F0020F07F0020D6
:10117000F47F0020EC7F0020E87F002003060C189D
:101180003060780001020304050607070707070718
:1011900007000000FA00000029220108E80300000F
:1011A000A5670108E8030000C55801080000000019
:1011B00000000000FFFFFFFFFFFF00000000000035
:0811C0008017FE7F0100000012
:0411C80029030008EF
:0411CC000103000813
:1011D0000400002000000000140200207C02002017
:1011E000E4020020000000000000000000000000F9
:1011F00000000000000000000000000000000000EF
:1012000000000000000000000000000000000000DE
:1012100000000000000000000000000000000000CE
:10122000430000000000000000000000000000007B
:1012300000000000000000000000000000000000AE
:10124000430000000000000000000000000000005B
:10125000000000000000000000000000000000008E
:10126000430000000000000000000000000000003B
:10127000000000000000000000000000000000006E
:10128000430000000000000000000000000000001B
:10129000000000000000000000000000000000004E
:1012A00043000000000000000000000000000000FB
:1012B000000000000000000000000000000000002E
:1012C00043000000000000000000000000000000DB
:1012D000000000000000000000000000000000000E
:1012E00043000000000000000000000000000000BB
:1012F00000000000000000000000000000000000EE
:10130000AD4300080D69000800000000A88A01082C
:1013100074DF010804A5010804A5010804A501085B
:1013200004A5010804A5010804A5010804A50108F5
:1013300004A5010804A50108FFFFFFFFFFFFFFFF51
:10134000FFFFFFFFFFFF0000010041534349490039
:10135000000000000000000000000000000000008D
:101360000000000000000000000041534349490014
:10137000000000000000000000000000000000006D
:10138000000000000000000000000000000000005D
:1013900003000000140200200090D0030090D0034E
:1013A0006400000035F7000895F6000865F70008AE
:1013B00045F7000885F700086E19000000C000C05E
:04000005080188E97D
:00000001FF
